2011-02-15T16:11:12Z,,2011-02-16T16:29:03Z,0,1,,0,1
2011-02-18T22:14:03Z,,2011-02-20T00:21:15Z,3,3,"VXBkYXRlIHRpa2EgdG8gdGhlIG5ldyByZWxlYXNlLgo=
",1,2
2011-02-18T23:09:49Z,,2011-02-19T22:46:38Z,5,3,"SnVzdCBhIG1pbm9yIG5pdCBhcyBJIHdhcyBnb2luZyB0aHJvdWdoIHRoZSBjb2RlLi4uCg==
",1,2
2011-02-22T12:25:08Z,,2011-02-23T02:06:51Z,3,15,"QWRkIHN1cHBvcnQgZm9yIGBleGNoYW5nZV9kdXJhYmxlYCAoZGVmYXVsdCBgdHJ1ZWApLCBgcXVl
dWVfZHVyYWJsZWAgKGRlZmF1bHQgYHRydWVgKSwgYW5kIGBxdWV1ZV9hdXRvX2RlbGV0ZWAgKGRl
ZmF1bHQgYGZhbHNlYCkK
",1,2
2011-03-08T15:19:04Z,,2011-03-09T16:12:55Z,1,29,"QWRkZWQgb2F1dGggc3VwcG9ydCBmb3IgdHdpdHRlciByaXZlciBwbHVnaW4uCgpUaGUgZm9sbG93
aW5nIGNvbmZpZ3VyYXRpb24gc2hvdWxkIGJlIHNldDoKCmBgYApjdXJsIC1YUFVUIGxvY2FsaG9z
dDo5MjAwL19yaXZlci9teV90d2l0dGVyX3JpdmVyL19tZXRhIC1kICd7CiAgICAidHlwZSIgOiAi
dHdpdHRlciIsCiAgICAidHdpdHRlciIgOiB7CiAgICAgICAgIm9hdXRoIiA6IHsKICAgICAgICAg
ICAgImNvbnN1bWVyX2tleSIgOiAiLi4uIiwKICAgICAgICAgICAgImNvbnN1bWVyX3NlY3JldCI6
ICIuLi4iLAogICAgICAgICAgICAiYWNjZXNzX3Rva2VuIiA6ICIuLi4iLAogICAgICAgICAgICAi
YWNjZXNzX3Rva2VuX3NlY3JldCIgOiAiLi4uIgogICAgICAgIH0KICAgIH0sCiAgICAiaW5kZXgi
IDogewogICAgICAgICJpbmRleCIgOiAibXlfdHdpdHRlcl9yaXZlciIsCiAgICAgICAgInR5cGUi
IDogInN0YXR1cyIsCiAgICAgICAgImJ1bGtfc2l6ZSIgOiAxMDAKICAgIH0KfScKYGBgCg==
",1,2
2011-03-19T01:30:28Z,,2011-04-22T07:39:28Z,15,14,"SnVzdCBhIGZldyBtaW5vciBpbXByb3ZlbWVudHMuCg==
",4,2
2011-03-19T09:49:01Z,,2011-03-20T01:00:04Z,0,2,"VGhpcyBpcyBhIHN1Z2dlc3RlZCBmaXggZm9yIGVsYXN0aWNzZWFyY2gvZWxhc3RpY3NlYXJjaCM3
OTUK
",4,2
2011-04-15T03:29:51Z,,2011-04-15T22:20:52Z,1,20,"SSB3b3VsZCBsaWtlIHRvIGJlIGFibGUgdG8gbG9hZCBzaGFyZWQgc2V0dGluZ3MgZnJvbSBhIGNl
bnRyYWxpemVkIHNvdXJjZSAoWm9vS2VlcGVyIGluIG15IGNhc2UpIHVzaW5nIGEgcGx1Zy1pbi4g
SXQgbG9va3MgbGlrZSB1cGRhdGVkU2V0dGluZ3MgbWV0aG9kIG9mIFBsdWdpbnNTZXJ2aWNlIHdh
cyBtZWFudCB0byBhbGxvdyB0aGF0LCBidXQgaXQgd2Fzbid0IGNvbXBsZXRlbHkgaW1wbGVtZW50
ZWQgZm9yIHNvbWUgcmVhc29uLiBXb3VsZCB0aGlzIGltcGxlbWVudGF0aW9uIGJlIE9LPwoKVGhh
bmsgeW91LAoKSWdvcgo=
",2,2
2011-04-21T07:53:09Z,,2011-04-21T12:53:02Z,1,5,"SGksCgpJJ3ZlIGZpeGVkIHNvbWUgdHlwbyBhbmQgVVJMIGluIFJlYWRtZSwKCmthcm1pCg==
",1,2
2011-04-21T16:05:18Z,,2011-04-21T18:58:50Z,7,2,"SSByYW4gaW50byBhbiBpc3N1ZSB3aXRoIGEgZGlzY292ZXJ5IG1vZHVsZSB0aGF0IGhhcyBhIGNh
bWVsQ2FzZWQgbmFtZS4gVGhlIG1vZHVsZSdzIG5hbWUgaXMgb3JnLmVsYXN0aWNzZWFyY2guZGlz
Y292ZXJ5Lnpvb2tlZXBlci5ab29LZWVwZXJEaXNjb3ZlcnlNb2R1bGUgYW5kIEkgYW0gdHJ5aW5n
IHRvIGxvYWQgaXQgdXNpbmcgInpvby1rZWVwZXIiIGFzIGEgZGlzY292ZXJ5IHR5cGUuIFVuZm9y
dHVuYXRlbHksIEltbXV0YWJsZVNldHRpbmdzLmdldEFzQ2xhc3MgZmlyc3QgdHJpZXMgdG8gbG9h
ZCBvcmcuZWxhc3RpY3NlYXJjaC5kaXNjb3Zlcnkuem9vS2VlcGVyLlpvb0tlZXBlckRpc2NvdmVy
eU1vZHVsZSBhbmQgb24gTWFjIE9TIFggaXQgZmFpbHMgd2l0aCBOb0NsYXNzRGVmRm91bmRFcnJv
ciBpbnN0ZWFkIG9mIENsYXNzTm90Rm91bmRFeGNlcHRpb24sIHNvIHRoZSBjbGFzcyB3aXRoIGNv
cnJlY3QgcGFja2FnZSBuYW1lIGlzIG5ldmVyIGxvYWRlZC4gU2luY2UgdXNpbmcgY2FtZWxDYXNl
IGZvciBwYWNrYWdlIG5hbWVzIGlzIHNvbWV3aGF0IHVudXN1YWwsIHdvdWxkbid0IGl0IG1ha2Ug
c2Vuc2UgdG8gbm90IGF0dGVtcHQgdG8gbG9hZCBhIGNsYXNzIHdpdGggc3VjaCBuYW1lPyAK
",3,2
2011-04-26T13:49:29Z,2011-04-26T14:16:01Z,2011-04-26T14:16:01Z,1,1,"RmlzdCAtPiBGaXJzdAo=
",1,2
2011-04-27T19:32:17Z,,2011-05-24T23:20:20Z,15,664,"Rml4IHBvc3NpYmxlIHR5cG9zLiBJZiBpbnRlbnRpb25hbCwgcGxlYXNlIGlnbm9yZS4K
",2,2
2011-05-03T01:14:41Z,,2011-05-03T13:45:27Z,0,24,"QWRkaW5nIHN1cHBvcnQgZm9yIGFjY2Vzc2luZyBFQzIgYW5kIFMzIG92ZXIgYW4gaHR0cCBwcm94
eS4gVGhpcyBpcyBjb25maWd1cmVkIHVzaW5nIHRoZSBgbmV0d29yay5wcm94eUhvc3RgIGFuZCBg
bmV0d29yay5wcm94eVBvcnRgIHNldHRpbmdzLgo=
",1,2
2011-05-03T21:12:35Z,,2011-05-04T06:54:21Z,8,1,"VGhlIHNlY29uZCBtYXAgZG9lc24ndCBzZWVtIHRvIGJlIG5lY2Vzc2FyeS4gCg==
",1,2
2011-05-11T21:09:51Z,,2011-05-11T21:44:07Z,1,2,"SWYgeW91IGNyZWF0ZSB0d28gYWxpYXNlcyBwb2ludGluZyB0byB0aGUgc2FtZSBpbmRleCBhbmQg
dGhlbiBleGVjdXRlIF9jb3VudCBvbiBib3RoIGFsaWFzZXMsIHRoZSBjb3VudCBpcyBkb3VibGVk
LiBTZWFyY2gsIGhvd2V2ZXIsIHJlbW92ZXMgZHVwbGljYXRlcyAoYXQgbGVhc3QgaWYgYSBzbWFs
bCBudW1iZXIgb2YgcmVjb3JkcyBpcyByZXR1cm5lZCkuIFNlZSBodHRwczovL2dpc3QuZ2l0aHVi
LmNvbS85NjczNDIgZm9yIGEgZGVtbyBzY3JpcHQuIEkgYW0gbm90IGVudGlyZWx5IHN1cmUgaWYg
dGhpcyBpcyBhIGJ1ZyBvZiBhIGZlYXR1cmUuIElmIHRoaXMgaXMgYSBidWcsIGhlcmUgaXMgYSBz
bWFsbCBmaXguIAo=
",2,2
2011-05-16T13:58:29Z,,2011-05-16T15:10:37Z,1,51,"V2hlbiB5b3UgcmVnaXN0ZXIgbXVsdGlwbGUgcGVyY29sYXRvcnMsIHlvdSBjYW4gZ2V0IGZhbHNl
IG1hdGNoZXMgaWYgYXQgbGVhc3Qgb25lIHBlcmNvbGF0b3IgbWF0Y2hlcyB0aGUgcXVlcnkuIEl0
J3MgY2F1c2VkIGJ5IG5vdCByZXNldGluZyBMdWNlbmUuRXhpc3RzQ29sbGVjdG9yIGFmdGVyIHRo
ZSBtYXRjaC4K
",2,2
2011-05-17T05:11:48Z,,2011-05-17T12:59:33Z,104,731,"U2hheSwgSSB0b29rIGEgc2hvdCBhdCBhZGRpbmcgZmlsdGVycyB0byBhbGlhc2VzLiBJIGtub3cg
dGhhdCB5b3Ugd2VyZSBwbGFubmluZyB0byBkbyBpdCBhdCBzb21lIHBvaW50IG9mIHRpbWUsIGJ1
dCBub3Qgc3VyZSBpZiB0aGlzIGlzIHdoYXQgeW91IGhhZCBpbiBtaW5kLiBJZiBpdCdzIG5vdCwg
cGxlYXNlIGxldCBtZSBrbm93LiBGaWx0ZXJpbmcgYWxpYXNlcyBhcmUgaW1wbGVtZW50ZWQgZm9y
IG1vc3Qgb2YgdGhlIG1ldGhvZHMuIEEgY291cGxlIG9mIG1ldGhvZHMgd2hlcmUgSSB3YXNuJ3Qg
c3VyZSB3aGF0IHdvdWxkIGJlIGEgcHJvcGVyIGJlaGF2aW9yIHdpdGggcmVnYXJkIHRvIGZpbHRl
cnMgYXJlIFBlcmNvbGF0b3IgYW5kIERlbGV0ZUluZGV4LiBJbiB0aGUgZmlyc3QgY2FzZSwgaXQg
c2VlbXMgdGhhdCBmaWx0ZXJzIHNob3VsZG4ndCBhZmZlY3QgdGhlIGJlaGF2aW9yIGF0IGFsbC4g
SW4gdGhlIHNlY29uZCBjYXNlLCBwZXJoYXBzLCBpdCBjb3VsZCBiZSBhcHByb3ByaWF0ZSB0byB0
aHJvdyBhbiBFeGNlcHRpb24gaWYgYSBEZWxldGVJbmRleCBpcyBjYWxsZWQgb24gYW4gYWxpYXMg
d2l0aCBhIGZpbHRlciB0byBwcmV2ZW50LiBDb3VsZCB5b3UgdGFrZSBhIGxvb2s/Cg==
",3,2
2011-05-17T18:18:24Z,,2011-05-17T21:14:39Z,21,213,"Tm90IHN1cmUgd2hhdCB0byBkbyB3aXRoIFJlc3RDbHVzdGVyU3RhdGVBY3Rpb24gdG8gbWFrZSBy
ZXNwb25zZSBiYWNrd2FyZCBjb21wYXRpYmxlIGluIHRoZSBmdXR1cmUuCg==
",5,2
2011-05-19T05:07:50Z,,2011-05-19T12:13:58Z,8,307,"QXMgcGVyIG91ciBkaXNjdXNzaW9uLCB0aGlzIGNvbW1pdCBvbmx5IGFkZHMgYW4gYWJpbGl0eSB0
byBzdG9yZSBmaWx0ZXIgc291cmNlLiBUaGUgc3RvcmVkIGZpbHRlcnMgYXJlIG5vdCB5ZXQgdXNl
ZCB0byBmaWx0ZXIgc2VhcmNoIHJlc3VsdHMuCg==
",2,2
2011-05-19T14:01:28Z,,2011-05-19T16:10:28Z,8,378,"VXBkYXRlZCB0aGUgY29kZSBhY2NvcmRpbmcgdG8geW91ciBjb21tZW50cy4K
",1,2
2011-05-19T16:17:40Z,,2011-05-19T17:34:36Z,8,378,"VXBkYXRlZCBhY2NvcmRpbmcgdG8geW91ciBjb21tZW50cyBhbmQgc3F1YXNoZWQgaW50byBhIHNp
bmdsZSBjb21taXQuCgpUaGlzIGNvbW1pdCBvbmx5IGFkZHMgYW4gYWJpbGl0eSB0byBzdG9yZSBm
aWx0ZXIgc291cmNlLiBUaGUgc3RvcmVkIGZpbHRlcnMgYXJlIG5vdCB5ZXQgdXNlZCB0byBmaWx0
ZXIgc2VhcmNoIHJlc3VsdHMuCg==
",1,2
2011-05-19T19:07:12Z,,2011-05-19T21:00:38Z,2,34,"VGhpcyBhZGRzIHRoZSBhYmlsaXR5IHRvIHNwZWNpZnkgYSBsaXN0IG9mIHN0b3B3b3JkIGFydGlj
bGVzIHdpdGggdGhlIHNldHRpbmcgImFydGljbGVzIi4KCjxwcmU+CmluZGV4OgogICAgYW5hbHlz
aXM6CiAgICAgICAgYW5hbHl6ZXI6CiAgICAgICAgICAgIGRlZmF1bHQ6CiAgICAgICAgICAgICAg
ICB0b2tlbml6ZXI6IHN0YW5kYXJkCiAgICAgICAgICAgICAgICBmaWx0ZXI6IFtlbGlzaW9uXQog
ICAgICAgIGZpbHRlcjoKICAgICAgICAgICAgZWxpc2lvbjoKICAgICAgICAgICAgICAgIHR5cGU6
IGVsaXNpb24KICAgICAgICAgICAgICAgIGFydGljbGVzOiBbbCwgbSwgdCwgcXUsIG4sIHMsIGpd
IAo8L3ByZT4KCgpCeSBkZWZhdWx0IHRoZSBzdGFuZGFydCBzdG9wIHdvcmRzIGFyZSB1c2VkLgo=
",1,2
2011-05-22T00:08:02Z,,2011-05-22T01:16:51Z,1,446,"QWRkZWQgSW5kZXhBbGlhc1NlcnZpY2UgYXMgcGVyIG91ciBkaXNjdXNzaW9uLiBOb3Qgc3VyZSBo
b3cgdG8gdGVzdCBsb2dpYyBJbmRpY2VzQ2x1c3RlclN0YXRlU2VydmljZSBsZXZlbCB1bnRpbCBJ
bmRleEFsaWFzU2VydmljZSBpcyBhY3R1YWxseSB1c2VkIHNvbWV3aGVyZS4gVGhlIGxvZ2ljIG9m
IG9idGFpbmluZyBmaWx0ZXIgcGFyc2VyIGluIEluZGV4QWxpYXNlc1NlcnZpY2UucGFyc2VyIGNh
biBiZSwgcHJvYmFibHksIGltcHJvdmVkIGFzIHdlbGwuCg==
",0,2
2011-05-22T01:19:14Z,,2011-05-22T04:12:40Z,1,446,"VXBkYXRlZCBhY2NvcmRpbmcgdG8geW91ciBjb21tZW50cwo=
",1,2
2011-05-23T11:47:13Z,,2011-05-23T21:49:13Z,1,1,"VHJpdmlhbCBmaXggcmVnYXJkaW5nIHRoZSBidWlsZCBvZiB0aGUganNvbiBxdWVyeQo=
",1,2
2011-05-23T14:28:59Z,,2011-06-15T19:23:07Z,22,250,"LSBhZGRzIGEgbGl0dGxlIGJpdCB0byBncmFkbGUuYnVpbGQgZmlsZXMgdGhhdCBhbGxvd3Mgc29t
ZW9uZSB0byBzaW1wbGUgdXNlICdncmFkbGUgZWNsaXBzZScgdG8gZ2VuZXJhdGUgZWNsaXBzZSBw
cm9qZWN0IGFuZCBjbGFzc3BhdGggZmlsZXMuCi0gYWxzbyBhZGRzIHRoZSBFYzJOYW1lUmVzb2x2
ZXIgd2hpY2ggaXMgcGFydCAxIG9mIGh0dHBzOi8vZ2l0aHViLmNvbS9lbGFzdGljc2VhcmNoL2Vs
YXN0aWNzZWFyY2gvaXNzdWVzLzk0MAoKKHVuZm9ydHVuYXRlbHkgbXkgY29tbWl0IHdlbnQgYSBs
aXR0bGUgYXdyeSBhbmQgYWRkZWQgdGhlIEVjMk5hbWVSZXNvbHZlciB0byB3aGF0IHdhcyBzdXBw
b3NlZCB0byBqdXN0IGJlIGVjbGlwc2Ugc3VwcG9ydCkK
",9,2
2011-05-24T05:48:13Z,,2011-05-25T00:07:08Z,61,391,"SGFkIHRvIG1vdmUgYSBjb3VwbGUgb2YgdGhpbmdzIGFyb3VuZCBpbiBvcmRlciB0byBpbXBsZW1l
bnQgdGhlIG9wdGltaXphdGlvbiB0aGF0IHdlIGRpc2N1c3NlZC4gQWxzbyBhZGRlZCBtb3JlIHRl
c3RzIHRvIGNvdmVyIGNvbWJpbmF0aW9ucyBvZiBhbGlhc2VzIGFuZCBpbmRpY2VzLgo=
",7,2
2011-05-25T01:54:22Z,,2011-05-25T04:11:05Z,34,85,,1,2
2011-05-25T12:11:22Z,,2011-05-25T13:29:11Z,0,13,"SXQgaXMgc3VwcG9ydGVkIG9uIHRoZSBzZXJ2ZXIgc2lkZSwgYnV0IG5vdCBvbiB0aGUgamF2YSBj
bGllbnQgc2lkZS4K
",1,2
2011-05-25T16:16:17Z,,2011-05-25T23:16:19Z,30,222,,0,2
2011-05-25T23:38:30Z,,2011-05-26T09:10:22Z,30,222,"RGVsZXRlQnlRdWVyeSBzZXJpYWxpemF0aW9uIGluIFRyYW5zbG9nIGlzIG5vdyB1c2luZyB2ZXJz
aW9uCg==
",1,2
2011-05-26T20:49:38Z,,2011-05-26T20:51:12Z,0,3,"Rm91bmQgaXNzdWUgd2l0aCBoaWRkZW4gZmlsZXMgYXR0ZW1wdGluZyB0byBiZSBpbmRleGVkIHdo
ZW4gbWFwcGluZ3MgYmVpbmcgbG9hZGVkLiBUaGlzIGFsbG93cyBtYXBwaW5ncyB0byBza2lwIGhp
ZGRlbiBmaWxlcy4KCmZhaWxlZCB0byByZWFkIC8gcGFyc2UgbWFwcGluZyBbXSBmcm9tIGxvY2F0
aW9uIFsvb3B0L2VsYXN0aWMvY3VycmVudC9jb25maWcvbWFwcGluZ3MvbjIzMy8uc3ZuXSwgaWdu
b3JpbmcuLi4KamF2YS5pby5GaWxlTm90Rm91bmRFeGNlcHRpb246IC9vcHQvZWxhc3RpYy9jdXJy
ZW50L2NvbmZpZy9tYXBwaW5ncy9uMjMzLy5zdm4gKElzIGEgZGlyZWN0b3J5KQogICAgICAgIGF0
IGphdmEuaW8uRmlsZUlucHV0U3RyZWFtLm9wZW4oTmF0aXZlIE1ldGhvZCkK
",1,2
2011-05-30T17:16:01Z,,2011-05-30T20:54:25Z,28,29,"VGhlIGpzb24gZ2VuZXJhdGVkIGZyb20gYSBib29sZWFuIHF1ZXJ5IGNhbiBwcm9kdWNlIGEgbWFw
IHdpdGggc2V2ZXJhbCBzYW1lIGtleXMuIFRoZSBrZXlzIGJlaW5nIGR1cGxpY2F0ZWQgYXJlICJt
dXN0IiwgIm11c3Rfbm90IiBhbmQgInNob3VsZCIuIEkgZml4ZWQgdGhpcyBieSBnZW5lcmF0aW5n
IGFycmF5cywgYXMgc3VnZ2VzdGVkIGJ5IHRoZSBkb2M6IGh0dHA6Ly93d3cuZWxhc3RpY3NlYXJj
aC5vcmcvZ3VpZGUvcmVmZXJlbmNlL3F1ZXJ5LWRzbC9ib29sLXF1ZXJ5Lmh0bWwKClRoaXMgYnVn
IGhhZCBubyBpbXBhY3Qgb24gdGhlIHVzZSBvZiB0aGUgSmF2YSBjbGllbnQgcGVyIHNlLCBidXQg
aGFzIHNvbWUgY29uc2VxdWVuY2Ugd2hlbiB0aGUgcmVzdWx0IG9mIGEgeGJ1aWxkZXIgaXMgbWFu
aXB1bGF0ZWQgaW4gamF2YSAodGhlIEphdmEgbWFwIG1ha2VzIGR1cGxpY2F0ZWQga2V5IG92ZXJy
aWRlcyB0aGVtc2VsdmVzKS4K
",5,2
2011-06-07T19:51:09Z,,2014-07-08T12:16:18Z,70,1013,"VGhpcyBwdWxsIHJlcXVlc3QgaXMgZm9yIHRoZSAiaGVsbG8gcmVzdCIgYW5kICJoZWxsbyBzZWN1
cmUgcmVzdCIgc2FtcGxlcyBwbHVnaW5zLCBhbmQgdGhlIHJlcXVpcmVkIG1vZGlmaWNhdGlvbnMg
aW4gZWxhc3RpY3NlYXJjaCB0byBzdXBwb3J0IHRoZW0uCgpJdCBhZGRzIHRoZSBhYmlsaXR5IHRv
IHJlcGxhY2UvYWRkIHRvIGVsYXN0aWNzZWFyY2ggUkVTVCBBUEkgd2l0aCBhIGN1c3RvbSByZXN0
IGhhbmRsZXIgKGlzc3VlIDk3NCkgYW5kIHRvIGFkZCAicmV2ZXJzZSBwcm94aWVzIiAoZmlsdGVy
cykgb24gdG9wIG9mIFJFU1QgQVBJcyB0byBwZXJmb3JtIGJhc2ljIHNlY3VyaXR5IGNoZWNrcyAo
aXNzdWUgMTAwMykuCg==
",2,3
2011-06-09T22:30:24Z,,2011-06-12T14:22:35Z,81,1165,"TWFkZSBBUEkgY2hhbmdlcyB0aGF0IHdlIGRpc2N1c3NlZCBhbmQgYWRkZWQgbW9yZSB0ZXN0cy4K
",2,2
2011-06-09T23:19:30Z,,2011-06-10T00:10:31Z,4,13,"VGhvdWdodCB0aGlzIHdvdWxkIGJlIHVzZWZ1bCBzaW5jZSBJIGRpZG4ndCBleHBlY3QgdG8gaGF2
ZSB0byBwYXNzIGlwIGFkZHJlc3NlcyBmb3IgdGhlIG1pbl9zaW1pbGFyaXR5Lgo=
",1,2
2011-06-12T10:43:32Z,,2011-06-12T11:09:38Z,218,212,"LSBhZGRlZCB0eXBlIGluZm9ybWF0aW9uIHRvIHB1YmxpYyBtZXRob2RzCi0gcmVtb3ZlZCBzZW1p
Y29sb25zCi0gcmVwbGFjZWQgR1N0cmluZ3Mgd2l0aCBTdHJpbmdzCg==
",1,2
2011-06-12T15:52:08Z,,2011-06-12T20:49:19Z,81,1166,"UmViYXNlZCB0byByZXNvbHZlIG1lcmdlIGNvbmZsaWN0cy4gCg==
",1,2
2011-06-15T03:10:09Z,,2011-06-15T11:09:07Z,33,531,"QWRkZWQgd2FpdCBmb3IgdGhlIGNsdXN0ZXIgc3RhdGUgcHJvcGFnYXRpb24gYWZ0ZXIgY2hhbmdl
cyB0byBhbGlhc2VzIGFzIHdlIGRpc2N1c3NlZC4gQ291bGQgeW91IHRha2UgYSBsb29rPwo=
",0,2
2011-06-15T13:04:50Z,,2011-06-16T16:25:31Z,33,525,"Rml4ZWQgbG9nZ2luZyBsZXZlbCwgcmVuYW1lZCBOb2RlQWxpYXNVcGRhdGVkVHJhbnNwb3J0SGFu
ZGxlciwgYW5kIG1vdmUgdmVyc2lvbiBjaGVjayB0byB0aGUgQ291bnREb3duTGlzdGVuZXIuICAK
",0,2
2011-06-17T04:12:13Z,,2011-06-19T08:14:49Z,32,67,"Tm90IHN1cmUgaWYgSSBzaG91bGQgc3BsaXQgdGhlc2UgY29tbWl0cyBpbnRvIHNlcGFyYXRlIHB1
bGwgcmVxdWVzdHMgb3Igbm90Lgo=
",1,2
2011-06-20T22:02:11Z,,2011-07-06T14:57:06Z,2,0,"VGhlc2UgcmVmcmVzaCBjYWxscyBhcmUgbm8gbG9uZ2VyIG5lZWRlZCBzaW5jZSAjMTA0NyB3YXMg
Zml4ZWQuCg==
",1,2
2011-06-21T14:13:28Z,,2011-06-24T07:52:52Z,2,137,"VGVzdGluZyBzY3JpcHQgZm9yICoqS2V5d29yZE1hcmtlckZpbHRlcioqOgoKYGBgCmN1cmwgLVgg
REVMRVRFICdsb2NhbGhvc3Q6OTIwMC90ZXN0P3ByZXR0eT0xJwplY2hvCgpjdXJsIC1YIFBVVCAn
bG9jYWxob3N0OjkyMDAvdGVzdD9wcmV0dHk9MScgLWQgJ3sgICAgCiAgICAic2V0dGluZ3MiIDog
ewogICAgICAgICJpbmRleCIgOiB7ICJudW1iZXJfb2Zfc2hhcmRzIiA6IDEsICJudW1iZXJfb2Zf
cmVwbGljYXMiIDogMCB9LAogICAgICAgICJhbmFseXNpcyIgOiB7CiAgICAgICAgICAgICJhbmFs
eXplciIgOiB7CiAgICAgICAgICAgICAgICAic25vd2JhbGwiIDogewogICAgICAgICAgICAgICAg
ICAgICJ0eXBlIiA6ICJjdXN0b20iLAogICAgICAgICAgICAgICAgICAgICJ0b2tlbml6ZXIiIDog
InN0YW5kYXJkIiwKICAgICAgICAgICAgICAgICAgICAiZmlsdGVyIiA6IFsgInN0YW5kYXJkIiwg
InNub3diYWxsIiBdCiAgICAgICAgICAgICAgICB9LAogICAgICAgICAgICAgICAgInNub3diYWxs
X3dpdGhfa2V5d29yZHMiIDogewogICAgICAgICAgICAgICAgICAgICJ0eXBlIiA6ICJjdXN0b20i
LAogICAgICAgICAgICAgICAgICAgICJ0b2tlbml6ZXIiIDogInN0YW5kYXJkIiwKICAgICAgICAg
ICAgICAgICAgICAiZmlsdGVyIiA6IFsgInN0YW5kYXJkIiwgImtleXdvcmRfbWFya2VyIiwgInNu
b3diYWxsIiBdCiAgICAgICAgICAgICAgICB9CiAgICAgICAgICAgIH0sCiAgICAgICAgICAgICJm
aWx0ZXIiIDogewogICAgICAgICAgICAgICAgImtleXdvcmRfbWFya2VyIiA6IHsKICAgICAgICAg
ICAgICAgICAgICAidHlwZSIgOiAia2V5d29yZF9tYXJrZXIiLAogICAgICAgICAgICAgICAgICAg
ICJrZXl3b3JkcyIgOiBbICJtYW5hZ2VhYmxlIiwgIk1hbmFnZWQiIF0KICAgICAgICAgICAgICAg
IH0KICAgICAgICAgICAgfQogICAgICAgIH0KICAgIH0KfScKZWNobwoKY3VybCAtWEdFVCAnaHR0
cDovL2xvY2FsaG9zdDo5MjAwL19jbHVzdGVyL2hlYWx0aD93YWl0X2Zvcl9zdGF0dXM9Z3JlZW4m
cHJldHR5PTEmdGltZW91dD01cycKCmVjaG8gJz4+PiBzbm93YmFsbCc7IGN1cmwgJ2xvY2FsaG9z
dDo5MjAwL3Rlc3QvX2FuYWx5emU/Zm9ybWF0PXRleHQmYW5hbHl6ZXI9c25vd2JhbGwnICAgICAg
ICAgICAgICAgLWQgIm1hbmFnZXIgbWFuYWdlZCBtYW5hZ2VhYmxlIG1hbmFnZXMgTWFuYWdlZCIK
ZWNobyAnPj4+IGtleXdvcmRzJzsgY3VybCAnbG9jYWxob3N0OjkyMDAvdGVzdC9fYW5hbHl6ZT9m
b3JtYXQ9dGV4dCZhbmFseXplcj1zbm93YmFsbF93aXRoX2tleXdvcmRzJyAtZCAibWFuYWdlciBt
YW5hZ2VkIG1hbmFnZWFibGUgbWFuYWdlcyBNYW5hZ2VkIgplY2hvOwpgYGAKClRlc3Rpbmcgc2Ny
aXB0IGZvciAqKlN0ZW1tZXJPdmVycmlkZUZpbHRlcioqOgoKYGBgCmN1cmwgLVggREVMRVRFICds
b2NhbGhvc3Q6OTIwMC90ZXN0P3ByZXR0eT0xJwplY2hvCgpjdXJsIC1YIFBVVCAnbG9jYWxob3N0
OjkyMDAvdGVzdD9wcmV0dHk9MScgLWQgJ3sgICAgCiAgICAic2V0dGluZ3MiIDogewogICAgICAg
ICJpbmRleCIgOiB7ICJudW1iZXJfb2Zfc2hhcmRzIiA6IDEsICJudW1iZXJfb2ZfcmVwbGljYXMi
IDogMCB9LAogICAgICAgICJhbmFseXNpcyIgOiB7CiAgICAgICAgICAgICJhbmFseXplciIgOiB7
CiAgICAgICAgICAgICAgICAic25vd2JhbGwiIDogewogICAgICAgICAgICAgICAgICAgICJ0eXBl
IiA6ICJjdXN0b20iLAogICAgICAgICAgICAgICAgICAgICJ0b2tlbml6ZXIiIDogInN0YW5kYXJk
IiwKICAgICAgICAgICAgICAgICAgICAiZmlsdGVyIiA6IFsgInN0YW5kYXJkIiwgInNub3diYWxs
IiBdCiAgICAgICAgICAgICAgICB9LAogICAgICAgICAgICAgICAgInNub3diYWxsX3dpdGhfb3Zl
cnJpZGUiIDogewogICAgICAgICAgICAgICAgICAgICJ0eXBlIiA6ICJjdXN0b20iLAogICAgICAg
ICAgICAgICAgICAgICJ0b2tlbml6ZXIiIDogInN0YW5kYXJkIiwKICAgICAgICAgICAgICAgICAg
ICAiZmlsdGVyIiA6IFsgInN0YW5kYXJkIiwgInN0ZW1tZXJfb3ZlcnJpZGUiLCAic25vd2JhbGwi
IF0KICAgICAgICAgICAgICAgIH0KICAgICAgICAgICAgfSwKICAgICAgICAgICAgImZpbHRlciIg
OiB7CiAgICAgICAgICAgICAgICAic3RlbW1lcl9vdmVycmlkZSIgOiB7CiAgICAgICAgICAgICAg
ICAgICAgInR5cGUiIDogInN0ZW1tZXJfb3ZlcnJpZGUiLAogICAgICAgICAgICAgICAgICAgICJy
dWxlcyIgOiBbICJtYW5hZ2VhYmxlID0+IHVsdHJhbWFuYWdlYWJsZSIsICJCb29rZWQgPT4gQm9v
a3MiIF0KICAgICAgICAgICAgICAgIH0KICAgICAgICAgICAgfQogICAgICAgIH0KICAgIH0KfScK
ZWNobwoKY3VybCAtWEdFVCAnaHR0cDovL2xvY2FsaG9zdDo5MjAwL19jbHVzdGVyL2hlYWx0aD93
YWl0X2Zvcl9zdGF0dXM9Z3JlZW4mcHJldHR5PTEmdGltZW91dD01cycKCmVjaG8gJz4+PiBzbm93
YmFsbCc7IGN1cmwgJ2xvY2FsaG9zdDo5MjAwL3Rlc3QvX2FuYWx5emU/Zm9ybWF0PXRleHQmYW5h
bHl6ZXI9c25vd2JhbGwnICAgICAgICAgICAgICAgLWQgIm1hbmFnZXIgbWFuYWdlZCBtYW5hZ2Vh
YmxlIG1hbmFnZXMgQm9va2VkIgplY2hvICc+Pj4ga2V5d29yZHMnOyBjdXJsICdsb2NhbGhvc3Q6
OTIwMC90ZXN0L19hbmFseXplP2Zvcm1hdD10ZXh0JmFuYWx5emVyPXNub3diYWxsX3dpdGhfb3Zl
cnJpZGUnIC1kICJtYW5hZ2VyIG1hbmFnZWQgbWFuYWdlYWJsZSBtYW5hZ2VzIEJvb2tlZCIKZWNo
bzsKYGBgCg==
",1,2
2011-06-23T00:50:51Z,,2011-07-18T16:47:04Z,0,2748,"VGhpcyBpcyBhbiBpbml0aWFsIGltcGxlbWVudGF0aW9uIG9mIGEgWm9vS2VlcGVyLWJhc2VkIGRp
c2NvdmVyeSBwbHVnaW4uCgpVc2FnZToKLSBEb3dubG9hZCBab29LZWVwZXIgMy4zLjMgZnJvbSBo
dHRwOi8vem9va2VlcGVyLmFwYWNoZS5vcmcvcmVsZWFzZXMuaHRtbCAKLSBVbnppcCB0aGUgWm9v
S2VlcGVyIGFyY2hpdmUgaW50byBhIGRpcmVjdG9yeSwgcmVuYW1lIGNvbmYvem9vLXNhbXBsZS5j
bmYgaW50byB6b28uY25mIGFuZCBtb2RpZnkgZGF0YURpcj0gbGluZSB0byBwb2ludCB0byBhIGRp
cmVjdG9yeSBvbiB5b3VyIG1hY2hpbmUuIFN0YXJ0IFpvb0tlZXBlciBieSBydW5uaW5nIGJpbi96
a1NlcnZlci5zaCBzdGFydC4KLSBJbnN0YWxsIFpvb0tlZXBlciBwbHVnaW4gdG8gRVMKLSBBc3N1
bWluZyB0aGF0IHlvdSBhcmUgcnVubmluZyBab29LZWVwZXIgb24gdGhlIHBvcnQgIDIxODEgKGRl
ZmF1bHQpLCAgYWRkIHRoZSBmb2xsb3dpbmcgbGluZXMgdG8gY29uZmlnL2VsYXN0aWNzZWFyY2gu
eW1sIGZpbGUKCmBgYAp6b29rZWVwZXI6CiAgICBlbmFibGVkOiB0cnVlCiAgICBob3N0OiBsb2Nh
bGhvc3Q6MjE4MQpkaXNjb3Zlcnk6CiAgICB0eXBlOiB6b29fa2VlcGVyCmBgYAotIFN0YXJ0IEVT
IAo=
",7,4
2011-06-23T14:56:54Z,,2011-06-24T06:42:36Z,0,1,"SSBoYWQgb25lIHNoYXJkIG1pc3NpbmcgYW5kIGtlcHQgZ2V0dGluZyBOUEVzIG9uIG1hc3RlciBp
bnN0ZWFkIG9mIGEgcGFydGlhbGx5IGZhaWxlZCByZXNwb25zZSBiZWNhdXNlIHJlc3Qgc3RhdHVz
IGluIFNoYXJkU2VhcmNoRmFpbHVyZSB3YXNuJ3QgaW5pdGlhbGl6ZWQuIFRoZSBpc3N1ZSBzZWVt
cyB0byBiZSByZWxhdGVkIHRvICMxMDM1Lgo=
",1,2
2011-06-27T11:39:33Z,,2013-01-29T09:27:34Z,15821,58196,"UHJlZml4IHF1ZXJpZXMgbmVlZHMgdG8gYmUgcmV3cml0dGVuIHNvIHRoZSBoaWdobGlnaHRlciBj
YW4gd29yay4gU28gdGhlIHB1bGwgcmVxdWVzdC4KClRoZSBoaWdobGlnaHQgb2YgcHJlZml4IHF1
ZXJpZXMgZG9lc24ndCBoaWdobGlnaHQgdGhlIHByZWZpeCBidXQgdGhlIGZ1bGwgd29yZC4gSSBo
YXZlIHdyaXR0ZW4gc29tZSBjb2RlIG9uIHRoZSBjbGllbnQgc2lkZSB0byBjaGFuZ2UgdGhlIGhp
Z2hsaWdodGVkIHdvcmRzLiBGb3IgaW5zdGFuY2UsIHNlYXJjaGluZyAic2tpIiwgbHVjZW5lIGhp
Z2hsaWdodCAiPD5za2lpbmc8Lz4iLCAiPD5za2luPC8+IiBvciAiPD5za2lsbHM8Lz4iLiBTbyBt
eSBjb2RlIGNoYW5nZSB0aGUgaGlnaGxpZ2h0ZWQgcGFydHMgdG8gYmU6ICI8PnNraTwvPmluIiwg
ICI8PnNraTwvPm4iIG9yICI8PnNraTwvPmxscyIuIFRoaXMgY29kZSBtYXkgYmUgaW50ZXJlc3Rp
bmcgdG8gYmUgb24gdGhlIHNlcnZlciBwYXJ0LCBidXQgSSBkb24ndCBrbm93IHdoZXJlLiBJZiB5
b3UgdGhpbmsgaXQgaXMgaW50ZXJlc3RpbmcsIGxldCBtZSBrbm93Lgo=
",6,18
2011-07-04T12:17:06Z,,2011-07-06T14:55:55Z,151,5,"VGhpcyBjbGFzcyB3YXMgYmFja3BvcnRlZCB3aXRoIEtTdGVtIGJ1dCBzaW5jZSBFUyBpcyB1c2lu
ZyBMdWNlbmUgMy4zIG5vdyB0aGlzIGNsYXNzIHNob3VsZCBiZSByZW1vdmVkLgo=
",2,2
2011-07-05T09:07:02Z,2011-08-04T13:34:18Z,2011-08-04T13:34:18Z,0,0,,7,2
2011-07-06T07:53:47Z,,2014-03-31T09:42:35Z,12,86,"SGkgU2hheSwKCmJhc2VkIG9uIHRoZSBjb252ZXJzYXRpb24gd2UgaGFkIG9uIHRoZSBtYWlsaW5n
IGxpc3QsIEkgZmllbGQgdGhlIGZvbGxvd2luZyBpc3N1ZToKaHR0cHM6Ly9naXRodWIuY29tL2Vs
YXN0aWNzZWFyY2gvZWxhc3RpY3NlYXJjaC9pc3N1ZXMvMTA5MikgCmFuZCBwcm92aWRlZCBhIHBh
dGNoIGZvciBpdC4gCgpUaGUgZGlmZmljdWx0IHBhcnQgd2FzIHRvIGdldCBlY2xpcHNlIGNvbmZp
Z3VyZWQgY29ycmVjdGx5IHdpdGggZ3JhZGxlLiBJIGJhc2ljYWxseSBlbmRlZCB1cCB1c2luZyB0
aGUgZWNsaXBzZSBwbHVnaW4gZnJvbSBncmFkbGUgdGhhdCBnZW5lcmF0ZWQgY29uZmlnIGZpbGVz
IGFuZCBpdCB3b3JrZWQgbGlrZSBhIGNoYXJtISAKCldoZW4gSSBnZXQgYSBjaGFuZ2UgSSB3aWxs
IGFkZCBhIHNlY3Rpb24gdG8gdGhlIGRvYyBmb3IgdGhvc2Ugd2hvIHdhbnQgdG8gdXNlIEVjbGlw
c2Ugd2l0aCBFUyBzb3VyY2UgY29kZQo=
",7,6
2011-07-07T21:11:47Z,,2011-07-07T21:56:22Z,0,4,"Li9ncmFkbGV3IGNsZWFuIHRlc3QgIHdhcyByZXR1cm5pbmcgamF2YS5sYW5nLkNsYXNzTm90Rm91
bmRFeGNlcHRpb24gd2l0aG91dCB0aGVzZSBkZXBlbmRlbmNpZXMgb24gbXkgbWFjaGluZS4gTm90
IHN1cmUgaWYgdGhleSB3ZXJlIHJlbW92ZWQgaW50ZW50aW9uYWxseSBvciBub3QuCg==
",3,2
2011-02-15T16:11:12Z,,2011-02-16T16:29:03Z,0,1,,0,1
2011-02-18T22:14:03Z,,2011-02-20T00:21:15Z,3,3,"VXBkYXRlIHRpa2EgdG8gdGhlIG5ldyByZWxlYXNlLgo=
",1,2
2011-02-18T23:09:49Z,,2011-02-19T22:46:38Z,5,3,"SnVzdCBhIG1pbm9yIG5pdCBhcyBJIHdhcyBnb2luZyB0aHJvdWdoIHRoZSBjb2RlLi4uCg==
",1,2
2011-02-22T12:25:08Z,,2011-02-23T02:06:51Z,3,15,"QWRkIHN1cHBvcnQgZm9yIGBleGNoYW5nZV9kdXJhYmxlYCAoZGVmYXVsdCBgdHJ1ZWApLCBgcXVl
dWVfZHVyYWJsZWAgKGRlZmF1bHQgYHRydWVgKSwgYW5kIGBxdWV1ZV9hdXRvX2RlbGV0ZWAgKGRl
ZmF1bHQgYGZhbHNlYCkK
",1,2
2011-03-08T15:19:04Z,,2011-03-09T16:12:55Z,1,29,"QWRkZWQgb2F1dGggc3VwcG9ydCBmb3IgdHdpdHRlciByaXZlciBwbHVnaW4uCgpUaGUgZm9sbG93
aW5nIGNvbmZpZ3VyYXRpb24gc2hvdWxkIGJlIHNldDoKCmBgYApjdXJsIC1YUFVUIGxvY2FsaG9z
dDo5MjAwL19yaXZlci9teV90d2l0dGVyX3JpdmVyL19tZXRhIC1kICd7CiAgICAidHlwZSIgOiAi
dHdpdHRlciIsCiAgICAidHdpdHRlciIgOiB7CiAgICAgICAgIm9hdXRoIiA6IHsKICAgICAgICAg
ICAgImNvbnN1bWVyX2tleSIgOiAiLi4uIiwKICAgICAgICAgICAgImNvbnN1bWVyX3NlY3JldCI6
ICIuLi4iLAogICAgICAgICAgICAiYWNjZXNzX3Rva2VuIiA6ICIuLi4iLAogICAgICAgICAgICAi
YWNjZXNzX3Rva2VuX3NlY3JldCIgOiAiLi4uIgogICAgICAgIH0KICAgIH0sCiAgICAiaW5kZXgi
IDogewogICAgICAgICJpbmRleCIgOiAibXlfdHdpdHRlcl9yaXZlciIsCiAgICAgICAgInR5cGUi
IDogInN0YXR1cyIsCiAgICAgICAgImJ1bGtfc2l6ZSIgOiAxMDAKICAgIH0KfScKYGBgCg==
",1,2
2011-03-19T01:30:28Z,,2011-04-22T07:39:28Z,15,14,"SnVzdCBhIGZldyBtaW5vciBpbXByb3ZlbWVudHMuCg==
",4,2
2011-03-19T09:49:01Z,,2011-03-20T01:00:04Z,0,2,"VGhpcyBpcyBhIHN1Z2dlc3RlZCBmaXggZm9yIGVsYXN0aWNzZWFyY2gvZWxhc3RpY3NlYXJjaCM3
OTUK
",4,2
2011-04-15T03:29:51Z,,2011-04-15T22:20:52Z,1,20,"SSB3b3VsZCBsaWtlIHRvIGJlIGFibGUgdG8gbG9hZCBzaGFyZWQgc2V0dGluZ3MgZnJvbSBhIGNl
bnRyYWxpemVkIHNvdXJjZSAoWm9vS2VlcGVyIGluIG15IGNhc2UpIHVzaW5nIGEgcGx1Zy1pbi4g
SXQgbG9va3MgbGlrZSB1cGRhdGVkU2V0dGluZ3MgbWV0aG9kIG9mIFBsdWdpbnNTZXJ2aWNlIHdh
cyBtZWFudCB0byBhbGxvdyB0aGF0LCBidXQgaXQgd2Fzbid0IGNvbXBsZXRlbHkgaW1wbGVtZW50
ZWQgZm9yIHNvbWUgcmVhc29uLiBXb3VsZCB0aGlzIGltcGxlbWVudGF0aW9uIGJlIE9LPwoKVGhh
bmsgeW91LAoKSWdvcgo=
",2,2
2011-04-21T07:53:09Z,,2011-04-21T12:53:02Z,1,5,"SGksCgpJJ3ZlIGZpeGVkIHNvbWUgdHlwbyBhbmQgVVJMIGluIFJlYWRtZSwKCmthcm1pCg==
",1,2
2011-04-21T16:05:18Z,,2011-04-21T18:58:50Z,7,2,"SSByYW4gaW50byBhbiBpc3N1ZSB3aXRoIGEgZGlzY292ZXJ5IG1vZHVsZSB0aGF0IGhhcyBhIGNh
bWVsQ2FzZWQgbmFtZS4gVGhlIG1vZHVsZSdzIG5hbWUgaXMgb3JnLmVsYXN0aWNzZWFyY2guZGlz
Y292ZXJ5Lnpvb2tlZXBlci5ab29LZWVwZXJEaXNjb3ZlcnlNb2R1bGUgYW5kIEkgYW0gdHJ5aW5n
IHRvIGxvYWQgaXQgdXNpbmcgInpvby1rZWVwZXIiIGFzIGEgZGlzY292ZXJ5IHR5cGUuIFVuZm9y
dHVuYXRlbHksIEltbXV0YWJsZVNldHRpbmdzLmdldEFzQ2xhc3MgZmlyc3QgdHJpZXMgdG8gbG9h
ZCBvcmcuZWxhc3RpY3NlYXJjaC5kaXNjb3Zlcnkuem9vS2VlcGVyLlpvb0tlZXBlckRpc2NvdmVy
eU1vZHVsZSBhbmQgb24gTWFjIE9TIFggaXQgZmFpbHMgd2l0aCBOb0NsYXNzRGVmRm91bmRFcnJv
ciBpbnN0ZWFkIG9mIENsYXNzTm90Rm91bmRFeGNlcHRpb24sIHNvIHRoZSBjbGFzcyB3aXRoIGNv
cnJlY3QgcGFja2FnZSBuYW1lIGlzIG5ldmVyIGxvYWRlZC4gU2luY2UgdXNpbmcgY2FtZWxDYXNl
IGZvciBwYWNrYWdlIG5hbWVzIGlzIHNvbWV3aGF0IHVudXN1YWwsIHdvdWxkbid0IGl0IG1ha2Ug
c2Vuc2UgdG8gbm90IGF0dGVtcHQgdG8gbG9hZCBhIGNsYXNzIHdpdGggc3VjaCBuYW1lPyAK
",3,2
2011-04-26T13:49:29Z,2011-04-26T14:16:01Z,2011-04-26T14:16:01Z,1,1,"RmlzdCAtPiBGaXJzdAo=
",1,2
2011-04-27T19:32:17Z,,2011-05-24T23:20:20Z,15,664,"Rml4IHBvc3NpYmxlIHR5cG9zLiBJZiBpbnRlbnRpb25hbCwgcGxlYXNlIGlnbm9yZS4K
",2,2
2011-05-03T01:14:41Z,,2011-05-03T13:45:27Z,0,24,"QWRkaW5nIHN1cHBvcnQgZm9yIGFjY2Vzc2luZyBFQzIgYW5kIFMzIG92ZXIgYW4gaHR0cCBwcm94
eS4gVGhpcyBpcyBjb25maWd1cmVkIHVzaW5nIHRoZSBgbmV0d29yay5wcm94eUhvc3RgIGFuZCBg
bmV0d29yay5wcm94eVBvcnRgIHNldHRpbmdzLgo=
",1,2
2011-05-03T21:12:35Z,,2011-05-04T06:54:21Z,8,1,"VGhlIHNlY29uZCBtYXAgZG9lc24ndCBzZWVtIHRvIGJlIG5lY2Vzc2FyeS4gCg==
",1,2
2011-05-11T21:09:51Z,,2011-05-11T21:44:07Z,1,2,"SWYgeW91IGNyZWF0ZSB0d28gYWxpYXNlcyBwb2ludGluZyB0byB0aGUgc2FtZSBpbmRleCBhbmQg
dGhlbiBleGVjdXRlIF9jb3VudCBvbiBib3RoIGFsaWFzZXMsIHRoZSBjb3VudCBpcyBkb3VibGVk
LiBTZWFyY2gsIGhvd2V2ZXIsIHJlbW92ZXMgZHVwbGljYXRlcyAoYXQgbGVhc3QgaWYgYSBzbWFs
bCBudW1iZXIgb2YgcmVjb3JkcyBpcyByZXR1cm5lZCkuIFNlZSBodHRwczovL2dpc3QuZ2l0aHVi
LmNvbS85NjczNDIgZm9yIGEgZGVtbyBzY3JpcHQuIEkgYW0gbm90IGVudGlyZWx5IHN1cmUgaWYg
dGhpcyBpcyBhIGJ1ZyBvZiBhIGZlYXR1cmUuIElmIHRoaXMgaXMgYSBidWcsIGhlcmUgaXMgYSBz
bWFsbCBmaXguIAo=
",2,2
2011-05-16T13:58:29Z,,2011-05-16T15:10:37Z,1,51,"V2hlbiB5b3UgcmVnaXN0ZXIgbXVsdGlwbGUgcGVyY29sYXRvcnMsIHlvdSBjYW4gZ2V0IGZhbHNl
IG1hdGNoZXMgaWYgYXQgbGVhc3Qgb25lIHBlcmNvbGF0b3IgbWF0Y2hlcyB0aGUgcXVlcnkuIEl0
J3MgY2F1c2VkIGJ5IG5vdCByZXNldGluZyBMdWNlbmUuRXhpc3RzQ29sbGVjdG9yIGFmdGVyIHRo
ZSBtYXRjaC4K
",2,2
2011-05-17T05:11:48Z,,2011-05-17T12:59:33Z,104,731,"U2hheSwgSSB0b29rIGEgc2hvdCBhdCBhZGRpbmcgZmlsdGVycyB0byBhbGlhc2VzLiBJIGtub3cg
dGhhdCB5b3Ugd2VyZSBwbGFubmluZyB0byBkbyBpdCBhdCBzb21lIHBvaW50IG9mIHRpbWUsIGJ1
dCBub3Qgc3VyZSBpZiB0aGlzIGlzIHdoYXQgeW91IGhhZCBpbiBtaW5kLiBJZiBpdCdzIG5vdCwg
cGxlYXNlIGxldCBtZSBrbm93LiBGaWx0ZXJpbmcgYWxpYXNlcyBhcmUgaW1wbGVtZW50ZWQgZm9y
IG1vc3Qgb2YgdGhlIG1ldGhvZHMuIEEgY291cGxlIG9mIG1ldGhvZHMgd2hlcmUgSSB3YXNuJ3Qg
c3VyZSB3aGF0IHdvdWxkIGJlIGEgcHJvcGVyIGJlaGF2aW9yIHdpdGggcmVnYXJkIHRvIGZpbHRl
cnMgYXJlIFBlcmNvbGF0b3IgYW5kIERlbGV0ZUluZGV4LiBJbiB0aGUgZmlyc3QgY2FzZSwgaXQg
c2VlbXMgdGhhdCBmaWx0ZXJzIHNob3VsZG4ndCBhZmZlY3QgdGhlIGJlaGF2aW9yIGF0IGFsbC4g
SW4gdGhlIHNlY29uZCBjYXNlLCBwZXJoYXBzLCBpdCBjb3VsZCBiZSBhcHByb3ByaWF0ZSB0byB0
aHJvdyBhbiBFeGNlcHRpb24gaWYgYSBEZWxldGVJbmRleCBpcyBjYWxsZWQgb24gYW4gYWxpYXMg
d2l0aCBhIGZpbHRlciB0byBwcmV2ZW50LiBDb3VsZCB5b3UgdGFrZSBhIGxvb2s/Cg==
",3,2
2011-05-17T18:18:24Z,,2011-05-17T21:14:39Z,21,213,"Tm90IHN1cmUgd2hhdCB0byBkbyB3aXRoIFJlc3RDbHVzdGVyU3RhdGVBY3Rpb24gdG8gbWFrZSBy
ZXNwb25zZSBiYWNrd2FyZCBjb21wYXRpYmxlIGluIHRoZSBmdXR1cmUuCg==
",5,2
2011-05-19T05:07:50Z,,2011-05-19T12:13:58Z,8,307,"QXMgcGVyIG91ciBkaXNjdXNzaW9uLCB0aGlzIGNvbW1pdCBvbmx5IGFkZHMgYW4gYWJpbGl0eSB0
byBzdG9yZSBmaWx0ZXIgc291cmNlLiBUaGUgc3RvcmVkIGZpbHRlcnMgYXJlIG5vdCB5ZXQgdXNl
ZCB0byBmaWx0ZXIgc2VhcmNoIHJlc3VsdHMuCg==
",2,2
2011-05-19T14:01:28Z,,2011-05-19T16:10:28Z,8,378,"VXBkYXRlZCB0aGUgY29kZSBhY2NvcmRpbmcgdG8geW91ciBjb21tZW50cy4K
",1,2
2011-05-19T16:17:40Z,,2011-05-19T17:34:36Z,8,378,"VXBkYXRlZCBhY2NvcmRpbmcgdG8geW91ciBjb21tZW50cyBhbmQgc3F1YXNoZWQgaW50byBhIHNp
bmdsZSBjb21taXQuCgpUaGlzIGNvbW1pdCBvbmx5IGFkZHMgYW4gYWJpbGl0eSB0byBzdG9yZSBm
aWx0ZXIgc291cmNlLiBUaGUgc3RvcmVkIGZpbHRlcnMgYXJlIG5vdCB5ZXQgdXNlZCB0byBmaWx0
ZXIgc2VhcmNoIHJlc3VsdHMuCg==
",1,2
2011-05-19T19:07:12Z,,2011-05-19T21:00:38Z,2,34,"VGhpcyBhZGRzIHRoZSBhYmlsaXR5IHRvIHNwZWNpZnkgYSBsaXN0IG9mIHN0b3B3b3JkIGFydGlj
bGVzIHdpdGggdGhlIHNldHRpbmcgImFydGljbGVzIi4KCjxwcmU+CmluZGV4OgogICAgYW5hbHlz
aXM6CiAgICAgICAgYW5hbHl6ZXI6CiAgICAgICAgICAgIGRlZmF1bHQ6CiAgICAgICAgICAgICAg
ICB0b2tlbml6ZXI6IHN0YW5kYXJkCiAgICAgICAgICAgICAgICBmaWx0ZXI6IFtlbGlzaW9uXQog
ICAgICAgIGZpbHRlcjoKICAgICAgICAgICAgZWxpc2lvbjoKICAgICAgICAgICAgICAgIHR5cGU6
IGVsaXNpb24KICAgICAgICAgICAgICAgIGFydGljbGVzOiBbbCwgbSwgdCwgcXUsIG4sIHMsIGpd
IAo8L3ByZT4KCgpCeSBkZWZhdWx0IHRoZSBzdGFuZGFydCBzdG9wIHdvcmRzIGFyZSB1c2VkLgo=
",1,2
2011-05-22T00:08:02Z,,2011-05-22T01:16:51Z,1,446,"QWRkZWQgSW5kZXhBbGlhc1NlcnZpY2UgYXMgcGVyIG91ciBkaXNjdXNzaW9uLiBOb3Qgc3VyZSBo
b3cgdG8gdGVzdCBsb2dpYyBJbmRpY2VzQ2x1c3RlclN0YXRlU2VydmljZSBsZXZlbCB1bnRpbCBJ
bmRleEFsaWFzU2VydmljZSBpcyBhY3R1YWxseSB1c2VkIHNvbWV3aGVyZS4gVGhlIGxvZ2ljIG9m
IG9idGFpbmluZyBmaWx0ZXIgcGFyc2VyIGluIEluZGV4QWxpYXNlc1NlcnZpY2UucGFyc2VyIGNh
biBiZSwgcHJvYmFibHksIGltcHJvdmVkIGFzIHdlbGwuCg==
",0,2
2011-05-22T01:19:14Z,,2011-05-22T04:12:40Z,1,446,"VXBkYXRlZCBhY2NvcmRpbmcgdG8geW91ciBjb21tZW50cwo=
",1,2
2011-05-23T11:47:13Z,,2011-05-23T21:49:13Z,1,1,"VHJpdmlhbCBmaXggcmVnYXJkaW5nIHRoZSBidWlsZCBvZiB0aGUganNvbiBxdWVyeQo=
",1,2
2011-05-23T14:28:59Z,,2011-06-15T19:23:07Z,22,250,"LSBhZGRzIGEgbGl0dGxlIGJpdCB0byBncmFkbGUuYnVpbGQgZmlsZXMgdGhhdCBhbGxvd3Mgc29t
ZW9uZSB0byBzaW1wbGUgdXNlICdncmFkbGUgZWNsaXBzZScgdG8gZ2VuZXJhdGUgZWNsaXBzZSBw
cm9qZWN0IGFuZCBjbGFzc3BhdGggZmlsZXMuCi0gYWxzbyBhZGRzIHRoZSBFYzJOYW1lUmVzb2x2
ZXIgd2hpY2ggaXMgcGFydCAxIG9mIGh0dHBzOi8vZ2l0aHViLmNvbS9lbGFzdGljc2VhcmNoL2Vs
YXN0aWNzZWFyY2gvaXNzdWVzLzk0MAoKKHVuZm9ydHVuYXRlbHkgbXkgY29tbWl0IHdlbnQgYSBs
aXR0bGUgYXdyeSBhbmQgYWRkZWQgdGhlIEVjMk5hbWVSZXNvbHZlciB0byB3aGF0IHdhcyBzdXBw
b3NlZCB0byBqdXN0IGJlIGVjbGlwc2Ugc3VwcG9ydCkK
",9,2
2011-05-24T05:48:13Z,,2011-05-25T00:07:08Z,61,391,"SGFkIHRvIG1vdmUgYSBjb3VwbGUgb2YgdGhpbmdzIGFyb3VuZCBpbiBvcmRlciB0byBpbXBsZW1l
bnQgdGhlIG9wdGltaXphdGlvbiB0aGF0IHdlIGRpc2N1c3NlZC4gQWxzbyBhZGRlZCBtb3JlIHRl
c3RzIHRvIGNvdmVyIGNvbWJpbmF0aW9ucyBvZiBhbGlhc2VzIGFuZCBpbmRpY2VzLgo=
",7,2
2011-05-25T01:54:22Z,,2011-05-25T04:11:05Z,34,85,,1,2
2011-05-25T12:11:22Z,,2011-05-25T13:29:11Z,0,13,"SXQgaXMgc3VwcG9ydGVkIG9uIHRoZSBzZXJ2ZXIgc2lkZSwgYnV0IG5vdCBvbiB0aGUgamF2YSBj
bGllbnQgc2lkZS4K
",1,2
2011-05-25T16:16:17Z,,2011-05-25T23:16:19Z,30,222,,0,2
2011-05-25T23:38:30Z,,2011-05-26T09:10:22Z,30,222,"RGVsZXRlQnlRdWVyeSBzZXJpYWxpemF0aW9uIGluIFRyYW5zbG9nIGlzIG5vdyB1c2luZyB2ZXJz
aW9uCg==
",1,2
2011-05-26T20:49:38Z,,2011-05-26T20:51:12Z,0,3,"Rm91bmQgaXNzdWUgd2l0aCBoaWRkZW4gZmlsZXMgYXR0ZW1wdGluZyB0byBiZSBpbmRleGVkIHdo
ZW4gbWFwcGluZ3MgYmVpbmcgbG9hZGVkLiBUaGlzIGFsbG93cyBtYXBwaW5ncyB0byBza2lwIGhp
ZGRlbiBmaWxlcy4KCmZhaWxlZCB0byByZWFkIC8gcGFyc2UgbWFwcGluZyBbXSBmcm9tIGxvY2F0
aW9uIFsvb3B0L2VsYXN0aWMvY3VycmVudC9jb25maWcvbWFwcGluZ3MvbjIzMy8uc3ZuXSwgaWdu
b3JpbmcuLi4KamF2YS5pby5GaWxlTm90Rm91bmRFeGNlcHRpb246IC9vcHQvZWxhc3RpYy9jdXJy
ZW50L2NvbmZpZy9tYXBwaW5ncy9uMjMzLy5zdm4gKElzIGEgZGlyZWN0b3J5KQogICAgICAgIGF0
IGphdmEuaW8uRmlsZUlucHV0U3RyZWFtLm9wZW4oTmF0aXZlIE1ldGhvZCkK
",1,2
2011-05-30T17:16:01Z,,2011-05-30T20:54:25Z,28,29,"VGhlIGpzb24gZ2VuZXJhdGVkIGZyb20gYSBib29sZWFuIHF1ZXJ5IGNhbiBwcm9kdWNlIGEgbWFw
IHdpdGggc2V2ZXJhbCBzYW1lIGtleXMuIFRoZSBrZXlzIGJlaW5nIGR1cGxpY2F0ZWQgYXJlICJt
dXN0IiwgIm11c3Rfbm90IiBhbmQgInNob3VsZCIuIEkgZml4ZWQgdGhpcyBieSBnZW5lcmF0aW5n
IGFycmF5cywgYXMgc3VnZ2VzdGVkIGJ5IHRoZSBkb2M6IGh0dHA6Ly93d3cuZWxhc3RpY3NlYXJj
aC5vcmcvZ3VpZGUvcmVmZXJlbmNlL3F1ZXJ5LWRzbC9ib29sLXF1ZXJ5Lmh0bWwKClRoaXMgYnVn
IGhhZCBubyBpbXBhY3Qgb24gdGhlIHVzZSBvZiB0aGUgSmF2YSBjbGllbnQgcGVyIHNlLCBidXQg
aGFzIHNvbWUgY29uc2VxdWVuY2Ugd2hlbiB0aGUgcmVzdWx0IG9mIGEgeGJ1aWxkZXIgaXMgbWFu
aXB1bGF0ZWQgaW4gamF2YSAodGhlIEphdmEgbWFwIG1ha2VzIGR1cGxpY2F0ZWQga2V5IG92ZXJy
aWRlcyB0aGVtc2VsdmVzKS4K
",5,2
2011-06-07T19:51:09Z,,2014-07-08T12:16:18Z,70,1013,"VGhpcyBwdWxsIHJlcXVlc3QgaXMgZm9yIHRoZSAiaGVsbG8gcmVzdCIgYW5kICJoZWxsbyBzZWN1
cmUgcmVzdCIgc2FtcGxlcyBwbHVnaW5zLCBhbmQgdGhlIHJlcXVpcmVkIG1vZGlmaWNhdGlvbnMg
aW4gZWxhc3RpY3NlYXJjaCB0byBzdXBwb3J0IHRoZW0uCgpJdCBhZGRzIHRoZSBhYmlsaXR5IHRv
IHJlcGxhY2UvYWRkIHRvIGVsYXN0aWNzZWFyY2ggUkVTVCBBUEkgd2l0aCBhIGN1c3RvbSByZXN0
IGhhbmRsZXIgKGlzc3VlIDk3NCkgYW5kIHRvIGFkZCAicmV2ZXJzZSBwcm94aWVzIiAoZmlsdGVy
cykgb24gdG9wIG9mIFJFU1QgQVBJcyB0byBwZXJmb3JtIGJhc2ljIHNlY3VyaXR5IGNoZWNrcyAo
aXNzdWUgMTAwMykuCg==
",2,3
2011-06-09T22:30:24Z,,2011-06-12T14:22:35Z,81,1165,"TWFkZSBBUEkgY2hhbmdlcyB0aGF0IHdlIGRpc2N1c3NlZCBhbmQgYWRkZWQgbW9yZSB0ZXN0cy4K
",2,2
2011-06-09T23:19:30Z,,2011-06-10T00:10:31Z,4,13,"VGhvdWdodCB0aGlzIHdvdWxkIGJlIHVzZWZ1bCBzaW5jZSBJIGRpZG4ndCBleHBlY3QgdG8gaGF2
ZSB0byBwYXNzIGlwIGFkZHJlc3NlcyBmb3IgdGhlIG1pbl9zaW1pbGFyaXR5Lgo=
",1,2
2011-06-12T10:43:32Z,,2011-06-12T11:09:38Z,218,212,"LSBhZGRlZCB0eXBlIGluZm9ybWF0aW9uIHRvIHB1YmxpYyBtZXRob2RzCi0gcmVtb3ZlZCBzZW1p
Y29sb25zCi0gcmVwbGFjZWQgR1N0cmluZ3Mgd2l0aCBTdHJpbmdzCg==
",1,2
2011-06-12T15:52:08Z,,2011-06-12T20:49:19Z,81,1166,"UmViYXNlZCB0byByZXNvbHZlIG1lcmdlIGNvbmZsaWN0cy4gCg==
",1,2
2011-06-15T03:10:09Z,,2011-06-15T11:09:07Z,33,531,"QWRkZWQgd2FpdCBmb3IgdGhlIGNsdXN0ZXIgc3RhdGUgcHJvcGFnYXRpb24gYWZ0ZXIgY2hhbmdl
cyB0byBhbGlhc2VzIGFzIHdlIGRpc2N1c3NlZC4gQ291bGQgeW91IHRha2UgYSBsb29rPwo=
",0,2
2011-06-15T13:04:50Z,,2011-06-16T16:25:31Z,33,525,"Rml4ZWQgbG9nZ2luZyBsZXZlbCwgcmVuYW1lZCBOb2RlQWxpYXNVcGRhdGVkVHJhbnNwb3J0SGFu
ZGxlciwgYW5kIG1vdmUgdmVyc2lvbiBjaGVjayB0byB0aGUgQ291bnREb3duTGlzdGVuZXIuICAK
",0,2
2011-06-17T04:12:13Z,,2011-06-19T08:14:49Z,32,67,"Tm90IHN1cmUgaWYgSSBzaG91bGQgc3BsaXQgdGhlc2UgY29tbWl0cyBpbnRvIHNlcGFyYXRlIHB1
bGwgcmVxdWVzdHMgb3Igbm90Lgo=
",1,2
2011-06-20T22:02:11Z,,2011-07-06T14:57:06Z,2,0,"VGhlc2UgcmVmcmVzaCBjYWxscyBhcmUgbm8gbG9uZ2VyIG5lZWRlZCBzaW5jZSAjMTA0NyB3YXMg
Zml4ZWQuCg==
",1,2
2011-06-21T14:13:28Z,,2011-06-24T07:52:52Z,2,137,"VGVzdGluZyBzY3JpcHQgZm9yICoqS2V5d29yZE1hcmtlckZpbHRlcioqOgoKYGBgCmN1cmwgLVgg
REVMRVRFICdsb2NhbGhvc3Q6OTIwMC90ZXN0P3ByZXR0eT0xJwplY2hvCgpjdXJsIC1YIFBVVCAn
bG9jYWxob3N0OjkyMDAvdGVzdD9wcmV0dHk9MScgLWQgJ3sgICAgCiAgICAic2V0dGluZ3MiIDog
ewogICAgICAgICJpbmRleCIgOiB7ICJudW1iZXJfb2Zfc2hhcmRzIiA6IDEsICJudW1iZXJfb2Zf
cmVwbGljYXMiIDogMCB9LAogICAgICAgICJhbmFseXNpcyIgOiB7CiAgICAgICAgICAgICJhbmFs
eXplciIgOiB7CiAgICAgICAgICAgICAgICAic25vd2JhbGwiIDogewogICAgICAgICAgICAgICAg
ICAgICJ0eXBlIiA6ICJjdXN0b20iLAogICAgICAgICAgICAgICAgICAgICJ0b2tlbml6ZXIiIDog
InN0YW5kYXJkIiwKICAgICAgICAgICAgICAgICAgICAiZmlsdGVyIiA6IFsgInN0YW5kYXJkIiwg
InNub3diYWxsIiBdCiAgICAgICAgICAgICAgICB9LAogICAgICAgICAgICAgICAgInNub3diYWxs
X3dpdGhfa2V5d29yZHMiIDogewogICAgICAgICAgICAgICAgICAgICJ0eXBlIiA6ICJjdXN0b20i
LAogICAgICAgICAgICAgICAgICAgICJ0b2tlbml6ZXIiIDogInN0YW5kYXJkIiwKICAgICAgICAg
ICAgICAgICAgICAiZmlsdGVyIiA6IFsgInN0YW5kYXJkIiwgImtleXdvcmRfbWFya2VyIiwgInNu
b3diYWxsIiBdCiAgICAgICAgICAgICAgICB9CiAgICAgICAgICAgIH0sCiAgICAgICAgICAgICJm
aWx0ZXIiIDogewogICAgICAgICAgICAgICAgImtleXdvcmRfbWFya2VyIiA6IHsKICAgICAgICAg
ICAgICAgICAgICAidHlwZSIgOiAia2V5d29yZF9tYXJrZXIiLAogICAgICAgICAgICAgICAgICAg
ICJrZXl3b3JkcyIgOiBbICJtYW5hZ2VhYmxlIiwgIk1hbmFnZWQiIF0KICAgICAgICAgICAgICAg
IH0KICAgICAgICAgICAgfQogICAgICAgIH0KICAgIH0KfScKZWNobwoKY3VybCAtWEdFVCAnaHR0
cDovL2xvY2FsaG9zdDo5MjAwL19jbHVzdGVyL2hlYWx0aD93YWl0X2Zvcl9zdGF0dXM9Z3JlZW4m
cHJldHR5PTEmdGltZW91dD01cycKCmVjaG8gJz4+PiBzbm93YmFsbCc7IGN1cmwgJ2xvY2FsaG9z
dDo5MjAwL3Rlc3QvX2FuYWx5emU/Zm9ybWF0PXRleHQmYW5hbHl6ZXI9c25vd2JhbGwnICAgICAg
ICAgICAgICAgLWQgIm1hbmFnZXIgbWFuYWdlZCBtYW5hZ2VhYmxlIG1hbmFnZXMgTWFuYWdlZCIK
ZWNobyAnPj4+IGtleXdvcmRzJzsgY3VybCAnbG9jYWxob3N0OjkyMDAvdGVzdC9fYW5hbHl6ZT9m
b3JtYXQ9dGV4dCZhbmFseXplcj1zbm93YmFsbF93aXRoX2tleXdvcmRzJyAtZCAibWFuYWdlciBt
YW5hZ2VkIG1hbmFnZWFibGUgbWFuYWdlcyBNYW5hZ2VkIgplY2hvOwpgYGAKClRlc3Rpbmcgc2Ny
aXB0IGZvciAqKlN0ZW1tZXJPdmVycmlkZUZpbHRlcioqOgoKYGBgCmN1cmwgLVggREVMRVRFICds
b2NhbGhvc3Q6OTIwMC90ZXN0P3ByZXR0eT0xJwplY2hvCgpjdXJsIC1YIFBVVCAnbG9jYWxob3N0
OjkyMDAvdGVzdD9wcmV0dHk9MScgLWQgJ3sgICAgCiAgICAic2V0dGluZ3MiIDogewogICAgICAg
ICJpbmRleCIgOiB7ICJudW1iZXJfb2Zfc2hhcmRzIiA6IDEsICJudW1iZXJfb2ZfcmVwbGljYXMi
IDogMCB9LAogICAgICAgICJhbmFseXNpcyIgOiB7CiAgICAgICAgICAgICJhbmFseXplciIgOiB7
CiAgICAgICAgICAgICAgICAic25vd2JhbGwiIDogewogICAgICAgICAgICAgICAgICAgICJ0eXBl
IiA6ICJjdXN0b20iLAogICAgICAgICAgICAgICAgICAgICJ0b2tlbml6ZXIiIDogInN0YW5kYXJk
IiwKICAgICAgICAgICAgICAgICAgICAiZmlsdGVyIiA6IFsgInN0YW5kYXJkIiwgInNub3diYWxs
IiBdCiAgICAgICAgICAgICAgICB9LAogICAgICAgICAgICAgICAgInNub3diYWxsX3dpdGhfb3Zl
cnJpZGUiIDogewogICAgICAgICAgICAgICAgICAgICJ0eXBlIiA6ICJjdXN0b20iLAogICAgICAg
ICAgICAgICAgICAgICJ0b2tlbml6ZXIiIDogInN0YW5kYXJkIiwKICAgICAgICAgICAgICAgICAg
ICAiZmlsdGVyIiA6IFsgInN0YW5kYXJkIiwgInN0ZW1tZXJfb3ZlcnJpZGUiLCAic25vd2JhbGwi
IF0KICAgICAgICAgICAgICAgIH0KICAgICAgICAgICAgfSwKICAgICAgICAgICAgImZpbHRlciIg
OiB7CiAgICAgICAgICAgICAgICAic3RlbW1lcl9vdmVycmlkZSIgOiB7CiAgICAgICAgICAgICAg
ICAgICAgInR5cGUiIDogInN0ZW1tZXJfb3ZlcnJpZGUiLAogICAgICAgICAgICAgICAgICAgICJy
dWxlcyIgOiBbICJtYW5hZ2VhYmxlID0+IHVsdHJhbWFuYWdlYWJsZSIsICJCb29rZWQgPT4gQm9v
a3MiIF0KICAgICAgICAgICAgICAgIH0KICAgICAgICAgICAgfQogICAgICAgIH0KICAgIH0KfScK
ZWNobwoKY3VybCAtWEdFVCAnaHR0cDovL2xvY2FsaG9zdDo5MjAwL19jbHVzdGVyL2hlYWx0aD93
YWl0X2Zvcl9zdGF0dXM9Z3JlZW4mcHJldHR5PTEmdGltZW91dD01cycKCmVjaG8gJz4+PiBzbm93
YmFsbCc7IGN1cmwgJ2xvY2FsaG9zdDo5MjAwL3Rlc3QvX2FuYWx5emU/Zm9ybWF0PXRleHQmYW5h
bHl6ZXI9c25vd2JhbGwnICAgICAgICAgICAgICAgLWQgIm1hbmFnZXIgbWFuYWdlZCBtYW5hZ2Vh
YmxlIG1hbmFnZXMgQm9va2VkIgplY2hvICc+Pj4ga2V5d29yZHMnOyBjdXJsICdsb2NhbGhvc3Q6
OTIwMC90ZXN0L19hbmFseXplP2Zvcm1hdD10ZXh0JmFuYWx5emVyPXNub3diYWxsX3dpdGhfb3Zl
cnJpZGUnIC1kICJtYW5hZ2VyIG1hbmFnZWQgbWFuYWdlYWJsZSBtYW5hZ2VzIEJvb2tlZCIKZWNo
bzsKYGBgCg==
",1,2
2011-06-23T00:50:51Z,,2011-07-18T16:47:04Z,0,2748,"VGhpcyBpcyBhbiBpbml0aWFsIGltcGxlbWVudGF0aW9uIG9mIGEgWm9vS2VlcGVyLWJhc2VkIGRp
c2NvdmVyeSBwbHVnaW4uCgpVc2FnZToKLSBEb3dubG9hZCBab29LZWVwZXIgMy4zLjMgZnJvbSBo
dHRwOi8vem9va2VlcGVyLmFwYWNoZS5vcmcvcmVsZWFzZXMuaHRtbCAKLSBVbnppcCB0aGUgWm9v
S2VlcGVyIGFyY2hpdmUgaW50byBhIGRpcmVjdG9yeSwgcmVuYW1lIGNvbmYvem9vLXNhbXBsZS5j
bmYgaW50byB6b28uY25mIGFuZCBtb2RpZnkgZGF0YURpcj0gbGluZSB0byBwb2ludCB0byBhIGRp
cmVjdG9yeSBvbiB5b3VyIG1hY2hpbmUuIFN0YXJ0IFpvb0tlZXBlciBieSBydW5uaW5nIGJpbi96
a1NlcnZlci5zaCBzdGFydC4KLSBJbnN0YWxsIFpvb0tlZXBlciBwbHVnaW4gdG8gRVMKLSBBc3N1
bWluZyB0aGF0IHlvdSBhcmUgcnVubmluZyBab29LZWVwZXIgb24gdGhlIHBvcnQgIDIxODEgKGRl
ZmF1bHQpLCAgYWRkIHRoZSBmb2xsb3dpbmcgbGluZXMgdG8gY29uZmlnL2VsYXN0aWNzZWFyY2gu
eW1sIGZpbGUKCmBgYAp6b29rZWVwZXI6CiAgICBlbmFibGVkOiB0cnVlCiAgICBob3N0OiBsb2Nh
bGhvc3Q6MjE4MQpkaXNjb3Zlcnk6CiAgICB0eXBlOiB6b29fa2VlcGVyCmBgYAotIFN0YXJ0IEVT
IAo=
",7,4
2011-06-23T14:56:54Z,,2011-06-24T06:42:36Z,0,1,"SSBoYWQgb25lIHNoYXJkIG1pc3NpbmcgYW5kIGtlcHQgZ2V0dGluZyBOUEVzIG9uIG1hc3RlciBp
bnN0ZWFkIG9mIGEgcGFydGlhbGx5IGZhaWxlZCByZXNwb25zZSBiZWNhdXNlIHJlc3Qgc3RhdHVz
IGluIFNoYXJkU2VhcmNoRmFpbHVyZSB3YXNuJ3QgaW5pdGlhbGl6ZWQuIFRoZSBpc3N1ZSBzZWVt
cyB0byBiZSByZWxhdGVkIHRvICMxMDM1Lgo=
",1,2
2011-06-27T11:39:33Z,,2013-01-29T09:27:34Z,15821,58196,"UHJlZml4IHF1ZXJpZXMgbmVlZHMgdG8gYmUgcmV3cml0dGVuIHNvIHRoZSBoaWdobGlnaHRlciBj
YW4gd29yay4gU28gdGhlIHB1bGwgcmVxdWVzdC4KClRoZSBoaWdobGlnaHQgb2YgcHJlZml4IHF1
ZXJpZXMgZG9lc24ndCBoaWdobGlnaHQgdGhlIHByZWZpeCBidXQgdGhlIGZ1bGwgd29yZC4gSSBo
YXZlIHdyaXR0ZW4gc29tZSBjb2RlIG9uIHRoZSBjbGllbnQgc2lkZSB0byBjaGFuZ2UgdGhlIGhp
Z2hsaWdodGVkIHdvcmRzLiBGb3IgaW5zdGFuY2UsIHNlYXJjaGluZyAic2tpIiwgbHVjZW5lIGhp
Z2hsaWdodCAiPD5za2lpbmc8Lz4iLCAiPD5za2luPC8+IiBvciAiPD5za2lsbHM8Lz4iLiBTbyBt
eSBjb2RlIGNoYW5nZSB0aGUgaGlnaGxpZ2h0ZWQgcGFydHMgdG8gYmU6ICI8PnNraTwvPmluIiwg
ICI8PnNraTwvPm4iIG9yICI8PnNraTwvPmxscyIuIFRoaXMgY29kZSBtYXkgYmUgaW50ZXJlc3Rp
bmcgdG8gYmUgb24gdGhlIHNlcnZlciBwYXJ0LCBidXQgSSBkb24ndCBrbm93IHdoZXJlLiBJZiB5
b3UgdGhpbmsgaXQgaXMgaW50ZXJlc3RpbmcsIGxldCBtZSBrbm93Lgo=
",6,18
2011-07-04T12:17:06Z,,2011-07-06T14:55:55Z,151,5,"VGhpcyBjbGFzcyB3YXMgYmFja3BvcnRlZCB3aXRoIEtTdGVtIGJ1dCBzaW5jZSBFUyBpcyB1c2lu
ZyBMdWNlbmUgMy4zIG5vdyB0aGlzIGNsYXNzIHNob3VsZCBiZSByZW1vdmVkLgo=
",2,2
2011-07-05T09:07:02Z,2011-08-04T13:34:18Z,2011-08-04T13:34:18Z,0,0,,7,2
2011-07-06T07:53:47Z,,2014-03-31T09:42:35Z,12,86,"SGkgU2hheSwKCmJhc2VkIG9uIHRoZSBjb252ZXJzYXRpb24gd2UgaGFkIG9uIHRoZSBtYWlsaW5n
IGxpc3QsIEkgZmllbGQgdGhlIGZvbGxvd2luZyBpc3N1ZToKaHR0cHM6Ly9naXRodWIuY29tL2Vs
YXN0aWNzZWFyY2gvZWxhc3RpY3NlYXJjaC9pc3N1ZXMvMTA5MikgCmFuZCBwcm92aWRlZCBhIHBh
dGNoIGZvciBpdC4gCgpUaGUgZGlmZmljdWx0IHBhcnQgd2FzIHRvIGdldCBlY2xpcHNlIGNvbmZp
Z3VyZWQgY29ycmVjdGx5IHdpdGggZ3JhZGxlLiBJIGJhc2ljYWxseSBlbmRlZCB1cCB1c2luZyB0
aGUgZWNsaXBzZSBwbHVnaW4gZnJvbSBncmFkbGUgdGhhdCBnZW5lcmF0ZWQgY29uZmlnIGZpbGVz
IGFuZCBpdCB3b3JrZWQgbGlrZSBhIGNoYXJtISAKCldoZW4gSSBnZXQgYSBjaGFuZ2UgSSB3aWxs
IGFkZCBhIHNlY3Rpb24gdG8gdGhlIGRvYyBmb3IgdGhvc2Ugd2hvIHdhbnQgdG8gdXNlIEVjbGlw
c2Ugd2l0aCBFUyBzb3VyY2UgY29kZQo=
",7,6
2011-07-07T21:11:47Z,,2011-07-07T21:56:22Z,0,4,"Li9ncmFkbGV3IGNsZWFuIHRlc3QgIHdhcyByZXR1cm5pbmcgamF2YS5sYW5nLkNsYXNzTm90Rm91
bmRFeGNlcHRpb24gd2l0aG91dCB0aGVzZSBkZXBlbmRlbmNpZXMgb24gbXkgbWFjaGluZS4gTm90
IHN1cmUgaWYgdGhleSB3ZXJlIHJlbW92ZWQgaW50ZW50aW9uYWxseSBvciBub3QuCg==
",3,2
2011-02-15T16:11:12Z,,2011-02-16T16:29:03Z,0,1,,0,1
2011-02-18T22:14:03Z,,2011-02-20T00:21:15Z,3,3,"VXBkYXRlIHRpa2EgdG8gdGhlIG5ldyByZWxlYXNlLgo=
",1,2
2011-02-18T23:09:49Z,,2011-02-19T22:46:38Z,5,3,"SnVzdCBhIG1pbm9yIG5pdCBhcyBJIHdhcyBnb2luZyB0aHJvdWdoIHRoZSBjb2RlLi4uCg==
",1,2
2011-02-22T12:25:08Z,,2011-02-23T02:06:51Z,3,15,"QWRkIHN1cHBvcnQgZm9yIGBleGNoYW5nZV9kdXJhYmxlYCAoZGVmYXVsdCBgdHJ1ZWApLCBgcXVl
dWVfZHVyYWJsZWAgKGRlZmF1bHQgYHRydWVgKSwgYW5kIGBxdWV1ZV9hdXRvX2RlbGV0ZWAgKGRl
ZmF1bHQgYGZhbHNlYCkK
",1,2
2011-03-08T15:19:04Z,,2011-03-09T16:12:55Z,1,29,"QWRkZWQgb2F1dGggc3VwcG9ydCBmb3IgdHdpdHRlciByaXZlciBwbHVnaW4uCgpUaGUgZm9sbG93
aW5nIGNvbmZpZ3VyYXRpb24gc2hvdWxkIGJlIHNldDoKCmBgYApjdXJsIC1YUFVUIGxvY2FsaG9z
dDo5MjAwL19yaXZlci9teV90d2l0dGVyX3JpdmVyL19tZXRhIC1kICd7CiAgICAidHlwZSIgOiAi
dHdpdHRlciIsCiAgICAidHdpdHRlciIgOiB7CiAgICAgICAgIm9hdXRoIiA6IHsKICAgICAgICAg
ICAgImNvbnN1bWVyX2tleSIgOiAiLi4uIiwKICAgICAgICAgICAgImNvbnN1bWVyX3NlY3JldCI6
ICIuLi4iLAogICAgICAgICAgICAiYWNjZXNzX3Rva2VuIiA6ICIuLi4iLAogICAgICAgICAgICAi
YWNjZXNzX3Rva2VuX3NlY3JldCIgOiAiLi4uIgogICAgICAgIH0KICAgIH0sCiAgICAiaW5kZXgi
IDogewogICAgICAgICJpbmRleCIgOiAibXlfdHdpdHRlcl9yaXZlciIsCiAgICAgICAgInR5cGUi
IDogInN0YXR1cyIsCiAgICAgICAgImJ1bGtfc2l6ZSIgOiAxMDAKICAgIH0KfScKYGBgCg==
",1,2
2011-03-19T01:30:28Z,,2011-04-22T07:39:28Z,15,14,"SnVzdCBhIGZldyBtaW5vciBpbXByb3ZlbWVudHMuCg==
",4,2
2011-03-19T09:49:01Z,,2011-03-20T01:00:04Z,0,2,"VGhpcyBpcyBhIHN1Z2dlc3RlZCBmaXggZm9yIGVsYXN0aWNzZWFyY2gvZWxhc3RpY3NlYXJjaCM3
OTUK
",4,2
2011-04-15T03:29:51Z,,2011-04-15T22:20:52Z,1,20,"SSB3b3VsZCBsaWtlIHRvIGJlIGFibGUgdG8gbG9hZCBzaGFyZWQgc2V0dGluZ3MgZnJvbSBhIGNl
bnRyYWxpemVkIHNvdXJjZSAoWm9vS2VlcGVyIGluIG15IGNhc2UpIHVzaW5nIGEgcGx1Zy1pbi4g
SXQgbG9va3MgbGlrZSB1cGRhdGVkU2V0dGluZ3MgbWV0aG9kIG9mIFBsdWdpbnNTZXJ2aWNlIHdh
cyBtZWFudCB0byBhbGxvdyB0aGF0LCBidXQgaXQgd2Fzbid0IGNvbXBsZXRlbHkgaW1wbGVtZW50
ZWQgZm9yIHNvbWUgcmVhc29uLiBXb3VsZCB0aGlzIGltcGxlbWVudGF0aW9uIGJlIE9LPwoKVGhh
bmsgeW91LAoKSWdvcgo=
",2,2
2011-04-21T07:53:09Z,,2011-04-21T12:53:02Z,1,5,"SGksCgpJJ3ZlIGZpeGVkIHNvbWUgdHlwbyBhbmQgVVJMIGluIFJlYWRtZSwKCmthcm1pCg==
",1,2
2011-04-21T16:05:18Z,,2011-04-21T18:58:50Z,7,2,"SSByYW4gaW50byBhbiBpc3N1ZSB3aXRoIGEgZGlzY292ZXJ5IG1vZHVsZSB0aGF0IGhhcyBhIGNh
bWVsQ2FzZWQgbmFtZS4gVGhlIG1vZHVsZSdzIG5hbWUgaXMgb3JnLmVsYXN0aWNzZWFyY2guZGlz
Y292ZXJ5Lnpvb2tlZXBlci5ab29LZWVwZXJEaXNjb3ZlcnlNb2R1bGUgYW5kIEkgYW0gdHJ5aW5n
IHRvIGxvYWQgaXQgdXNpbmcgInpvby1rZWVwZXIiIGFzIGEgZGlzY292ZXJ5IHR5cGUuIFVuZm9y
dHVuYXRlbHksIEltbXV0YWJsZVNldHRpbmdzLmdldEFzQ2xhc3MgZmlyc3QgdHJpZXMgdG8gbG9h
ZCBvcmcuZWxhc3RpY3NlYXJjaC5kaXNjb3Zlcnkuem9vS2VlcGVyLlpvb0tlZXBlckRpc2NvdmVy
eU1vZHVsZSBhbmQgb24gTWFjIE9TIFggaXQgZmFpbHMgd2l0aCBOb0NsYXNzRGVmRm91bmRFcnJv
ciBpbnN0ZWFkIG9mIENsYXNzTm90Rm91bmRFeGNlcHRpb24sIHNvIHRoZSBjbGFzcyB3aXRoIGNv
cnJlY3QgcGFja2FnZSBuYW1lIGlzIG5ldmVyIGxvYWRlZC4gU2luY2UgdXNpbmcgY2FtZWxDYXNl
IGZvciBwYWNrYWdlIG5hbWVzIGlzIHNvbWV3aGF0IHVudXN1YWwsIHdvdWxkbid0IGl0IG1ha2Ug
c2Vuc2UgdG8gbm90IGF0dGVtcHQgdG8gbG9hZCBhIGNsYXNzIHdpdGggc3VjaCBuYW1lPyAK
",3,2
2011-04-26T13:49:29Z,2011-04-26T14:16:01Z,2011-04-26T14:16:01Z,1,1,"RmlzdCAtPiBGaXJzdAo=
",1,2
2011-04-27T19:32:17Z,,2011-05-24T23:20:20Z,15,664,"Rml4IHBvc3NpYmxlIHR5cG9zLiBJZiBpbnRlbnRpb25hbCwgcGxlYXNlIGlnbm9yZS4K
",2,2
2011-05-03T01:14:41Z,,2011-05-03T13:45:27Z,0,24,"QWRkaW5nIHN1cHBvcnQgZm9yIGFjY2Vzc2luZyBFQzIgYW5kIFMzIG92ZXIgYW4gaHR0cCBwcm94
eS4gVGhpcyBpcyBjb25maWd1cmVkIHVzaW5nIHRoZSBgbmV0d29yay5wcm94eUhvc3RgIGFuZCBg
bmV0d29yay5wcm94eVBvcnRgIHNldHRpbmdzLgo=
",1,2
2011-05-03T21:12:35Z,,2011-05-04T06:54:21Z,8,1,"VGhlIHNlY29uZCBtYXAgZG9lc24ndCBzZWVtIHRvIGJlIG5lY2Vzc2FyeS4gCg==
",1,2
2011-05-11T21:09:51Z,,2011-05-11T21:44:07Z,1,2,"SWYgeW91IGNyZWF0ZSB0d28gYWxpYXNlcyBwb2ludGluZyB0byB0aGUgc2FtZSBpbmRleCBhbmQg
dGhlbiBleGVjdXRlIF9jb3VudCBvbiBib3RoIGFsaWFzZXMsIHRoZSBjb3VudCBpcyBkb3VibGVk
LiBTZWFyY2gsIGhvd2V2ZXIsIHJlbW92ZXMgZHVwbGljYXRlcyAoYXQgbGVhc3QgaWYgYSBzbWFs
bCBudW1iZXIgb2YgcmVjb3JkcyBpcyByZXR1cm5lZCkuIFNlZSBodHRwczovL2dpc3QuZ2l0aHVi
LmNvbS85NjczNDIgZm9yIGEgZGVtbyBzY3JpcHQuIEkgYW0gbm90IGVudGlyZWx5IHN1cmUgaWYg
dGhpcyBpcyBhIGJ1ZyBvZiBhIGZlYXR1cmUuIElmIHRoaXMgaXMgYSBidWcsIGhlcmUgaXMgYSBz
bWFsbCBmaXguIAo=
",2,2
2011-05-16T13:58:29Z,,2011-05-16T15:10:37Z,1,51,"V2hlbiB5b3UgcmVnaXN0ZXIgbXVsdGlwbGUgcGVyY29sYXRvcnMsIHlvdSBjYW4gZ2V0IGZhbHNl
IG1hdGNoZXMgaWYgYXQgbGVhc3Qgb25lIHBlcmNvbGF0b3IgbWF0Y2hlcyB0aGUgcXVlcnkuIEl0
J3MgY2F1c2VkIGJ5IG5vdCByZXNldGluZyBMdWNlbmUuRXhpc3RzQ29sbGVjdG9yIGFmdGVyIHRo
ZSBtYXRjaC4K
",2,2
2011-05-17T05:11:48Z,,2011-05-17T12:59:33Z,104,731,"U2hheSwgSSB0b29rIGEgc2hvdCBhdCBhZGRpbmcgZmlsdGVycyB0byBhbGlhc2VzLiBJIGtub3cg
dGhhdCB5b3Ugd2VyZSBwbGFubmluZyB0byBkbyBpdCBhdCBzb21lIHBvaW50IG9mIHRpbWUsIGJ1
dCBub3Qgc3VyZSBpZiB0aGlzIGlzIHdoYXQgeW91IGhhZCBpbiBtaW5kLiBJZiBpdCdzIG5vdCwg
cGxlYXNlIGxldCBtZSBrbm93LiBGaWx0ZXJpbmcgYWxpYXNlcyBhcmUgaW1wbGVtZW50ZWQgZm9y
IG1vc3Qgb2YgdGhlIG1ldGhvZHMuIEEgY291cGxlIG9mIG1ldGhvZHMgd2hlcmUgSSB3YXNuJ3Qg
c3VyZSB3aGF0IHdvdWxkIGJlIGEgcHJvcGVyIGJlaGF2aW9yIHdpdGggcmVnYXJkIHRvIGZpbHRl
cnMgYXJlIFBlcmNvbGF0b3IgYW5kIERlbGV0ZUluZGV4LiBJbiB0aGUgZmlyc3QgY2FzZSwgaXQg
c2VlbXMgdGhhdCBmaWx0ZXJzIHNob3VsZG4ndCBhZmZlY3QgdGhlIGJlaGF2aW9yIGF0IGFsbC4g
SW4gdGhlIHNlY29uZCBjYXNlLCBwZXJoYXBzLCBpdCBjb3VsZCBiZSBhcHByb3ByaWF0ZSB0byB0
aHJvdyBhbiBFeGNlcHRpb24gaWYgYSBEZWxldGVJbmRleCBpcyBjYWxsZWQgb24gYW4gYWxpYXMg
d2l0aCBhIGZpbHRlciB0byBwcmV2ZW50LiBDb3VsZCB5b3UgdGFrZSBhIGxvb2s/Cg==
",3,2
2011-05-17T18:18:24Z,,2011-05-17T21:14:39Z,21,213,"Tm90IHN1cmUgd2hhdCB0byBkbyB3aXRoIFJlc3RDbHVzdGVyU3RhdGVBY3Rpb24gdG8gbWFrZSBy
ZXNwb25zZSBiYWNrd2FyZCBjb21wYXRpYmxlIGluIHRoZSBmdXR1cmUuCg==
",5,2
2011-05-19T05:07:50Z,,2011-05-19T12:13:58Z,8,307,"QXMgcGVyIG91ciBkaXNjdXNzaW9uLCB0aGlzIGNvbW1pdCBvbmx5IGFkZHMgYW4gYWJpbGl0eSB0
byBzdG9yZSBmaWx0ZXIgc291cmNlLiBUaGUgc3RvcmVkIGZpbHRlcnMgYXJlIG5vdCB5ZXQgdXNl
ZCB0byBmaWx0ZXIgc2VhcmNoIHJlc3VsdHMuCg==
",2,2
2011-05-19T14:01:28Z,,2011-05-19T16:10:28Z,8,378,"VXBkYXRlZCB0aGUgY29kZSBhY2NvcmRpbmcgdG8geW91ciBjb21tZW50cy4K
",1,2
2011-05-19T16:17:40Z,,2011-05-19T17:34:36Z,8,378,"VXBkYXRlZCBhY2NvcmRpbmcgdG8geW91ciBjb21tZW50cyBhbmQgc3F1YXNoZWQgaW50byBhIHNp
bmdsZSBjb21taXQuCgpUaGlzIGNvbW1pdCBvbmx5IGFkZHMgYW4gYWJpbGl0eSB0byBzdG9yZSBm
aWx0ZXIgc291cmNlLiBUaGUgc3RvcmVkIGZpbHRlcnMgYXJlIG5vdCB5ZXQgdXNlZCB0byBmaWx0
ZXIgc2VhcmNoIHJlc3VsdHMuCg==
",1,2
2011-05-19T19:07:12Z,,2011-05-19T21:00:38Z,2,34,"VGhpcyBhZGRzIHRoZSBhYmlsaXR5IHRvIHNwZWNpZnkgYSBsaXN0IG9mIHN0b3B3b3JkIGFydGlj
bGVzIHdpdGggdGhlIHNldHRpbmcgImFydGljbGVzIi4KCjxwcmU+CmluZGV4OgogICAgYW5hbHlz
aXM6CiAgICAgICAgYW5hbHl6ZXI6CiAgICAgICAgICAgIGRlZmF1bHQ6CiAgICAgICAgICAgICAg
ICB0b2tlbml6ZXI6IHN0YW5kYXJkCiAgICAgICAgICAgICAgICBmaWx0ZXI6IFtlbGlzaW9uXQog
ICAgICAgIGZpbHRlcjoKICAgICAgICAgICAgZWxpc2lvbjoKICAgICAgICAgICAgICAgIHR5cGU6
IGVsaXNpb24KICAgICAgICAgICAgICAgIGFydGljbGVzOiBbbCwgbSwgdCwgcXUsIG4sIHMsIGpd
IAo8L3ByZT4KCgpCeSBkZWZhdWx0IHRoZSBzdGFuZGFydCBzdG9wIHdvcmRzIGFyZSB1c2VkLgo=
",1,2
2011-05-22T00:08:02Z,,2011-05-22T01:16:51Z,1,446,"QWRkZWQgSW5kZXhBbGlhc1NlcnZpY2UgYXMgcGVyIG91ciBkaXNjdXNzaW9uLiBOb3Qgc3VyZSBo
b3cgdG8gdGVzdCBsb2dpYyBJbmRpY2VzQ2x1c3RlclN0YXRlU2VydmljZSBsZXZlbCB1bnRpbCBJ
bmRleEFsaWFzU2VydmljZSBpcyBhY3R1YWxseSB1c2VkIHNvbWV3aGVyZS4gVGhlIGxvZ2ljIG9m
IG9idGFpbmluZyBmaWx0ZXIgcGFyc2VyIGluIEluZGV4QWxpYXNlc1NlcnZpY2UucGFyc2VyIGNh
biBiZSwgcHJvYmFibHksIGltcHJvdmVkIGFzIHdlbGwuCg==
",0,2
2011-05-22T01:19:14Z,,2011-05-22T04:12:40Z,1,446,"VXBkYXRlZCBhY2NvcmRpbmcgdG8geW91ciBjb21tZW50cwo=
",1,2
2011-05-23T11:47:13Z,,2011-05-23T21:49:13Z,1,1,"VHJpdmlhbCBmaXggcmVnYXJkaW5nIHRoZSBidWlsZCBvZiB0aGUganNvbiBxdWVyeQo=
",1,2
2011-05-23T14:28:59Z,,2011-06-15T19:23:07Z,22,250,"LSBhZGRzIGEgbGl0dGxlIGJpdCB0byBncmFkbGUuYnVpbGQgZmlsZXMgdGhhdCBhbGxvd3Mgc29t
ZW9uZSB0byBzaW1wbGUgdXNlICdncmFkbGUgZWNsaXBzZScgdG8gZ2VuZXJhdGUgZWNsaXBzZSBw
cm9qZWN0IGFuZCBjbGFzc3BhdGggZmlsZXMuCi0gYWxzbyBhZGRzIHRoZSBFYzJOYW1lUmVzb2x2
ZXIgd2hpY2ggaXMgcGFydCAxIG9mIGh0dHBzOi8vZ2l0aHViLmNvbS9lbGFzdGljc2VhcmNoL2Vs
YXN0aWNzZWFyY2gvaXNzdWVzLzk0MAoKKHVuZm9ydHVuYXRlbHkgbXkgY29tbWl0IHdlbnQgYSBs
aXR0bGUgYXdyeSBhbmQgYWRkZWQgdGhlIEVjMk5hbWVSZXNvbHZlciB0byB3aGF0IHdhcyBzdXBw
b3NlZCB0byBqdXN0IGJlIGVjbGlwc2Ugc3VwcG9ydCkK
",9,2
2011-05-24T05:48:13Z,,2011-05-25T00:07:08Z,61,391,"SGFkIHRvIG1vdmUgYSBjb3VwbGUgb2YgdGhpbmdzIGFyb3VuZCBpbiBvcmRlciB0byBpbXBsZW1l
bnQgdGhlIG9wdGltaXphdGlvbiB0aGF0IHdlIGRpc2N1c3NlZC4gQWxzbyBhZGRlZCBtb3JlIHRl
c3RzIHRvIGNvdmVyIGNvbWJpbmF0aW9ucyBvZiBhbGlhc2VzIGFuZCBpbmRpY2VzLgo=
",7,2
2011-05-25T01:54:22Z,,2011-05-25T04:11:05Z,34,85,,1,2
2011-05-25T12:11:22Z,,2011-05-25T13:29:11Z,0,13,"SXQgaXMgc3VwcG9ydGVkIG9uIHRoZSBzZXJ2ZXIgc2lkZSwgYnV0IG5vdCBvbiB0aGUgamF2YSBj
bGllbnQgc2lkZS4K
",1,2
2011-05-25T16:16:17Z,,2011-05-25T23:16:19Z,30,222,,0,2
2011-05-25T23:38:30Z,,2011-05-26T09:10:22Z,30,222,"RGVsZXRlQnlRdWVyeSBzZXJpYWxpemF0aW9uIGluIFRyYW5zbG9nIGlzIG5vdyB1c2luZyB2ZXJz
aW9uCg==
",1,2
2011-05-26T20:49:38Z,,2011-05-26T20:51:12Z,0,3,"Rm91bmQgaXNzdWUgd2l0aCBoaWRkZW4gZmlsZXMgYXR0ZW1wdGluZyB0byBiZSBpbmRleGVkIHdo
ZW4gbWFwcGluZ3MgYmVpbmcgbG9hZGVkLiBUaGlzIGFsbG93cyBtYXBwaW5ncyB0byBza2lwIGhp
ZGRlbiBmaWxlcy4KCmZhaWxlZCB0byByZWFkIC8gcGFyc2UgbWFwcGluZyBbXSBmcm9tIGxvY2F0
aW9uIFsvb3B0L2VsYXN0aWMvY3VycmVudC9jb25maWcvbWFwcGluZ3MvbjIzMy8uc3ZuXSwgaWdu
b3JpbmcuLi4KamF2YS5pby5GaWxlTm90Rm91bmRFeGNlcHRpb246IC9vcHQvZWxhc3RpYy9jdXJy
ZW50L2NvbmZpZy9tYXBwaW5ncy9uMjMzLy5zdm4gKElzIGEgZGlyZWN0b3J5KQogICAgICAgIGF0
IGphdmEuaW8uRmlsZUlucHV0U3RyZWFtLm9wZW4oTmF0aXZlIE1ldGhvZCkK
",1,2
2011-05-30T17:16:01Z,,2011-05-30T20:54:25Z,28,29,"VGhlIGpzb24gZ2VuZXJhdGVkIGZyb20gYSBib29sZWFuIHF1ZXJ5IGNhbiBwcm9kdWNlIGEgbWFw
IHdpdGggc2V2ZXJhbCBzYW1lIGtleXMuIFRoZSBrZXlzIGJlaW5nIGR1cGxpY2F0ZWQgYXJlICJt
dXN0IiwgIm11c3Rfbm90IiBhbmQgInNob3VsZCIuIEkgZml4ZWQgdGhpcyBieSBnZW5lcmF0aW5n
IGFycmF5cywgYXMgc3VnZ2VzdGVkIGJ5IHRoZSBkb2M6IGh0dHA6Ly93d3cuZWxhc3RpY3NlYXJj
aC5vcmcvZ3VpZGUvcmVmZXJlbmNlL3F1ZXJ5LWRzbC9ib29sLXF1ZXJ5Lmh0bWwKClRoaXMgYnVn
IGhhZCBubyBpbXBhY3Qgb24gdGhlIHVzZSBvZiB0aGUgSmF2YSBjbGllbnQgcGVyIHNlLCBidXQg
aGFzIHNvbWUgY29uc2VxdWVuY2Ugd2hlbiB0aGUgcmVzdWx0IG9mIGEgeGJ1aWxkZXIgaXMgbWFu
aXB1bGF0ZWQgaW4gamF2YSAodGhlIEphdmEgbWFwIG1ha2VzIGR1cGxpY2F0ZWQga2V5IG92ZXJy
aWRlcyB0aGVtc2VsdmVzKS4K
",5,2
2011-06-07T19:51:09Z,,2014-07-08T12:16:18Z,70,1013,"VGhpcyBwdWxsIHJlcXVlc3QgaXMgZm9yIHRoZSAiaGVsbG8gcmVzdCIgYW5kICJoZWxsbyBzZWN1
cmUgcmVzdCIgc2FtcGxlcyBwbHVnaW5zLCBhbmQgdGhlIHJlcXVpcmVkIG1vZGlmaWNhdGlvbnMg
aW4gZWxhc3RpY3NlYXJjaCB0byBzdXBwb3J0IHRoZW0uCgpJdCBhZGRzIHRoZSBhYmlsaXR5IHRv
IHJlcGxhY2UvYWRkIHRvIGVsYXN0aWNzZWFyY2ggUkVTVCBBUEkgd2l0aCBhIGN1c3RvbSByZXN0
IGhhbmRsZXIgKGlzc3VlIDk3NCkgYW5kIHRvIGFkZCAicmV2ZXJzZSBwcm94aWVzIiAoZmlsdGVy
cykgb24gdG9wIG9mIFJFU1QgQVBJcyB0byBwZXJmb3JtIGJhc2ljIHNlY3VyaXR5IGNoZWNrcyAo
aXNzdWUgMTAwMykuCg==
",2,3
2011-06-09T22:30:24Z,,2011-06-12T14:22:35Z,81,1165,"TWFkZSBBUEkgY2hhbmdlcyB0aGF0IHdlIGRpc2N1c3NlZCBhbmQgYWRkZWQgbW9yZSB0ZXN0cy4K
",2,2
2011-06-09T23:19:30Z,,2011-06-10T00:10:31Z,4,13,"VGhvdWdodCB0aGlzIHdvdWxkIGJlIHVzZWZ1bCBzaW5jZSBJIGRpZG4ndCBleHBlY3QgdG8gaGF2
ZSB0byBwYXNzIGlwIGFkZHJlc3NlcyBmb3IgdGhlIG1pbl9zaW1pbGFyaXR5Lgo=
",1,2
2011-06-12T10:43:32Z,,2011-06-12T11:09:38Z,218,212,"LSBhZGRlZCB0eXBlIGluZm9ybWF0aW9uIHRvIHB1YmxpYyBtZXRob2RzCi0gcmVtb3ZlZCBzZW1p
Y29sb25zCi0gcmVwbGFjZWQgR1N0cmluZ3Mgd2l0aCBTdHJpbmdzCg==
",1,2
2011-06-12T15:52:08Z,,2011-06-12T20:49:19Z,81,1166,"UmViYXNlZCB0byByZXNvbHZlIG1lcmdlIGNvbmZsaWN0cy4gCg==
",1,2
2011-06-15T03:10:09Z,,2011-06-15T11:09:07Z,33,531,"QWRkZWQgd2FpdCBmb3IgdGhlIGNsdXN0ZXIgc3RhdGUgcHJvcGFnYXRpb24gYWZ0ZXIgY2hhbmdl
cyB0byBhbGlhc2VzIGFzIHdlIGRpc2N1c3NlZC4gQ291bGQgeW91IHRha2UgYSBsb29rPwo=
",0,2
2011-06-15T13:04:50Z,,2011-06-16T16:25:31Z,33,525,"Rml4ZWQgbG9nZ2luZyBsZXZlbCwgcmVuYW1lZCBOb2RlQWxpYXNVcGRhdGVkVHJhbnNwb3J0SGFu
ZGxlciwgYW5kIG1vdmUgdmVyc2lvbiBjaGVjayB0byB0aGUgQ291bnREb3duTGlzdGVuZXIuICAK
",0,2
2011-06-17T04:12:13Z,,2011-06-19T08:14:49Z,32,67,"Tm90IHN1cmUgaWYgSSBzaG91bGQgc3BsaXQgdGhlc2UgY29tbWl0cyBpbnRvIHNlcGFyYXRlIHB1
bGwgcmVxdWVzdHMgb3Igbm90Lgo=
",1,2
2011-06-20T22:02:11Z,,2011-07-06T14:57:06Z,2,0,"VGhlc2UgcmVmcmVzaCBjYWxscyBhcmUgbm8gbG9uZ2VyIG5lZWRlZCBzaW5jZSAjMTA0NyB3YXMg
Zml4ZWQuCg==
",1,2
2011-06-21T14:13:28Z,,2011-06-24T07:52:52Z,2,137,"VGVzdGluZyBzY3JpcHQgZm9yICoqS2V5d29yZE1hcmtlckZpbHRlcioqOgoKYGBgCmN1cmwgLVgg
REVMRVRFICdsb2NhbGhvc3Q6OTIwMC90ZXN0P3ByZXR0eT0xJwplY2hvCgpjdXJsIC1YIFBVVCAn
bG9jYWxob3N0OjkyMDAvdGVzdD9wcmV0dHk9MScgLWQgJ3sgICAgCiAgICAic2V0dGluZ3MiIDog
ewogICAgICAgICJpbmRleCIgOiB7ICJudW1iZXJfb2Zfc2hhcmRzIiA6IDEsICJudW1iZXJfb2Zf
cmVwbGljYXMiIDogMCB9LAogICAgICAgICJhbmFseXNpcyIgOiB7CiAgICAgICAgICAgICJhbmFs
eXplciIgOiB7CiAgICAgICAgICAgICAgICAic25vd2JhbGwiIDogewogICAgICAgICAgICAgICAg
ICAgICJ0eXBlIiA6ICJjdXN0b20iLAogICAgICAgICAgICAgICAgICAgICJ0b2tlbml6ZXIiIDog
InN0YW5kYXJkIiwKICAgICAgICAgICAgICAgICAgICAiZmlsdGVyIiA6IFsgInN0YW5kYXJkIiwg
InNub3diYWxsIiBdCiAgICAgICAgICAgICAgICB9LAogICAgICAgICAgICAgICAgInNub3diYWxs
X3dpdGhfa2V5d29yZHMiIDogewogICAgICAgICAgICAgICAgICAgICJ0eXBlIiA6ICJjdXN0b20i
LAogICAgICAgICAgICAgICAgICAgICJ0b2tlbml6ZXIiIDogInN0YW5kYXJkIiwKICAgICAgICAg
ICAgICAgICAgICAiZmlsdGVyIiA6IFsgInN0YW5kYXJkIiwgImtleXdvcmRfbWFya2VyIiwgInNu
b3diYWxsIiBdCiAgICAgICAgICAgICAgICB9CiAgICAgICAgICAgIH0sCiAgICAgICAgICAgICJm
aWx0ZXIiIDogewogICAgICAgICAgICAgICAgImtleXdvcmRfbWFya2VyIiA6IHsKICAgICAgICAg
ICAgICAgICAgICAidHlwZSIgOiAia2V5d29yZF9tYXJrZXIiLAogICAgICAgICAgICAgICAgICAg
ICJrZXl3b3JkcyIgOiBbICJtYW5hZ2VhYmxlIiwgIk1hbmFnZWQiIF0KICAgICAgICAgICAgICAg
IH0KICAgICAgICAgICAgfQogICAgICAgIH0KICAgIH0KfScKZWNobwoKY3VybCAtWEdFVCAnaHR0
cDovL2xvY2FsaG9zdDo5MjAwL19jbHVzdGVyL2hlYWx0aD93YWl0X2Zvcl9zdGF0dXM9Z3JlZW4m
cHJldHR5PTEmdGltZW91dD01cycKCmVjaG8gJz4+PiBzbm93YmFsbCc7IGN1cmwgJ2xvY2FsaG9z
dDo5MjAwL3Rlc3QvX2FuYWx5emU/Zm9ybWF0PXRleHQmYW5hbHl6ZXI9c25vd2JhbGwnICAgICAg
ICAgICAgICAgLWQgIm1hbmFnZXIgbWFuYWdlZCBtYW5hZ2VhYmxlIG1hbmFnZXMgTWFuYWdlZCIK
ZWNobyAnPj4+IGtleXdvcmRzJzsgY3VybCAnbG9jYWxob3N0OjkyMDAvdGVzdC9fYW5hbHl6ZT9m
b3JtYXQ9dGV4dCZhbmFseXplcj1zbm93YmFsbF93aXRoX2tleXdvcmRzJyAtZCAibWFuYWdlciBt
YW5hZ2VkIG1hbmFnZWFibGUgbWFuYWdlcyBNYW5hZ2VkIgplY2hvOwpgYGAKClRlc3Rpbmcgc2Ny
aXB0IGZvciAqKlN0ZW1tZXJPdmVycmlkZUZpbHRlcioqOgoKYGBgCmN1cmwgLVggREVMRVRFICds
b2NhbGhvc3Q6OTIwMC90ZXN0P3ByZXR0eT0xJwplY2hvCgpjdXJsIC1YIFBVVCAnbG9jYWxob3N0
OjkyMDAvdGVzdD9wcmV0dHk9MScgLWQgJ3sgICAgCiAgICAic2V0dGluZ3MiIDogewogICAgICAg
ICJpbmRleCIgOiB7ICJudW1iZXJfb2Zfc2hhcmRzIiA6IDEsICJudW1iZXJfb2ZfcmVwbGljYXMi
IDogMCB9LAogICAgICAgICJhbmFseXNpcyIgOiB7CiAgICAgICAgICAgICJhbmFseXplciIgOiB7
CiAgICAgICAgICAgICAgICAic25vd2JhbGwiIDogewogICAgICAgICAgICAgICAgICAgICJ0eXBl
IiA6ICJjdXN0b20iLAogICAgICAgICAgICAgICAgICAgICJ0b2tlbml6ZXIiIDogInN0YW5kYXJk
IiwKICAgICAgICAgICAgICAgICAgICAiZmlsdGVyIiA6IFsgInN0YW5kYXJkIiwgInNub3diYWxs
IiBdCiAgICAgICAgICAgICAgICB9LAogICAgICAgICAgICAgICAgInNub3diYWxsX3dpdGhfb3Zl
cnJpZGUiIDogewogICAgICAgICAgICAgICAgICAgICJ0eXBlIiA6ICJjdXN0b20iLAogICAgICAg
ICAgICAgICAgICAgICJ0b2tlbml6ZXIiIDogInN0YW5kYXJkIiwKICAgICAgICAgICAgICAgICAg
ICAiZmlsdGVyIiA6IFsgInN0YW5kYXJkIiwgInN0ZW1tZXJfb3ZlcnJpZGUiLCAic25vd2JhbGwi
IF0KICAgICAgICAgICAgICAgIH0KICAgICAgICAgICAgfSwKICAgICAgICAgICAgImZpbHRlciIg
OiB7CiAgICAgICAgICAgICAgICAic3RlbW1lcl9vdmVycmlkZSIgOiB7CiAgICAgICAgICAgICAg
ICAgICAgInR5cGUiIDogInN0ZW1tZXJfb3ZlcnJpZGUiLAogICAgICAgICAgICAgICAgICAgICJy
dWxlcyIgOiBbICJtYW5hZ2VhYmxlID0+IHVsdHJhbWFuYWdlYWJsZSIsICJCb29rZWQgPT4gQm9v
a3MiIF0KICAgICAgICAgICAgICAgIH0KICAgICAgICAgICAgfQogICAgICAgIH0KICAgIH0KfScK
ZWNobwoKY3VybCAtWEdFVCAnaHR0cDovL2xvY2FsaG9zdDo5MjAwL19jbHVzdGVyL2hlYWx0aD93
YWl0X2Zvcl9zdGF0dXM9Z3JlZW4mcHJldHR5PTEmdGltZW91dD01cycKCmVjaG8gJz4+PiBzbm93
YmFsbCc7IGN1cmwgJ2xvY2FsaG9zdDo5MjAwL3Rlc3QvX2FuYWx5emU/Zm9ybWF0PXRleHQmYW5h
bHl6ZXI9c25vd2JhbGwnICAgICAgICAgICAgICAgLWQgIm1hbmFnZXIgbWFuYWdlZCBtYW5hZ2Vh
YmxlIG1hbmFnZXMgQm9va2VkIgplY2hvICc+Pj4ga2V5d29yZHMnOyBjdXJsICdsb2NhbGhvc3Q6
OTIwMC90ZXN0L19hbmFseXplP2Zvcm1hdD10ZXh0JmFuYWx5emVyPXNub3diYWxsX3dpdGhfb3Zl
cnJpZGUnIC1kICJtYW5hZ2VyIG1hbmFnZWQgbWFuYWdlYWJsZSBtYW5hZ2VzIEJvb2tlZCIKZWNo
bzsKYGBgCg==
",1,2
2011-06-23T00:50:51Z,,2011-07-18T16:47:04Z,0,2748,"VGhpcyBpcyBhbiBpbml0aWFsIGltcGxlbWVudGF0aW9uIG9mIGEgWm9vS2VlcGVyLWJhc2VkIGRp
c2NvdmVyeSBwbHVnaW4uCgpVc2FnZToKLSBEb3dubG9hZCBab29LZWVwZXIgMy4zLjMgZnJvbSBo
dHRwOi8vem9va2VlcGVyLmFwYWNoZS5vcmcvcmVsZWFzZXMuaHRtbCAKLSBVbnppcCB0aGUgWm9v
S2VlcGVyIGFyY2hpdmUgaW50byBhIGRpcmVjdG9yeSwgcmVuYW1lIGNvbmYvem9vLXNhbXBsZS5j
bmYgaW50byB6b28uY25mIGFuZCBtb2RpZnkgZGF0YURpcj0gbGluZSB0byBwb2ludCB0byBhIGRp
cmVjdG9yeSBvbiB5b3VyIG1hY2hpbmUuIFN0YXJ0IFpvb0tlZXBlciBieSBydW5uaW5nIGJpbi96
a1NlcnZlci5zaCBzdGFydC4KLSBJbnN0YWxsIFpvb0tlZXBlciBwbHVnaW4gdG8gRVMKLSBBc3N1
bWluZyB0aGF0IHlvdSBhcmUgcnVubmluZyBab29LZWVwZXIgb24gdGhlIHBvcnQgIDIxODEgKGRl
ZmF1bHQpLCAgYWRkIHRoZSBmb2xsb3dpbmcgbGluZXMgdG8gY29uZmlnL2VsYXN0aWNzZWFyY2gu
eW1sIGZpbGUKCmBgYAp6b29rZWVwZXI6CiAgICBlbmFibGVkOiB0cnVlCiAgICBob3N0OiBsb2Nh
bGhvc3Q6MjE4MQpkaXNjb3Zlcnk6CiAgICB0eXBlOiB6b29fa2VlcGVyCmBgYAotIFN0YXJ0IEVT
IAo=
",7,4
2011-06-23T14:56:54Z,,2011-06-24T06:42:36Z,0,1,"SSBoYWQgb25lIHNoYXJkIG1pc3NpbmcgYW5kIGtlcHQgZ2V0dGluZyBOUEVzIG9uIG1hc3RlciBp
bnN0ZWFkIG9mIGEgcGFydGlhbGx5IGZhaWxlZCByZXNwb25zZSBiZWNhdXNlIHJlc3Qgc3RhdHVz
IGluIFNoYXJkU2VhcmNoRmFpbHVyZSB3YXNuJ3QgaW5pdGlhbGl6ZWQuIFRoZSBpc3N1ZSBzZWVt
cyB0byBiZSByZWxhdGVkIHRvICMxMDM1Lgo=
",1,2
2011-06-27T11:39:33Z,,2013-01-29T09:27:34Z,15821,58196,"UHJlZml4IHF1ZXJpZXMgbmVlZHMgdG8gYmUgcmV3cml0dGVuIHNvIHRoZSBoaWdobGlnaHRlciBj
YW4gd29yay4gU28gdGhlIHB1bGwgcmVxdWVzdC4KClRoZSBoaWdobGlnaHQgb2YgcHJlZml4IHF1
ZXJpZXMgZG9lc24ndCBoaWdobGlnaHQgdGhlIHByZWZpeCBidXQgdGhlIGZ1bGwgd29yZC4gSSBo
YXZlIHdyaXR0ZW4gc29tZSBjb2RlIG9uIHRoZSBjbGllbnQgc2lkZSB0byBjaGFuZ2UgdGhlIGhp
Z2hsaWdodGVkIHdvcmRzLiBGb3IgaW5zdGFuY2UsIHNlYXJjaGluZyAic2tpIiwgbHVjZW5lIGhp
Z2hsaWdodCAiPD5za2lpbmc8Lz4iLCAiPD5za2luPC8+IiBvciAiPD5za2lsbHM8Lz4iLiBTbyBt
eSBjb2RlIGNoYW5nZSB0aGUgaGlnaGxpZ2h0ZWQgcGFydHMgdG8gYmU6ICI8PnNraTwvPmluIiwg
ICI8PnNraTwvPm4iIG9yICI8PnNraTwvPmxscyIuIFRoaXMgY29kZSBtYXkgYmUgaW50ZXJlc3Rp
bmcgdG8gYmUgb24gdGhlIHNlcnZlciBwYXJ0LCBidXQgSSBkb24ndCBrbm93IHdoZXJlLiBJZiB5
b3UgdGhpbmsgaXQgaXMgaW50ZXJlc3RpbmcsIGxldCBtZSBrbm93Lgo=
",6,18
2011-07-04T12:17:06Z,,2011-07-06T14:55:55Z,151,5,"VGhpcyBjbGFzcyB3YXMgYmFja3BvcnRlZCB3aXRoIEtTdGVtIGJ1dCBzaW5jZSBFUyBpcyB1c2lu
ZyBMdWNlbmUgMy4zIG5vdyB0aGlzIGNsYXNzIHNob3VsZCBiZSByZW1vdmVkLgo=
",2,2
2011-07-05T09:07:02Z,2011-08-04T13:34:18Z,2011-08-04T13:34:18Z,0,0,,7,2
2011-07-06T07:53:47Z,,2014-03-31T09:42:35Z,12,86,"SGkgU2hheSwKCmJhc2VkIG9uIHRoZSBjb252ZXJzYXRpb24gd2UgaGFkIG9uIHRoZSBtYWlsaW5n
IGxpc3QsIEkgZmllbGQgdGhlIGZvbGxvd2luZyBpc3N1ZToKaHR0cHM6Ly9naXRodWIuY29tL2Vs
YXN0aWNzZWFyY2gvZWxhc3RpY3NlYXJjaC9pc3N1ZXMvMTA5MikgCmFuZCBwcm92aWRlZCBhIHBh
dGNoIGZvciBpdC4gCgpUaGUgZGlmZmljdWx0IHBhcnQgd2FzIHRvIGdldCBlY2xpcHNlIGNvbmZp
Z3VyZWQgY29ycmVjdGx5IHdpdGggZ3JhZGxlLiBJIGJhc2ljYWxseSBlbmRlZCB1cCB1c2luZyB0
aGUgZWNsaXBzZSBwbHVnaW4gZnJvbSBncmFkbGUgdGhhdCBnZW5lcmF0ZWQgY29uZmlnIGZpbGVz
IGFuZCBpdCB3b3JrZWQgbGlrZSBhIGNoYXJtISAKCldoZW4gSSBnZXQgYSBjaGFuZ2UgSSB3aWxs
IGFkZCBhIHNlY3Rpb24gdG8gdGhlIGRvYyBmb3IgdGhvc2Ugd2hvIHdhbnQgdG8gdXNlIEVjbGlw
c2Ugd2l0aCBFUyBzb3VyY2UgY29kZQo=
",7,6
2011-07-07T21:11:47Z,,2011-07-07T21:56:22Z,0,4,"Li9ncmFkbGV3IGNsZWFuIHRlc3QgIHdhcyByZXR1cm5pbmcgamF2YS5sYW5nLkNsYXNzTm90Rm91
bmRFeGNlcHRpb24gd2l0aG91dCB0aGVzZSBkZXBlbmRlbmNpZXMgb24gbXkgbWFjaGluZS4gTm90
IHN1cmUgaWYgdGhleSB3ZXJlIHJlbW92ZWQgaW50ZW50aW9uYWxseSBvciBub3QuCg==
",3,2
