2013-02-04T06:09:57Z,2013-02-09T03:22:09Z,2013-02-09T03:22:09Z,0,266,"QWRkZWQgVmFncmFudGZpbGUgYW5kIFB1cHBldCBjb25maWcgdGhhdCBkb2VzIGFsbCBvZiB0aGUg
Zm9sbG93aW5nIHdpdGggYSBzaW1wbGUgYHZhZ3JhbnQgdXBgOgotIERvd25sb2FkIFF1YW50YWw2
NCBiYXNlIGJveAotIEtpY2sgb2ZmIFB1cHBldCB0byBkbzoKICAtIERvd25sb2FkICYgdW50YXIg
bW9zdCByZWNlbnQgZG9ja2VyIGJpbmFyeSB0YXJiYWxsIHRvIHZhZ3JhbnQgaG9tZWRpci4KICAt
IERlYm9vdHN0cmFwIHRvIC92YXIvbGliL2RvY2tlci9pbWFnZXMvdWJ1bnR1LgogIC0gSW5zdGFs
bCAmIHJ1biBkb2NrZXJkIGFzIHNlcnZpY2UuCiAgLSBQdXQgZG9ja2VyIGluIC91c3IvbG9jYWwv
YmluLgogIC0gUHV0IGxhdGVzdCBHbyB0b29sY2hhaW4gaW4gL3Vzci9sb2NhbC9nby4K
",0,2
2013-02-20T03:49:53Z,2013-02-20T06:58:24Z,2013-02-20T06:58:24Z,0,2,"VGlueSBjaGFuZ2UgdG8gaWdub3JlIGJpbmFyaWVzIHByb2R1Y2VkIHdoZW4gYnVpbGRpbmcK
",0,2
2013-02-20T03:57:02Z,2013-02-20T06:58:01Z,2013-02-20T06:58:01Z,0,2,"Tm90IHRlY2huaWNhbGx5IHJlcXVpcmVkLCBidXQgcG9saXRlLgo=
",0,2
2013-02-20T12:21:30Z,2013-02-20T17:48:13Z,2013-02-20T17:48:13Z,1,3,"V2hlcmUgcHJldmlvdXNseSBoaXR0aW5nIEVudGVyIGluIGFuIGludGVyYWN0aXZlIGNvbnRhaW5l
ciBwcm9jZXNzIHdvdWxkIHlpZWxkICJeTSIgYW5kIHJlcXVpcmUgeW91IHRvIGhpdCBDdHJsLUog
dG8gcHVzaCBhIG5ld2xpbmUsIHRoZXNlIGZsYWdzIGVuc3VyZSB0aGF0IG5ld2xpbmVzIGFyZSBz
ZW50IHdpdGggY2FycmlhZ2UgcmV0dXJucy4K
",0,2
2013-02-23T21:00:24Z,2013-02-23T21:11:39Z,2013-02-23T21:11:39Z,0,1,,0,2
2013-02-28T20:27:13Z,2013-03-01T00:32:56Z,2013-03-01T00:32:56Z,39,622,"SW1wbGVtZW50ZWQgbmV0d29ya2luZyBzdXBwb3J0IGZvciBEb2NrZXIuCi0gQXQgc3RhcnR1cCwg
RG9ja2VyIGFuYWx5emVzIHRoZSBicmlkZ2UgaW50ZXJmYWNlIGl0IHdpbGwgYmUgdXNpbmcgKGJ5
IGRlZmF1bHQsIGBseGNicjBgKSB0byBkZXRlcm1pbmUgdGhlIElQIGFkZHJlc3MgcmFuZ2UgaXQg
d2lsbCBiZSBhc3NpZ25pbmcgdG8gY29udGFpbmVycywgbmV0bWFzayBhbmQgZ2F0ZXdheS4KLSBC
ZWZvcmUgYSBjb250YWluZXIgc3RhcnRzLCBEb2NrZXIgYWxsb2NhdGVzIGFuIElQIGFkZHJlc3Mg
b24gdGhlIGJyaWRnZSBpbnRlcmZhY2UgYW5kIGNvbmZpZ3VyZXMgTFhDIHRvIGNyZWF0ZSBhIHZp
cnR1YWwgZXRoZXJuZXQgaW50ZXJmYWNlIHVzaW5nIHRoYXQgSVAuIFRoZSBJUCBpcyBhdXRvbWF0
aWNhbGx5IHJlbGVhc2VkIChhbmQgcmVjeWNsZWQpIGFzIHNvb24gYXMgdGhlIGNvbnRhaW5lciBp
cyBub3QgcnVubmluZyBhbnltb3JlLgotIE9uY2UgYSBjb250YWluZXIgaXMgY3JlYXRlZCwgYnV0
IGJlZm9yZSB0aGUgcHJvY2VzcyBpcyBzdGFydGVkLCBEb2NrZXIncyBzeXNpbml0IGNvZGUgd2ls
bCB0YWtlIGNhcmUgb2Ygc2V0dGluZyB1cCB0aGUgcm91dGluZyB0YWJsZS4gVGhlIGRlZmF1bHQg
cm91dGUgd2lsbCBwb2ludCB0byB0aGUgaG9zdCBicmlkZ2UgaW50ZXJmYWNlLgoKRG9ja2VyIG5v
dyBhbHNvIHN1cHBvcnRzIHJvdXRpbmcgaW5ib3VuZCB0cmFmZmljIHRvIGNvbnRhaW5lcnMgKFRD
UCBvbmx5KS4KLSBCeSBkZWZhdWx0LCBubyBpbmJvdW5kIHRyYWZmaWMgaXMgZm9yd2FyZGVkIHRv
IGNvbnRhaW5lcnMKLSBZb3UgY2FuIGV4cG9zZSBhIFRDUCBwb3J0IG9mIGEgY29udGFpbmVyIGJ5
IHVzaW5nIHRoZSBgLXBgIG9wdGlvbiBvZiBgZG9ja2VyIHJ1bmAsIGUuZy4gYGRvY2tlciBydW4g
LXAgMTIzNCBiYXNlIC0tIG5jIC1sIDEyMzRgCi0gRG9ja2VyIGluIHR1cm4gd2lsbCBhbGxvY2F0
ZSBhIFRDUCBwb3J0IG9uIHRoZSBob3N0IGFuZCBmb3J3YXJkIGl0IHRvIHRoZSBjb250YWluZXIg
KHJhbmdlOiBbNDkxNTMsNjU1MzVdKS4KLSBUaGUgcG9ydCBleHBvc2VkIG9uIHRoZSBob3N0IHdp
bGwgYmUgZGlmZmVyZW50IGZyb20gdGhlIHBvcnQgdGhlIGNvbnRhaW5lciBpcyBsaXN0ZW5pbmcg
dG8gaW50ZXJuYWxseS4gWW91IGNhbiBmaWd1cmUgb3V0IHRoZSBwb3J0IG1hcHBpbmcgYnkgcnVu
bmluZyBgZG9ja2VyIGluc3BlY3RgIGFuZCBsb29raW5nIHVuZGVyIE5ldHdvcmtTZXR0aW5ncy4K
LSBZb3UgY2FuIGV4cG9zZSBtdWx0aXBsZSBwb3J0cyBvbiBhIHNpbmdsZSBjb250YWluZXIuIEp1
c3Qgc3VwcGx5IHRoZSBgLXBgIG9wdGlvbiBzZXZlcmFsIHRpbWVzLgotIFRoZSBwb3J0cyBhcmUg
YXV0b21hdGljYWxseSByZWxlYXNlZCBhbmQgdW5tYXBwZWQgYXMgc29vbiBhcyB0aGUgY29udGFp
bmVyIHN0b3BzIHJ1bm5pbmcKClVuZGVyIHRoZSBob29kLCBwb3J0IGZvcndhcmRpbmcgaXMgaW1w
bGVtZW50ZWQgdXNpbmcgYGlwdGFibGVzYC4gRG9ja2VyIHdpbGwgZG8gaXRzIGJlc3Qgbm90IHRv
IGludGVyZmVyZSB3aXRoIHlvdXIgZXhpc3RpbmcgcnVsZXMuCi0gSXQgd2lsbCBjcmVhdGUgYSBu
ZXcgY2hhaW4gbmFtZWQgYERPQ0tFUmAgKGBuYXRgIHRhYmxlKS4gVGhpcyBjaGFpbiB3aWxsIGNv
bnRhaW4gYWxsIG9mIGRvY2tlcidzIHJ1bGVzLgotIGRvY2tlciB3aWxsIGFsc28gYXBwZW5kIGEg
c2luZ2xlIHJ1bGUgaW5zaWRlIHRoZSBgUFJFUk9VVElOR2AgY2hhaW4gd2hpY2ggd2lsbCBqdW1w
IHRvIHRoZSBgRE9DS0VSYCBjaGFpbi4gCi0gZG9ja2VyIHdpbGwgbmV2ZXIgZmx1c2ggbm9yIHJl
bW92ZSBhbnkgcnVsZXMgb3IgY2hhaW4gdGhhdCBkb24ndCBiZWxvbmcgdG8gaXQuCg==
",0,2
2013-03-12T00:44:04Z,2013-03-12T18:31:36Z,2013-03-12T18:31:36Z,31,40,"VGhlcmUgd2VyZSBhIGNvdXBsZSBvZiBidWdzIHJlbGF0ZWQgdG8gdGhlIGhlbGQgY29tbWFuZCwg
c3VjaCBhcyByZXBlYXRlZCAndXNhZ2UnIG91dHB1dCBhbmQgY29tbWFuZHMgbWlzc2luZyBmcm9t
IHRoZSBoZWxwIGluZGV4LiBUaGlzIHB1bGwgcmVxdWVzdCBhaW1zIHRvIHJlc29sdmUgdGhlc2Ug
aXNzdWVzLgoKUmVmZXJlbmNlczogIzM4IGFuZCAjMzkK
",0,2
2013-03-12T01:02:45Z,2013-03-12T17:30:08Z,2013-03-12T17:30:08Z,6,14,"TWFkZSBzb21lIGNoYW5nZXMgdG8gdmFncmFudCB0byBmaXggYSBjb3VwbGUgb2YgaXNzdWVzLiAK
LSB1cGRhdGVkIHRvIGxhdGVzdCB2ZXJzaW9uIG9mIGRvY2tlcgotIGZpeGVkIGFuIGlzc3VlIHdp
dGggZG9ja2VyZCB3aXRoIHVwc3RhcnQgbm90IGhhdmluZyB0aGUgY29ycmVjdCBsb2NhbGUgc2V0
Cg==
",0,2
2013-03-12T02:55:41Z,2013-03-12T19:02:49Z,2013-03-12T19:02:49Z,33,108,"SW1wbGVtZW50ZWQgbWVtb3J5IGxpbWl0cyAjMjkgLiBOb3cgeW91IGhhdmUgYSAiLW0iIGFyZ3Vt
ZW50IHRvIHNldCBhIGxpbWl0LgoKQnkgZGVmYXVsdCwgdGhlICJtZW1vcnkgKyBzd2FwIiB2YWx1
ZSBpcyBzZXQgdG8gdHdpY2UgdGhlIHNpemUgb2YgdGhlIE1lbW9yeSBsaW1pdC4gSXQncyBwb3Nz
aWJsZSB0byBkaXNhYmxlIHRoZSBzd2FwIG9yIGNoYW5nZSB0aGUgc3dhcCB2YWx1ZSBmcm9tIHRo
ZSBsaWJyYXJ5IChieSBzZXR0aW5nIHRoZSBDb25maWcgcHJvcGVydHkgYE1lbW9yeVN3YXAnKQo=
",1,2
2013-03-12T03:00:46Z,2013-03-13T20:52:22Z,2013-03-13T20:52:22Z,21,73,"UHVsbCBtaXNzaW5nIGltYWdlcyBvbiBydW4uIEFkZHJlc3NlcyAjMzEuCgpgYGAKY2hvb3BlckBj
aGltYXk6fi9wcm9qZWN0cy9kb2NrZXIvYmluJCAuL2RvY2tlciBpbWFnZXMKTkFNRSAgICAgICAg
ICAgICAgICBJRCAgICAgICAgICAgICAgICAgIENSRUFURUQgICAgICAgICAgICAgUEFSRU5UCmNo
b29wZXJAY2hpbWF5On4vcHJvamVjdHMvZG9ja2VyL2JpbiQgLi9kb2NrZXIgcnVuIC1hIGJhc2Ug
ZWNobyAiaGVsbG8gd29ybGQiCkRvd25sb2FkaW5nIGZyb20gaHR0cDovL3MzLmFtYXpvbmF3cy5j
b20vZG9ja2VyLmlvL2ltYWdlcy9iYXNlClVucGFja2luZyB0byBiYXNlCiMjIyMjIyMjIyMjIyMj
IyMjIyMjIyMjIyMjIyMjIyMjIyMjIyMjIyMjIyMjIyMjIyMjIyMjIyMjIyMjIyMjIyMjIyMjIyMj
IyAxMDAuMCUKYmFzZTplOWNiNGFkOTE3MzI0NWFjCmhlbGxvIHdvcmxkCmNob29wZXJAY2hpbWF5
On4vcHJvamVjdHMvZG9ja2VyL2JpbiQgLi9kb2NrZXIgcnVuIC1hIGJhc2UgZWNobyAiaGVsbG8g
d29ybGQiCmhlbGxvIHdvcmxkCmNob29wZXJAY2hpbWF5On4vcHJvamVjdHMvZG9ja2VyL2JpbiQg
Li9kb2NrZXIgcnVuIC1hIG5vc3VjaGltYWdlIGVjaG8gImhlbGxvIHdvcmxkIgpEb3dubG9hZGlu
ZyBmcm9tIGh0dHA6Ly9zMy5hbWF6b25hd3MuY29tL2RvY2tlci5pby9pbWFnZXMvbm9zdWNoaW1h
Z2UKVW5wYWNraW5nIHRvIG5vc3VjaGltYWdlCiMjIyMjIyMjIyMjIyMjIyMjIyMjIyMjIyMjIyMj
IyMjIyMjIyMjIyMjIyMjIyMjIyMjIyMjIyMjIyMjIyMjIyMjIyMjIyMjIyAxMDAuMCUKRXJyb3I6
IEVycm9yIGRvd25sb2FkaW5nIGltYWdlOiBub3N1Y2hpbWFnZQpjaG9vcGVyQGNoaW1heTp+L3By
b2plY3RzL2RvY2tlci9iaW4kCmBgYAo=
",8,2
2013-03-12T06:55:25Z,2013-03-12T17:31:02Z,2013-03-12T17:31:02Z,23,44,"SmVmZidzIGBpbnN0YWxsLnNoYCBoYXMgYmVlbiByZXdvcmtlZCwgYW5kIGNhbiBub3cgYmUgdXNl
ZCBhcyBhIGBjbG91ZC1pbml0YCBzY3JpcHQuCgpUbyB1c2UgaXQ6IGNyZWF0ZSBhbiBFQzIgaW5z
dGFuY2UgKFVidW50dSwgNjQgYml0cyksIGFuZCBpbiB0aGUgdXNlciBkYXRhLCBzcGVjaWZ5IHRo
ZSBmb2xsb3dpbmc6CgpgYGAKI2luY2x1ZGUKaHR0cDovL2dldC5kb2NrZXIuaW8vCmBgYAoKQXQg
dGhlIGVuZCBvZiB0aGUgYm9vdCBwcm9jZXNzLCB0aGUgc2NyaXB0IHdpbGwgYmUgZG93bmxvYWRl
ZCBhbmQgZXhlY3V0ZWQuIEl0IHdpbGwgdGFrZSBjYXJlIG9mIGRvd25sb2FkaW5nIHRoZSBsYXRl
c3QgYnVpbGRzIG9mIGBkb2NrZXJgIGFuZCBgZG9ja2VyZGAuCg==
",0,2
2013-03-12T19:07:18Z,2013-03-12T19:10:17Z,2013-03-12T19:10:17Z,3,12,"Y3JlYXRlZCBhIG5ldyB2YWdyYW50IGJveCBpbWFnZSB3aXRoIGEgbmV3IGtlcm5lbCB2ZXJzaW9u
IHRvIGZpeCBhbiBpc3N1ZSB3aXRoIHRoZSBvbGQga2VybmVsLiAK
",1,2
2013-03-12T19:14:27Z,2013-03-12T19:15:34Z,2013-03-12T19:15:34Z,0,1,"VGhpcyBpcyBhIHZlcnkgc21hbGwgdGhpbmcgSSBzcG90dGVkIHdoaWxlIHJlYWRpbmcgY2xpZW50
LmdvCg==
",0,2
2013-03-12T20:40:09Z,,2013-03-13T23:01:15Z,0,302,,0,1
2013-03-13T00:29:15Z,2013-03-13T22:44:23Z,2013-03-13T22:44:23Z,0,23,,0,2
2013-03-13T00:38:51Z,2013-03-13T04:00:47Z,2013-03-13T04:00:47Z,1,8,"QWRkZWQgdmVyc2lvbiBvcHRpb24gdG8gZG9ja2VyLCBzbyB3ZSBrbm93IHdoYXQgdmVyc2lvbiBp
cyBpbnN0YWxsZWQuIGlkZWFsbHkgaXQgd291bGQgYWxzbyBzaG93IGdpdCBjaGVja291dCBhbmQg
YnVpbGQgdGltZSwgYnV0IG5vdCBlYXN5IGF0IHRoaXMgdGltZSB3aXRob3V0IHNvbWUgbWFrZSBm
aWxlIG1hZ2ljLgoKQSBmaXggZm9yIGlzc3VlICM0Ngo=
",0,2
2013-03-13T19:08:01Z,2013-03-13T19:24:36Z,2013-03-13T19:24:36Z,195,170,"SW1wbGVtZW50IHN0YW5kYWxvbmUgbW9kZSAoc2VlIGlzc3VlICMyOCkuCi0gZG9ja2VyZCBoYXMg
YmVlbiBtZXJnZWQgaW50byBkb2NrZXIKLSAnZG9ja2VyIC1kJyBydW5zIGluIGRhZW1vbiBtb2Rl
Ci0gZG9ja2VyIGF1dG8tZGV0ZWN0cyB0aGUgZGFlbW9uIGFuZCBwYXNzZXMgYWxsIGNvbW1hbmRz
IHRvIGl0LiBJZiB0aGVyZSBpcyBubyBkYWVtb24sIGRvY2tlciBzd2l0Y2hlcyB0byBzdGFuZGFs
b25lIG1vZGUuCg==
",0,1
2013-03-13T19:57:17Z,2013-03-13T20:04:56Z,2013-03-13T20:04:56Z,13,44,,0,1
2013-03-13T20:46:40Z,2013-03-13T21:09:17Z,2013-03-13T21:09:17Z,30,88,"U29ycnksIHRoZXJlIGFyZSB0d28gY2hhbmdlcyBvbiB0aGUgc2FtZSBwdWxsIHJlcXVlc3QsIEkg
b3JpZ2luYWxseSBoYWQgdGhlbSBvbiB0d28gZGlmZmVyZW50IGJyYW5jaGVzIGFuZCBJIGNvdWxk
bid0IGZpZ3VyZSBvdXQgaG93IHRvIGJhY2sgb3V0IGFuZCBlaXRoZXIgd2F5LCB0aGUgZml4ZXMg
YXJlbid0IHJlbGF0ZWQgc28gSSdtIGtlZXBpbmcgaXQgbGlrZSB0aGlzLgoKVmFncmFudCBpcyB1
cGRhdGVkIHRvIHdvcmsgd2l0aCB0aGUgbmV3IHNpbmdsZSBiaW5hcnkgY2hhbmdlcywgYW5kIGlu
Y2x1ZGluZyBuZXcgcmVxdWlyZWQgcGFja2FnZXMsIGFuZCBhZGRlZCBFTlYgdmFyaWFibGVzIHRv
IHRoZSAucHJvZmlsZSBhbmQgYWRkZWQgdmFncmFudCBzaGFyZWQgZm9sZGVyIGZvciBlYXNpZXIg
bWFwcGluZyBvZiBmaWxlcyBiYWNrIGFuZCBmb3J0aC4KCmZzL3N0b3JlLlJlZ2lzdGVyIHJlZmFj
dG9yIHdhcyBqdXN0IGNsZWFuaW5nIHVwIHRoZSBjb2RlIGEgbGl0dGxlLCBwZXIgU29sb21vbidz
IHN1Z2dlc3Rpb25zLiB1bml0IHRlc3QgZm9yIFJlZ2lzdGVyIHdhcyBhbHNvIGFkZGVkLgo=
",0,2
2013-03-14T01:54:50Z,2013-03-14T02:51:12Z,2013-03-14T02:51:12Z,6,12,"Rml4ZXMgYnVnICM3MSAobmV3IGluc3RhbGxzIGZhaWwgYmVjYXVzZSAvdmFyL2xpYi9kb2NrZXIg
ZG9lc24ndCBleGlzdCkgYW5kIGFsc28gbWFrZXMgYSBtaW5vciBpbXByb3ZlbWVudCB0byB0aGUg
ZG93bmxvYWQgcHJvZ3Jlc3MgYmFyCg==
",1,2
2013-03-14T03:17:16Z,2013-03-14T04:30:23Z,2013-03-14T04:30:23Z,0,44,,0,2
2013-03-14T03:30:43Z,2013-03-14T04:30:46Z,2013-03-14T04:30:46Z,2,2,"U2NyaXB0IHVwZGF0ZWQgKyBtb3ZlZCB0byBjb250cmliIGRpcmVjdG9yeS4K
",0,2
2013-03-14T09:51:02Z,2013-03-14T21:42:39Z,2013-03-14T21:42:40Z,37,57,"Rml4IGlzc3VlICM2NSwgRG93bmxvYWQgdmlhIENtZEltcG9ydCB0aGUgYnVzeWJveCBpbWFnZSBh
bmQgcGVyZm9ybSB0aGUgdGVzdHMuCldlIGRvIG5vdCBuZWVkIGFueW1vcmUgdG8gbWFudWFsbHkg
ZG93bmxvYWQgdGhlIGRlYm9vdHN0cmFwCkluIG9yZGVyIHRvIGRvIHRoYXQsIEkgaGFkIHRvIG1v
dmUgdGhlIGNvbW1hbmRzIHBhY2thZ2Ugd2l0aGluIHRoZSBtYWluIGRvY2tlcidzIG9uZSAoaW1w
b3J0IGN5Y2xlKS4K
",0,2
2013-03-14T11:08:08Z,2013-03-14T17:09:00Z,2013-03-14T17:09:00Z,4,3,"SXNzdWUgIzc3LCBOb3cgbW91bnRwb2ludHMgYXJlIGFsd2F5cyBkZWxldGVkIGV2ZW4gd2hlbiBu
b3QgY3VycmVudGx5IG1vdW50ZWQuCg==
",1,2
2013-03-15T00:46:55Z,2013-03-16T09:14:07Z,2013-03-16T09:14:07Z,8,232,"QWRkZWQgYSBuZXcgZG9ja2VyIGxvZ2luIGNvbW1hbmQgdGhhdCB3aWxsIGFsbG93IHJlZ2lzdGVy
L2xvZ2luIHRvIHRoZSBkb2NrZXIgcmVnaXN0cnkgYW5kIGNhY2hlIHRoZSB2YWx1ZXMgbG9jYWxs
eSBmb3IgZnV0dXJlIHVzZS4gCg==
",8,5
2013-03-15T04:25:24Z,2013-03-15T21:26:00Z,2013-03-15T21:26:00Z,22,110,"VGhpcyBwdWxsIHJlcXVlc3RzIGFkZCBBV1Mgc3VwcG9ydCB0byBWYWdyYW50LiBEb2N1bWVudGF0
aW9uIG9uIHVzYWdlIGhhcyBiZWVuIGFkZGVkIHRvIHRoZSBSRUFETUUuCgpSZWY6ICM4MCAK
",0,2
2013-03-15T07:23:15Z,2013-03-15T21:19:54Z,2013-03-15T21:19:54Z,17,364,"LSBNYWtlZmlsZSBvbiBwbGFjZSwgYnVpbGRpbmcgZGViIHBhY2thZ2UgYW5kIGV4ZXJjaXNpbmcg
dGVzdHMKLSBDaGFuZ2VzZXRzIGNsZWFubHkgcmViYXNlZCBvbiB0b3Agb2YgYzY1YzE3MzhiNTlj
Ci0gZGViIHBhY2thZ2UgY3JlYXRlZAotIFJlbGVhc2UgMC4wLjIgYnVpbGRpbmcgaW4gcHJvZ3Jl
c3Mgb24gbGF1bmNocGFkCgpUbyBkb3dubG9hZCBiaW5hcnk6Ci0gYWRkIGludG8gL2V0Yy9hcHQv
c291cmNlcy5saXN0CiAgZGViIGh0dHA6Ly9wcGEubGF1bmNocGFkLm5ldC9kb3RjbG91ZC9kb3Rj
bG91ZC1kb2NrZXIvdWJ1bnR1IHByZWNpc2UgbWFpbgotIHN1ZG8gYXB0LWdldCB1cGRhdGUKLSBh
cHQtZ2V0IGluc3RhbGwgZG90Y2xvdWQtZG9ja2VyCg==
",0,2
2013-03-15T09:28:30Z,2013-03-15T21:08:00Z,2013-03-15T21:08:00Z,75,388,"Q2xvc2VzICM3OSAgYW5kICM5Mgo=
",2,2
2013-03-15T10:08:48Z,2013-03-15T10:10:28Z,2013-03-15T10:10:28Z,3,3,,1,1
2013-03-16T06:56:11Z,2013-03-16T09:13:32Z,2013-03-16T09:13:32Z,2,2,,0,2
2013-03-16T19:21:22Z,2013-03-16T19:35:43Z,2013-03-16T19:35:43Z,1,1,,1,2
2013-03-16T20:18:11Z,2013-03-17T01:32:26Z,2013-03-17T01:32:26Z,1,1,"QW5kIEkndmUgbW92ZWQgb24gdG8gcnVubmluZywgSSBwcm9iYWJseSBzaG91bGQgaGF2ZSBzYXZl
ZCB0aGVzZSB1cCBmb3Igb25lIHB1bGwgcmVxdWVzdC4K
",0,2
2013-03-17T19:02:46Z,2013-03-19T17:07:21Z,2013-03-19T17:07:21Z,5,4,"MS4gUmVuYW1lIGNsZWFudXAgdG8gY2xlYW4gdG8gbWF0Y2ggY29udmVudGlvbnMKMi4gQWRkaW5n
IGJpbiB0byBjbGVhbiwgdGhpcyBwcmV2ZW50cyBidWlsZCBmYWlsdXJlcyBhbmQgYWxzbyBlbnN1
cmVzIG9ubHkgcmVjZW50IGFydGlmYWN0cyBhcmUgcGFja2FnZWQKMy4gRGVmYXVsdCBtYWtlIG5v
dyByZXN1bHRzIGluIGFuIGltcGxpY2l0IGNsZWFuIGJlZm9yZSBidWlsZGluZy4K
",0,2
2013-03-19T21:46:35Z,,2013-03-24T17:28:57Z,5,6,,1,1
2013-03-19T23:06:08Z,2013-03-20T00:42:29Z,2013-03-20T00:42:29Z,1,1,"SSB1cGRhdGVkIHRoZSByZWdpc3RyeSBhZGRyZXNzIHNvIHRoYXQgaXQgdXNlcyBodHRwcyBpbnN0
ZWFkIG9mIGh0dHAuIAo=
",0,2
2013-03-20T01:45:34Z,2013-03-20T01:46:29Z,2013-03-20T01:46:29Z,0,3,,1,2
2013-03-20T03:18:31Z,2013-03-20T07:08:55Z,2013-03-20T07:08:55Z,1,22,,1,2
2013-03-20T03:38:17Z,2013-03-20T07:18:43Z,2013-03-20T07:18:43Z,0,264,,3,2
2013-03-20T20:21:10Z,2013-03-20T22:20:18Z,2013-03-20T22:20:18Z,2,2,,0,2
2013-03-21T00:00:19Z,,2013-03-22T00:42:29Z,2,2,"WWVwLiBJdCdzIG5vdCBjbGVhciBmcm9tIGh0dHA6Ly9kb2NzLnZhZ3JhbnR1cC5jb20vdjIvdmFn
cmFudGZpbGUvdmVyc2lvbi5odG1sICB0aGF0IHRoZSBuZXcgc3ludGF4IGludHJvZHVjZWQgaW4g
MS4xIGlzIGJhY2t3YXJkIGNvbXBhdGlibGUuIEluIGFueSBjYXNlLCB0aGUgYWJvdmUgY2hhbmdl
c2V0IGZpeGVzIHRoaXMgaXNzdWUgYXMgdGVzdGVkIHdpdGggdmFncmFudCAxLjAuNCBhbmQgMS4x
LjIK
",1,2
2013-03-21T03:11:28Z,2013-03-21T03:25:16Z,2013-03-21T03:25:16Z,2,2,"Q3VycmVudCBHbyB0aXAgKCs3NGU2NWYwN2EwYzgpIGFuZCBsaWtlbHkgR28gMS4xIGRvZXMgbm90
IGJ1aWxkIGRvY2tlciBzaW5jZSBuZXQuVENQQWRkciBzdHJ1Y3QgaGFzIGFuIGFkZGl0aW9uYWwg
ZmllbGQgbm93IGZvciBJUHY2OgoKdHlwZSBUQ1BBZGRyIHN0cnVjdCB7CiAgICBJUCAgIElQCiAg
ICBQb3J0IGludAogICAgWm9uZSBzdHJpbmcgLy8gSVB2NiBzY29wZWQgYWRkcmVzc2luZyB6b25l
Cn0KCkluaXRpYWxpemluZyB0aGUgc3RydWN0IHdpdGggbmFtZWQgZmllbGRzIHJlc29sdmVzIHRo
aXMgcHJvYmxlbS4K
",0,2
2013-03-21T05:53:53Z,2013-03-21T06:26:50Z,2013-03-21T06:26:50Z,1,1,"YmFzaCBkb2VzIG5vdCBsaWtlIGl0CgpgYGAKJCBKT0I9JChkb2NrZXIgcnVuIGJhc2UgL2Jpbi9z
aCAtYyAid2hpbGUgdHJ1ZTsgZG8gZWNobyBIZWxsbyB3b3JsZCE7IHNsZWVwIDE7IGRvbmUiKQpi
YXNoOiAhOiBldmVudCBub3QgZm91bmQKJApgYGAK
",0,2
2013-03-21T10:26:33Z,,2013-03-24T18:07:53Z,1,1,"ZXpiZXJjaWhAdWJ1bnR1LXNlcnZlcjp+L2NvZGUvZ28vc3JjL2dpdGh1Yi5jb20vZG90Y2xvdWQv
ZG9ja2VyL2RvY2tlciQgSk9CPSQoZG9ja2VyIHJ1biBiYXNlIC9iaW4vc2ggLWMgIndoaWxlIHRy
dWU7IGRvIGVjaG8gSGVsbG8gd29ybGQ7IHNsZWVwIDE7IGRvbmUiKQplemJlcmNpaEB1YnVudHUt
c2VydmVyOn4vY29kZS9nby9zcmMvZ2l0aHViLmNvbS9kb3RjbG91ZC9kb2NrZXIvZG9ja2VyJCBk
b2NrZXIgcHMKSUQgICAgICAgICAgSU1BR0UgICAgICAgICAgICAgIENPTU1BTkQgICAgICAgICAg
ICAgICAgQ1JFQVRFRCAgICAgICAgIFNUQVRVUyAgICAgICAgIENPTU1FTlQKMzBhMDBiNTYgICAg
YTFmMDYzMjY5YWJkZTM0ZSAgIC9iaW4vc2ggLWMgd2hpbGUgdHJ1ICAgMyBzZWNvbmRzIGFnbyAg
IFVwIDMgc2Vjb25kcwplemJlcmNpaEB1YnVudHUtc2VydmVyOn4vY29kZS9nby9zcmMvZ2l0aHVi
LmNvbS9kb3RjbG91ZC9kb2NrZXIvZG9ja2VyJCBkb2NrZXIgYXR0YWNoIDMwYTAwYjU2IC1pCgpV
c2FnZTogZG9ja2VyIGF0dGFjaCBbT1BUSU9OU10KCkF0dGFjaCB0byBhIHJ1bm5pbmcgY29udGFp
bmVyCgogIC1lPXRydWU6IEF0dGFjaCB0byBzdGRlcnIKICAtaT1mYWxzZTogQXR0YWNoIHRvIHN0
ZGluCiAgLW89dHJ1ZTogQXR0YWNoIHRvIHN0ZG91dAplemJlcmNpaEB1YnVudHUtc2VydmVyOn4v
Y29kZS9nby9zcmMvZ2l0aHViLmNvbS9kb3RjbG91ZC9kb2NrZXIvZG9ja2VyJCBkb2NrZXIgYXR0
YWNoIDMwYTAwYjU2CkhlbGxvIHdvcmxkCkhlbGxvIHdvcmxkCkhlbGxvIHdvcmxkCg==
",2,2
2013-03-21T13:43:46Z,2013-03-22T22:10:14Z,2013-03-22T22:10:14Z,9,9,"SnVzdCBhIHF1aWNrIFBSLCBzaW5jZSB5b3UgZXhwbGljaXRseSBlbmNvdXJhZ2VkIGl0IGluIHRo
ZSBSRUFETUUsIHRvIGZpeCBhIGZldyB0eXBvcy4K
",1,2
2013-03-22T01:22:34Z,2013-03-22T01:24:46Z,2013-03-22T01:24:46Z,39,39,"TW9zdGx5IGNvZGUgYmxvY2sgZml4ZXMuCg==
",0,2
2013-03-22T03:26:46Z,,2013-03-27T14:39:15Z,1,1,"Q3VycmVudGx5LCBpZiB0aGUgc3BlY2lmaWVkIHNoYXJlZCBmb2xkZXJzIGRvbid0IGV4aXN0IChl
ZzogYH4vZG9ja2VyYCksIHJ1bm5pbmcgYHZhZ3JhbnQgdXBgIHdpbGwgcmVzdWx0IGluIGEgZXJy
b3IuIFRoaXMgZmxhZyBjcmVhdGVzIHRoZSBmb2xkZXIgaWYgaXQncyBtaXNzaW5nLCB3aGljaCBp
cyBhbiBpbnR1aXRpdmUgYmVoYXZpb3VyLiAK
",2,3
2013-03-22T04:47:24Z,2013-03-22T05:46:22Z,2013-03-22T05:46:22Z,14,14,,1,2
2013-03-22T05:31:12Z,2013-03-22T05:44:39Z,2013-03-22T05:44:39Z,13,24,"VGFrZXMgY2FyZSBvZiBpc3N1ZSAxMTMuIFRlc3RlZCBpbiAxLjAuNCwgMS4wLjcgYW5kIDEuMS4y
Lgo=
",0,2
2013-03-22T13:52:46Z,2013-03-22T22:11:52Z,2013-03-22T22:11:52Z,2,2,"SSd2ZSBtYWRlIGEgY291cGxlIGNoYW5nZXMgdG8gdGhlIHB1cHBldCBtYW5pZmVzdHMgdG8gbWFr
ZSB0aGluZ3MgYSBiaXQgY2xlYW5lciBmb3IgbXkgdGVzdGluZy4gIEkgdGhpbmsgdGhleSBtYXkg
aGVscCBvdXQgb3RoZXJzIGFzIHdlbGwuCg==
",1,3
2013-03-22T16:29:15Z,2013-03-22T16:35:07Z,2013-03-22T16:35:07Z,0,3,"QWRkZWQgdGhlIGlwdGFibGVzIGZpeCBmb3IgTkFUIGlzc3VlcyB0byBuZXR3b3JrLmdvLiAgRml4
ZXMgbXkgcHJvYmxlbXMgd2l0aCBhY2Nlc3NpbmcgTkFUIHBvcnRzIG9uIHRoZSBkb2NrZXIgaG9z
dC4K
",1,2
2013-02-04T06:09:57Z,2013-02-09T03:22:09Z,2013-02-09T03:22:09Z,0,266,"QWRkZWQgVmFncmFudGZpbGUgYW5kIFB1cHBldCBjb25maWcgdGhhdCBkb2VzIGFsbCBvZiB0aGUg
Zm9sbG93aW5nIHdpdGggYSBzaW1wbGUgYHZhZ3JhbnQgdXBgOgotIERvd25sb2FkIFF1YW50YWw2
NCBiYXNlIGJveAotIEtpY2sgb2ZmIFB1cHBldCB0byBkbzoKICAtIERvd25sb2FkICYgdW50YXIg
bW9zdCByZWNlbnQgZG9ja2VyIGJpbmFyeSB0YXJiYWxsIHRvIHZhZ3JhbnQgaG9tZWRpci4KICAt
IERlYm9vdHN0cmFwIHRvIC92YXIvbGliL2RvY2tlci9pbWFnZXMvdWJ1bnR1LgogIC0gSW5zdGFs
bCAmIHJ1biBkb2NrZXJkIGFzIHNlcnZpY2UuCiAgLSBQdXQgZG9ja2VyIGluIC91c3IvbG9jYWwv
YmluLgogIC0gUHV0IGxhdGVzdCBHbyB0b29sY2hhaW4gaW4gL3Vzci9sb2NhbC9nby4K
",0,2
2013-02-20T03:49:53Z,2013-02-20T06:58:24Z,2013-02-20T06:58:24Z,0,2,"VGlueSBjaGFuZ2UgdG8gaWdub3JlIGJpbmFyaWVzIHByb2R1Y2VkIHdoZW4gYnVpbGRpbmcK
",0,2
2013-02-20T03:57:02Z,2013-02-20T06:58:01Z,2013-02-20T06:58:01Z,0,2,"Tm90IHRlY2huaWNhbGx5IHJlcXVpcmVkLCBidXQgcG9saXRlLgo=
",0,2
2013-02-20T12:21:30Z,2013-02-20T17:48:13Z,2013-02-20T17:48:13Z,1,3,"V2hlcmUgcHJldmlvdXNseSBoaXR0aW5nIEVudGVyIGluIGFuIGludGVyYWN0aXZlIGNvbnRhaW5l
ciBwcm9jZXNzIHdvdWxkIHlpZWxkICJeTSIgYW5kIHJlcXVpcmUgeW91IHRvIGhpdCBDdHJsLUog
dG8gcHVzaCBhIG5ld2xpbmUsIHRoZXNlIGZsYWdzIGVuc3VyZSB0aGF0IG5ld2xpbmVzIGFyZSBz
ZW50IHdpdGggY2FycmlhZ2UgcmV0dXJucy4K
",0,2
2013-02-23T21:00:24Z,2013-02-23T21:11:39Z,2013-02-23T21:11:39Z,0,1,,0,2
2013-02-28T20:27:13Z,2013-03-01T00:32:56Z,2013-03-01T00:32:56Z,39,622,"SW1wbGVtZW50ZWQgbmV0d29ya2luZyBzdXBwb3J0IGZvciBEb2NrZXIuCi0gQXQgc3RhcnR1cCwg
RG9ja2VyIGFuYWx5emVzIHRoZSBicmlkZ2UgaW50ZXJmYWNlIGl0IHdpbGwgYmUgdXNpbmcgKGJ5
IGRlZmF1bHQsIGBseGNicjBgKSB0byBkZXRlcm1pbmUgdGhlIElQIGFkZHJlc3MgcmFuZ2UgaXQg
d2lsbCBiZSBhc3NpZ25pbmcgdG8gY29udGFpbmVycywgbmV0bWFzayBhbmQgZ2F0ZXdheS4KLSBC
ZWZvcmUgYSBjb250YWluZXIgc3RhcnRzLCBEb2NrZXIgYWxsb2NhdGVzIGFuIElQIGFkZHJlc3Mg
b24gdGhlIGJyaWRnZSBpbnRlcmZhY2UgYW5kIGNvbmZpZ3VyZXMgTFhDIHRvIGNyZWF0ZSBhIHZp
cnR1YWwgZXRoZXJuZXQgaW50ZXJmYWNlIHVzaW5nIHRoYXQgSVAuIFRoZSBJUCBpcyBhdXRvbWF0
aWNhbGx5IHJlbGVhc2VkIChhbmQgcmVjeWNsZWQpIGFzIHNvb24gYXMgdGhlIGNvbnRhaW5lciBp
cyBub3QgcnVubmluZyBhbnltb3JlLgotIE9uY2UgYSBjb250YWluZXIgaXMgY3JlYXRlZCwgYnV0
IGJlZm9yZSB0aGUgcHJvY2VzcyBpcyBzdGFydGVkLCBEb2NrZXIncyBzeXNpbml0IGNvZGUgd2ls
bCB0YWtlIGNhcmUgb2Ygc2V0dGluZyB1cCB0aGUgcm91dGluZyB0YWJsZS4gVGhlIGRlZmF1bHQg
cm91dGUgd2lsbCBwb2ludCB0byB0aGUgaG9zdCBicmlkZ2UgaW50ZXJmYWNlLgoKRG9ja2VyIG5v
dyBhbHNvIHN1cHBvcnRzIHJvdXRpbmcgaW5ib3VuZCB0cmFmZmljIHRvIGNvbnRhaW5lcnMgKFRD
UCBvbmx5KS4KLSBCeSBkZWZhdWx0LCBubyBpbmJvdW5kIHRyYWZmaWMgaXMgZm9yd2FyZGVkIHRv
IGNvbnRhaW5lcnMKLSBZb3UgY2FuIGV4cG9zZSBhIFRDUCBwb3J0IG9mIGEgY29udGFpbmVyIGJ5
IHVzaW5nIHRoZSBgLXBgIG9wdGlvbiBvZiBgZG9ja2VyIHJ1bmAsIGUuZy4gYGRvY2tlciBydW4g
LXAgMTIzNCBiYXNlIC0tIG5jIC1sIDEyMzRgCi0gRG9ja2VyIGluIHR1cm4gd2lsbCBhbGxvY2F0
ZSBhIFRDUCBwb3J0IG9uIHRoZSBob3N0IGFuZCBmb3J3YXJkIGl0IHRvIHRoZSBjb250YWluZXIg
KHJhbmdlOiBbNDkxNTMsNjU1MzVdKS4KLSBUaGUgcG9ydCBleHBvc2VkIG9uIHRoZSBob3N0IHdp
bGwgYmUgZGlmZmVyZW50IGZyb20gdGhlIHBvcnQgdGhlIGNvbnRhaW5lciBpcyBsaXN0ZW5pbmcg
dG8gaW50ZXJuYWxseS4gWW91IGNhbiBmaWd1cmUgb3V0IHRoZSBwb3J0IG1hcHBpbmcgYnkgcnVu
bmluZyBgZG9ja2VyIGluc3BlY3RgIGFuZCBsb29raW5nIHVuZGVyIE5ldHdvcmtTZXR0aW5ncy4K
LSBZb3UgY2FuIGV4cG9zZSBtdWx0aXBsZSBwb3J0cyBvbiBhIHNpbmdsZSBjb250YWluZXIuIEp1
c3Qgc3VwcGx5IHRoZSBgLXBgIG9wdGlvbiBzZXZlcmFsIHRpbWVzLgotIFRoZSBwb3J0cyBhcmUg
YXV0b21hdGljYWxseSByZWxlYXNlZCBhbmQgdW5tYXBwZWQgYXMgc29vbiBhcyB0aGUgY29udGFp
bmVyIHN0b3BzIHJ1bm5pbmcKClVuZGVyIHRoZSBob29kLCBwb3J0IGZvcndhcmRpbmcgaXMgaW1w
bGVtZW50ZWQgdXNpbmcgYGlwdGFibGVzYC4gRG9ja2VyIHdpbGwgZG8gaXRzIGJlc3Qgbm90IHRv
IGludGVyZmVyZSB3aXRoIHlvdXIgZXhpc3RpbmcgcnVsZXMuCi0gSXQgd2lsbCBjcmVhdGUgYSBu
ZXcgY2hhaW4gbmFtZWQgYERPQ0tFUmAgKGBuYXRgIHRhYmxlKS4gVGhpcyBjaGFpbiB3aWxsIGNv
bnRhaW4gYWxsIG9mIGRvY2tlcidzIHJ1bGVzLgotIGRvY2tlciB3aWxsIGFsc28gYXBwZW5kIGEg
c2luZ2xlIHJ1bGUgaW5zaWRlIHRoZSBgUFJFUk9VVElOR2AgY2hhaW4gd2hpY2ggd2lsbCBqdW1w
IHRvIHRoZSBgRE9DS0VSYCBjaGFpbi4gCi0gZG9ja2VyIHdpbGwgbmV2ZXIgZmx1c2ggbm9yIHJl
bW92ZSBhbnkgcnVsZXMgb3IgY2hhaW4gdGhhdCBkb24ndCBiZWxvbmcgdG8gaXQuCg==
",0,2
2013-03-12T00:44:04Z,2013-03-12T18:31:36Z,2013-03-12T18:31:36Z,31,40,"VGhlcmUgd2VyZSBhIGNvdXBsZSBvZiBidWdzIHJlbGF0ZWQgdG8gdGhlIGhlbGQgY29tbWFuZCwg
c3VjaCBhcyByZXBlYXRlZCAndXNhZ2UnIG91dHB1dCBhbmQgY29tbWFuZHMgbWlzc2luZyBmcm9t
IHRoZSBoZWxwIGluZGV4LiBUaGlzIHB1bGwgcmVxdWVzdCBhaW1zIHRvIHJlc29sdmUgdGhlc2Ug
aXNzdWVzLgoKUmVmZXJlbmNlczogIzM4IGFuZCAjMzkK
",0,2
2013-03-12T01:02:45Z,2013-03-12T17:30:08Z,2013-03-12T17:30:08Z,6,14,"TWFkZSBzb21lIGNoYW5nZXMgdG8gdmFncmFudCB0byBmaXggYSBjb3VwbGUgb2YgaXNzdWVzLiAK
LSB1cGRhdGVkIHRvIGxhdGVzdCB2ZXJzaW9uIG9mIGRvY2tlcgotIGZpeGVkIGFuIGlzc3VlIHdp
dGggZG9ja2VyZCB3aXRoIHVwc3RhcnQgbm90IGhhdmluZyB0aGUgY29ycmVjdCBsb2NhbGUgc2V0
Cg==
",0,2
2013-03-12T02:55:41Z,2013-03-12T19:02:49Z,2013-03-12T19:02:49Z,33,108,"SW1wbGVtZW50ZWQgbWVtb3J5IGxpbWl0cyAjMjkgLiBOb3cgeW91IGhhdmUgYSAiLW0iIGFyZ3Vt
ZW50IHRvIHNldCBhIGxpbWl0LgoKQnkgZGVmYXVsdCwgdGhlICJtZW1vcnkgKyBzd2FwIiB2YWx1
ZSBpcyBzZXQgdG8gdHdpY2UgdGhlIHNpemUgb2YgdGhlIE1lbW9yeSBsaW1pdC4gSXQncyBwb3Nz
aWJsZSB0byBkaXNhYmxlIHRoZSBzd2FwIG9yIGNoYW5nZSB0aGUgc3dhcCB2YWx1ZSBmcm9tIHRo
ZSBsaWJyYXJ5IChieSBzZXR0aW5nIHRoZSBDb25maWcgcHJvcGVydHkgYE1lbW9yeVN3YXAnKQo=
",1,2
2013-03-12T03:00:46Z,2013-03-13T20:52:22Z,2013-03-13T20:52:22Z,21,73,"UHVsbCBtaXNzaW5nIGltYWdlcyBvbiBydW4uIEFkZHJlc3NlcyAjMzEuCgpgYGAKY2hvb3BlckBj
aGltYXk6fi9wcm9qZWN0cy9kb2NrZXIvYmluJCAuL2RvY2tlciBpbWFnZXMKTkFNRSAgICAgICAg
ICAgICAgICBJRCAgICAgICAgICAgICAgICAgIENSRUFURUQgICAgICAgICAgICAgUEFSRU5UCmNo
b29wZXJAY2hpbWF5On4vcHJvamVjdHMvZG9ja2VyL2JpbiQgLi9kb2NrZXIgcnVuIC1hIGJhc2Ug
ZWNobyAiaGVsbG8gd29ybGQiCkRvd25sb2FkaW5nIGZyb20gaHR0cDovL3MzLmFtYXpvbmF3cy5j
b20vZG9ja2VyLmlvL2ltYWdlcy9iYXNlClVucGFja2luZyB0byBiYXNlCiMjIyMjIyMjIyMjIyMj
IyMjIyMjIyMjIyMjIyMjIyMjIyMjIyMjIyMjIyMjIyMjIyMjIyMjIyMjIyMjIyMjIyMjIyMjIyMj
IyAxMDAuMCUKYmFzZTplOWNiNGFkOTE3MzI0NWFjCmhlbGxvIHdvcmxkCmNob29wZXJAY2hpbWF5
On4vcHJvamVjdHMvZG9ja2VyL2JpbiQgLi9kb2NrZXIgcnVuIC1hIGJhc2UgZWNobyAiaGVsbG8g
d29ybGQiCmhlbGxvIHdvcmxkCmNob29wZXJAY2hpbWF5On4vcHJvamVjdHMvZG9ja2VyL2JpbiQg
Li9kb2NrZXIgcnVuIC1hIG5vc3VjaGltYWdlIGVjaG8gImhlbGxvIHdvcmxkIgpEb3dubG9hZGlu
ZyBmcm9tIGh0dHA6Ly9zMy5hbWF6b25hd3MuY29tL2RvY2tlci5pby9pbWFnZXMvbm9zdWNoaW1h
Z2UKVW5wYWNraW5nIHRvIG5vc3VjaGltYWdlCiMjIyMjIyMjIyMjIyMjIyMjIyMjIyMjIyMjIyMj
IyMjIyMjIyMjIyMjIyMjIyMjIyMjIyMjIyMjIyMjIyMjIyMjIyMjIyMjIyAxMDAuMCUKRXJyb3I6
IEVycm9yIGRvd25sb2FkaW5nIGltYWdlOiBub3N1Y2hpbWFnZQpjaG9vcGVyQGNoaW1heTp+L3By
b2plY3RzL2RvY2tlci9iaW4kCmBgYAo=
",8,2
2013-03-12T06:55:25Z,2013-03-12T17:31:02Z,2013-03-12T17:31:02Z,23,44,"SmVmZidzIGBpbnN0YWxsLnNoYCBoYXMgYmVlbiByZXdvcmtlZCwgYW5kIGNhbiBub3cgYmUgdXNl
ZCBhcyBhIGBjbG91ZC1pbml0YCBzY3JpcHQuCgpUbyB1c2UgaXQ6IGNyZWF0ZSBhbiBFQzIgaW5z
dGFuY2UgKFVidW50dSwgNjQgYml0cyksIGFuZCBpbiB0aGUgdXNlciBkYXRhLCBzcGVjaWZ5IHRo
ZSBmb2xsb3dpbmc6CgpgYGAKI2luY2x1ZGUKaHR0cDovL2dldC5kb2NrZXIuaW8vCmBgYAoKQXQg
dGhlIGVuZCBvZiB0aGUgYm9vdCBwcm9jZXNzLCB0aGUgc2NyaXB0IHdpbGwgYmUgZG93bmxvYWRl
ZCBhbmQgZXhlY3V0ZWQuIEl0IHdpbGwgdGFrZSBjYXJlIG9mIGRvd25sb2FkaW5nIHRoZSBsYXRl
c3QgYnVpbGRzIG9mIGBkb2NrZXJgIGFuZCBgZG9ja2VyZGAuCg==
",0,2
2013-03-12T19:07:18Z,2013-03-12T19:10:17Z,2013-03-12T19:10:17Z,3,12,"Y3JlYXRlZCBhIG5ldyB2YWdyYW50IGJveCBpbWFnZSB3aXRoIGEgbmV3IGtlcm5lbCB2ZXJzaW9u
IHRvIGZpeCBhbiBpc3N1ZSB3aXRoIHRoZSBvbGQga2VybmVsLiAK
",1,2
2013-03-12T19:14:27Z,2013-03-12T19:15:34Z,2013-03-12T19:15:34Z,0,1,"VGhpcyBpcyBhIHZlcnkgc21hbGwgdGhpbmcgSSBzcG90dGVkIHdoaWxlIHJlYWRpbmcgY2xpZW50
LmdvCg==
",0,2
2013-03-12T20:40:09Z,,2013-03-13T23:01:15Z,0,302,,0,1
2013-03-13T00:29:15Z,2013-03-13T22:44:23Z,2013-03-13T22:44:23Z,0,23,,0,2
2013-03-13T00:38:51Z,2013-03-13T04:00:47Z,2013-03-13T04:00:47Z,1,8,"QWRkZWQgdmVyc2lvbiBvcHRpb24gdG8gZG9ja2VyLCBzbyB3ZSBrbm93IHdoYXQgdmVyc2lvbiBp
cyBpbnN0YWxsZWQuIGlkZWFsbHkgaXQgd291bGQgYWxzbyBzaG93IGdpdCBjaGVja291dCBhbmQg
YnVpbGQgdGltZSwgYnV0IG5vdCBlYXN5IGF0IHRoaXMgdGltZSB3aXRob3V0IHNvbWUgbWFrZSBm
aWxlIG1hZ2ljLgoKQSBmaXggZm9yIGlzc3VlICM0Ngo=
",0,2
2013-03-13T19:08:01Z,2013-03-13T19:24:36Z,2013-03-13T19:24:36Z,195,170,"SW1wbGVtZW50IHN0YW5kYWxvbmUgbW9kZSAoc2VlIGlzc3VlICMyOCkuCi0gZG9ja2VyZCBoYXMg
YmVlbiBtZXJnZWQgaW50byBkb2NrZXIKLSAnZG9ja2VyIC1kJyBydW5zIGluIGRhZW1vbiBtb2Rl
Ci0gZG9ja2VyIGF1dG8tZGV0ZWN0cyB0aGUgZGFlbW9uIGFuZCBwYXNzZXMgYWxsIGNvbW1hbmRz
IHRvIGl0LiBJZiB0aGVyZSBpcyBubyBkYWVtb24sIGRvY2tlciBzd2l0Y2hlcyB0byBzdGFuZGFs
b25lIG1vZGUuCg==
",0,1
2013-03-13T19:57:17Z,2013-03-13T20:04:56Z,2013-03-13T20:04:56Z,13,44,,0,1
2013-03-13T20:46:40Z,2013-03-13T21:09:17Z,2013-03-13T21:09:17Z,30,88,"U29ycnksIHRoZXJlIGFyZSB0d28gY2hhbmdlcyBvbiB0aGUgc2FtZSBwdWxsIHJlcXVlc3QsIEkg
b3JpZ2luYWxseSBoYWQgdGhlbSBvbiB0d28gZGlmZmVyZW50IGJyYW5jaGVzIGFuZCBJIGNvdWxk
bid0IGZpZ3VyZSBvdXQgaG93IHRvIGJhY2sgb3V0IGFuZCBlaXRoZXIgd2F5LCB0aGUgZml4ZXMg
YXJlbid0IHJlbGF0ZWQgc28gSSdtIGtlZXBpbmcgaXQgbGlrZSB0aGlzLgoKVmFncmFudCBpcyB1
cGRhdGVkIHRvIHdvcmsgd2l0aCB0aGUgbmV3IHNpbmdsZSBiaW5hcnkgY2hhbmdlcywgYW5kIGlu
Y2x1ZGluZyBuZXcgcmVxdWlyZWQgcGFja2FnZXMsIGFuZCBhZGRlZCBFTlYgdmFyaWFibGVzIHRv
IHRoZSAucHJvZmlsZSBhbmQgYWRkZWQgdmFncmFudCBzaGFyZWQgZm9sZGVyIGZvciBlYXNpZXIg
bWFwcGluZyBvZiBmaWxlcyBiYWNrIGFuZCBmb3J0aC4KCmZzL3N0b3JlLlJlZ2lzdGVyIHJlZmFj
dG9yIHdhcyBqdXN0IGNsZWFuaW5nIHVwIHRoZSBjb2RlIGEgbGl0dGxlLCBwZXIgU29sb21vbidz
IHN1Z2dlc3Rpb25zLiB1bml0IHRlc3QgZm9yIFJlZ2lzdGVyIHdhcyBhbHNvIGFkZGVkLgo=
",0,2
2013-03-14T01:54:50Z,2013-03-14T02:51:12Z,2013-03-14T02:51:12Z,6,12,"Rml4ZXMgYnVnICM3MSAobmV3IGluc3RhbGxzIGZhaWwgYmVjYXVzZSAvdmFyL2xpYi9kb2NrZXIg
ZG9lc24ndCBleGlzdCkgYW5kIGFsc28gbWFrZXMgYSBtaW5vciBpbXByb3ZlbWVudCB0byB0aGUg
ZG93bmxvYWQgcHJvZ3Jlc3MgYmFyCg==
",1,2
2013-03-14T03:17:16Z,2013-03-14T04:30:23Z,2013-03-14T04:30:23Z,0,44,,0,2
2013-03-14T03:30:43Z,2013-03-14T04:30:46Z,2013-03-14T04:30:46Z,2,2,"U2NyaXB0IHVwZGF0ZWQgKyBtb3ZlZCB0byBjb250cmliIGRpcmVjdG9yeS4K
",0,2
2013-03-14T09:51:02Z,2013-03-14T21:42:39Z,2013-03-14T21:42:40Z,37,57,"Rml4IGlzc3VlICM2NSwgRG93bmxvYWQgdmlhIENtZEltcG9ydCB0aGUgYnVzeWJveCBpbWFnZSBh
bmQgcGVyZm9ybSB0aGUgdGVzdHMuCldlIGRvIG5vdCBuZWVkIGFueW1vcmUgdG8gbWFudWFsbHkg
ZG93bmxvYWQgdGhlIGRlYm9vdHN0cmFwCkluIG9yZGVyIHRvIGRvIHRoYXQsIEkgaGFkIHRvIG1v
dmUgdGhlIGNvbW1hbmRzIHBhY2thZ2Ugd2l0aGluIHRoZSBtYWluIGRvY2tlcidzIG9uZSAoaW1w
b3J0IGN5Y2xlKS4K
",0,2
2013-03-14T11:08:08Z,2013-03-14T17:09:00Z,2013-03-14T17:09:00Z,4,3,"SXNzdWUgIzc3LCBOb3cgbW91bnRwb2ludHMgYXJlIGFsd2F5cyBkZWxldGVkIGV2ZW4gd2hlbiBu
b3QgY3VycmVudGx5IG1vdW50ZWQuCg==
",1,2
2013-03-15T00:46:55Z,2013-03-16T09:14:07Z,2013-03-16T09:14:07Z,8,232,"QWRkZWQgYSBuZXcgZG9ja2VyIGxvZ2luIGNvbW1hbmQgdGhhdCB3aWxsIGFsbG93IHJlZ2lzdGVy
L2xvZ2luIHRvIHRoZSBkb2NrZXIgcmVnaXN0cnkgYW5kIGNhY2hlIHRoZSB2YWx1ZXMgbG9jYWxs
eSBmb3IgZnV0dXJlIHVzZS4gCg==
",8,5
2013-03-15T04:25:24Z,2013-03-15T21:26:00Z,2013-03-15T21:26:00Z,22,110,"VGhpcyBwdWxsIHJlcXVlc3RzIGFkZCBBV1Mgc3VwcG9ydCB0byBWYWdyYW50LiBEb2N1bWVudGF0
aW9uIG9uIHVzYWdlIGhhcyBiZWVuIGFkZGVkIHRvIHRoZSBSRUFETUUuCgpSZWY6ICM4MCAK
",0,2
2013-03-15T07:23:15Z,2013-03-15T21:19:54Z,2013-03-15T21:19:54Z,17,364,"LSBNYWtlZmlsZSBvbiBwbGFjZSwgYnVpbGRpbmcgZGViIHBhY2thZ2UgYW5kIGV4ZXJjaXNpbmcg
dGVzdHMKLSBDaGFuZ2VzZXRzIGNsZWFubHkgcmViYXNlZCBvbiB0b3Agb2YgYzY1YzE3MzhiNTlj
Ci0gZGViIHBhY2thZ2UgY3JlYXRlZAotIFJlbGVhc2UgMC4wLjIgYnVpbGRpbmcgaW4gcHJvZ3Jl
c3Mgb24gbGF1bmNocGFkCgpUbyBkb3dubG9hZCBiaW5hcnk6Ci0gYWRkIGludG8gL2V0Yy9hcHQv
c291cmNlcy5saXN0CiAgZGViIGh0dHA6Ly9wcGEubGF1bmNocGFkLm5ldC9kb3RjbG91ZC9kb3Rj
bG91ZC1kb2NrZXIvdWJ1bnR1IHByZWNpc2UgbWFpbgotIHN1ZG8gYXB0LWdldCB1cGRhdGUKLSBh
cHQtZ2V0IGluc3RhbGwgZG90Y2xvdWQtZG9ja2VyCg==
",0,2
2013-03-15T09:28:30Z,2013-03-15T21:08:00Z,2013-03-15T21:08:00Z,75,388,"Q2xvc2VzICM3OSAgYW5kICM5Mgo=
",2,2
2013-03-15T10:08:48Z,2013-03-15T10:10:28Z,2013-03-15T10:10:28Z,3,3,,1,1
2013-03-16T06:56:11Z,2013-03-16T09:13:32Z,2013-03-16T09:13:32Z,2,2,,0,2
2013-03-16T19:21:22Z,2013-03-16T19:35:43Z,2013-03-16T19:35:43Z,1,1,,1,2
2013-03-16T20:18:11Z,2013-03-17T01:32:26Z,2013-03-17T01:32:26Z,1,1,"QW5kIEkndmUgbW92ZWQgb24gdG8gcnVubmluZywgSSBwcm9iYWJseSBzaG91bGQgaGF2ZSBzYXZl
ZCB0aGVzZSB1cCBmb3Igb25lIHB1bGwgcmVxdWVzdC4K
",0,2
2013-03-17T19:02:46Z,2013-03-19T17:07:21Z,2013-03-19T17:07:21Z,5,4,"MS4gUmVuYW1lIGNsZWFudXAgdG8gY2xlYW4gdG8gbWF0Y2ggY29udmVudGlvbnMKMi4gQWRkaW5n
IGJpbiB0byBjbGVhbiwgdGhpcyBwcmV2ZW50cyBidWlsZCBmYWlsdXJlcyBhbmQgYWxzbyBlbnN1
cmVzIG9ubHkgcmVjZW50IGFydGlmYWN0cyBhcmUgcGFja2FnZWQKMy4gRGVmYXVsdCBtYWtlIG5v
dyByZXN1bHRzIGluIGFuIGltcGxpY2l0IGNsZWFuIGJlZm9yZSBidWlsZGluZy4K
",0,2
2013-03-19T21:46:35Z,,2013-03-24T17:28:57Z,5,6,,1,1
2013-03-19T23:06:08Z,2013-03-20T00:42:29Z,2013-03-20T00:42:29Z,1,1,"SSB1cGRhdGVkIHRoZSByZWdpc3RyeSBhZGRyZXNzIHNvIHRoYXQgaXQgdXNlcyBodHRwcyBpbnN0
ZWFkIG9mIGh0dHAuIAo=
",0,2
2013-03-20T01:45:34Z,2013-03-20T01:46:29Z,2013-03-20T01:46:29Z,0,3,,1,2
2013-03-20T03:18:31Z,2013-03-20T07:08:55Z,2013-03-20T07:08:55Z,1,22,,1,2
2013-03-20T03:38:17Z,2013-03-20T07:18:43Z,2013-03-20T07:18:43Z,0,264,,3,2
2013-03-20T20:21:10Z,2013-03-20T22:20:18Z,2013-03-20T22:20:18Z,2,2,,0,2
2013-03-21T00:00:19Z,,2013-03-22T00:42:29Z,2,2,"WWVwLiBJdCdzIG5vdCBjbGVhciBmcm9tIGh0dHA6Ly9kb2NzLnZhZ3JhbnR1cC5jb20vdjIvdmFn
cmFudGZpbGUvdmVyc2lvbi5odG1sICB0aGF0IHRoZSBuZXcgc3ludGF4IGludHJvZHVjZWQgaW4g
MS4xIGlzIGJhY2t3YXJkIGNvbXBhdGlibGUuIEluIGFueSBjYXNlLCB0aGUgYWJvdmUgY2hhbmdl
c2V0IGZpeGVzIHRoaXMgaXNzdWUgYXMgdGVzdGVkIHdpdGggdmFncmFudCAxLjAuNCBhbmQgMS4x
LjIK
",1,2
2013-03-21T03:11:28Z,2013-03-21T03:25:16Z,2013-03-21T03:25:16Z,2,2,"Q3VycmVudCBHbyB0aXAgKCs3NGU2NWYwN2EwYzgpIGFuZCBsaWtlbHkgR28gMS4xIGRvZXMgbm90
IGJ1aWxkIGRvY2tlciBzaW5jZSBuZXQuVENQQWRkciBzdHJ1Y3QgaGFzIGFuIGFkZGl0aW9uYWwg
ZmllbGQgbm93IGZvciBJUHY2OgoKdHlwZSBUQ1BBZGRyIHN0cnVjdCB7CiAgICBJUCAgIElQCiAg
ICBQb3J0IGludAogICAgWm9uZSBzdHJpbmcgLy8gSVB2NiBzY29wZWQgYWRkcmVzc2luZyB6b25l
Cn0KCkluaXRpYWxpemluZyB0aGUgc3RydWN0IHdpdGggbmFtZWQgZmllbGRzIHJlc29sdmVzIHRo
aXMgcHJvYmxlbS4K
",0,2
2013-03-21T05:53:53Z,2013-03-21T06:26:50Z,2013-03-21T06:26:50Z,1,1,"YmFzaCBkb2VzIG5vdCBsaWtlIGl0CgpgYGAKJCBKT0I9JChkb2NrZXIgcnVuIGJhc2UgL2Jpbi9z
aCAtYyAid2hpbGUgdHJ1ZTsgZG8gZWNobyBIZWxsbyB3b3JsZCE7IHNsZWVwIDE7IGRvbmUiKQpi
YXNoOiAhOiBldmVudCBub3QgZm91bmQKJApgYGAK
",0,2
2013-03-21T10:26:33Z,,2013-03-24T18:07:53Z,1,1,"ZXpiZXJjaWhAdWJ1bnR1LXNlcnZlcjp+L2NvZGUvZ28vc3JjL2dpdGh1Yi5jb20vZG90Y2xvdWQv
ZG9ja2VyL2RvY2tlciQgSk9CPSQoZG9ja2VyIHJ1biBiYXNlIC9iaW4vc2ggLWMgIndoaWxlIHRy
dWU7IGRvIGVjaG8gSGVsbG8gd29ybGQ7IHNsZWVwIDE7IGRvbmUiKQplemJlcmNpaEB1YnVudHUt
c2VydmVyOn4vY29kZS9nby9zcmMvZ2l0aHViLmNvbS9kb3RjbG91ZC9kb2NrZXIvZG9ja2VyJCBk
b2NrZXIgcHMKSUQgICAgICAgICAgSU1BR0UgICAgICAgICAgICAgIENPTU1BTkQgICAgICAgICAg
ICAgICAgQ1JFQVRFRCAgICAgICAgIFNUQVRVUyAgICAgICAgIENPTU1FTlQKMzBhMDBiNTYgICAg
YTFmMDYzMjY5YWJkZTM0ZSAgIC9iaW4vc2ggLWMgd2hpbGUgdHJ1ICAgMyBzZWNvbmRzIGFnbyAg
IFVwIDMgc2Vjb25kcwplemJlcmNpaEB1YnVudHUtc2VydmVyOn4vY29kZS9nby9zcmMvZ2l0aHVi
LmNvbS9kb3RjbG91ZC9kb2NrZXIvZG9ja2VyJCBkb2NrZXIgYXR0YWNoIDMwYTAwYjU2IC1pCgpV
c2FnZTogZG9ja2VyIGF0dGFjaCBbT1BUSU9OU10KCkF0dGFjaCB0byBhIHJ1bm5pbmcgY29udGFp
bmVyCgogIC1lPXRydWU6IEF0dGFjaCB0byBzdGRlcnIKICAtaT1mYWxzZTogQXR0YWNoIHRvIHN0
ZGluCiAgLW89dHJ1ZTogQXR0YWNoIHRvIHN0ZG91dAplemJlcmNpaEB1YnVudHUtc2VydmVyOn4v
Y29kZS9nby9zcmMvZ2l0aHViLmNvbS9kb3RjbG91ZC9kb2NrZXIvZG9ja2VyJCBkb2NrZXIgYXR0
YWNoIDMwYTAwYjU2CkhlbGxvIHdvcmxkCkhlbGxvIHdvcmxkCkhlbGxvIHdvcmxkCg==
",2,2
2013-03-21T13:43:46Z,2013-03-22T22:10:14Z,2013-03-22T22:10:14Z,9,9,"SnVzdCBhIHF1aWNrIFBSLCBzaW5jZSB5b3UgZXhwbGljaXRseSBlbmNvdXJhZ2VkIGl0IGluIHRo
ZSBSRUFETUUsIHRvIGZpeCBhIGZldyB0eXBvcy4K
",1,2
2013-03-22T01:22:34Z,2013-03-22T01:24:46Z,2013-03-22T01:24:46Z,39,39,"TW9zdGx5IGNvZGUgYmxvY2sgZml4ZXMuCg==
",0,2
2013-03-22T03:26:46Z,,2013-03-27T14:39:15Z,1,1,"Q3VycmVudGx5LCBpZiB0aGUgc3BlY2lmaWVkIHNoYXJlZCBmb2xkZXJzIGRvbid0IGV4aXN0IChl
ZzogYH4vZG9ja2VyYCksIHJ1bm5pbmcgYHZhZ3JhbnQgdXBgIHdpbGwgcmVzdWx0IGluIGEgZXJy
b3IuIFRoaXMgZmxhZyBjcmVhdGVzIHRoZSBmb2xkZXIgaWYgaXQncyBtaXNzaW5nLCB3aGljaCBp
cyBhbiBpbnR1aXRpdmUgYmVoYXZpb3VyLiAK
",2,3
2013-03-22T04:47:24Z,2013-03-22T05:46:22Z,2013-03-22T05:46:22Z,14,14,,1,2
2013-03-22T05:31:12Z,2013-03-22T05:44:39Z,2013-03-22T05:44:39Z,13,24,"VGFrZXMgY2FyZSBvZiBpc3N1ZSAxMTMuIFRlc3RlZCBpbiAxLjAuNCwgMS4wLjcgYW5kIDEuMS4y
Lgo=
",0,2
2013-03-22T13:52:46Z,2013-03-22T22:11:52Z,2013-03-22T22:11:52Z,2,2,"SSd2ZSBtYWRlIGEgY291cGxlIGNoYW5nZXMgdG8gdGhlIHB1cHBldCBtYW5pZmVzdHMgdG8gbWFr
ZSB0aGluZ3MgYSBiaXQgY2xlYW5lciBmb3IgbXkgdGVzdGluZy4gIEkgdGhpbmsgdGhleSBtYXkg
aGVscCBvdXQgb3RoZXJzIGFzIHdlbGwuCg==
",1,3
2013-03-22T16:29:15Z,2013-03-22T16:35:07Z,2013-03-22T16:35:07Z,0,3,"QWRkZWQgdGhlIGlwdGFibGVzIGZpeCBmb3IgTkFUIGlzc3VlcyB0byBuZXR3b3JrLmdvLiAgRml4
ZXMgbXkgcHJvYmxlbXMgd2l0aCBhY2Nlc3NpbmcgTkFUIHBvcnRzIG9uIHRoZSBkb2NrZXIgaG9z
dC4K
",1,2
2013-02-04T06:09:57Z,2013-02-09T03:22:09Z,2013-02-09T03:22:09Z,0,266,"QWRkZWQgVmFncmFudGZpbGUgYW5kIFB1cHBldCBjb25maWcgdGhhdCBkb2VzIGFsbCBvZiB0aGUg
Zm9sbG93aW5nIHdpdGggYSBzaW1wbGUgYHZhZ3JhbnQgdXBgOgotIERvd25sb2FkIFF1YW50YWw2
NCBiYXNlIGJveAotIEtpY2sgb2ZmIFB1cHBldCB0byBkbzoKICAtIERvd25sb2FkICYgdW50YXIg
bW9zdCByZWNlbnQgZG9ja2VyIGJpbmFyeSB0YXJiYWxsIHRvIHZhZ3JhbnQgaG9tZWRpci4KICAt
IERlYm9vdHN0cmFwIHRvIC92YXIvbGliL2RvY2tlci9pbWFnZXMvdWJ1bnR1LgogIC0gSW5zdGFs
bCAmIHJ1biBkb2NrZXJkIGFzIHNlcnZpY2UuCiAgLSBQdXQgZG9ja2VyIGluIC91c3IvbG9jYWwv
YmluLgogIC0gUHV0IGxhdGVzdCBHbyB0b29sY2hhaW4gaW4gL3Vzci9sb2NhbC9nby4K
",0,2
2013-02-20T03:49:53Z,2013-02-20T06:58:24Z,2013-02-20T06:58:24Z,0,2,"VGlueSBjaGFuZ2UgdG8gaWdub3JlIGJpbmFyaWVzIHByb2R1Y2VkIHdoZW4gYnVpbGRpbmcK
",0,2
2013-02-20T03:57:02Z,2013-02-20T06:58:01Z,2013-02-20T06:58:01Z,0,2,"Tm90IHRlY2huaWNhbGx5IHJlcXVpcmVkLCBidXQgcG9saXRlLgo=
",0,2
2013-02-20T12:21:30Z,2013-02-20T17:48:13Z,2013-02-20T17:48:13Z,1,3,"V2hlcmUgcHJldmlvdXNseSBoaXR0aW5nIEVudGVyIGluIGFuIGludGVyYWN0aXZlIGNvbnRhaW5l
ciBwcm9jZXNzIHdvdWxkIHlpZWxkICJeTSIgYW5kIHJlcXVpcmUgeW91IHRvIGhpdCBDdHJsLUog
dG8gcHVzaCBhIG5ld2xpbmUsIHRoZXNlIGZsYWdzIGVuc3VyZSB0aGF0IG5ld2xpbmVzIGFyZSBz
ZW50IHdpdGggY2FycmlhZ2UgcmV0dXJucy4K
",0,2
2013-02-23T21:00:24Z,2013-02-23T21:11:39Z,2013-02-23T21:11:39Z,0,1,,0,2
2013-02-28T20:27:13Z,2013-03-01T00:32:56Z,2013-03-01T00:32:56Z,39,622,"SW1wbGVtZW50ZWQgbmV0d29ya2luZyBzdXBwb3J0IGZvciBEb2NrZXIuCi0gQXQgc3RhcnR1cCwg
RG9ja2VyIGFuYWx5emVzIHRoZSBicmlkZ2UgaW50ZXJmYWNlIGl0IHdpbGwgYmUgdXNpbmcgKGJ5
IGRlZmF1bHQsIGBseGNicjBgKSB0byBkZXRlcm1pbmUgdGhlIElQIGFkZHJlc3MgcmFuZ2UgaXQg
d2lsbCBiZSBhc3NpZ25pbmcgdG8gY29udGFpbmVycywgbmV0bWFzayBhbmQgZ2F0ZXdheS4KLSBC
ZWZvcmUgYSBjb250YWluZXIgc3RhcnRzLCBEb2NrZXIgYWxsb2NhdGVzIGFuIElQIGFkZHJlc3Mg
b24gdGhlIGJyaWRnZSBpbnRlcmZhY2UgYW5kIGNvbmZpZ3VyZXMgTFhDIHRvIGNyZWF0ZSBhIHZp
cnR1YWwgZXRoZXJuZXQgaW50ZXJmYWNlIHVzaW5nIHRoYXQgSVAuIFRoZSBJUCBpcyBhdXRvbWF0
aWNhbGx5IHJlbGVhc2VkIChhbmQgcmVjeWNsZWQpIGFzIHNvb24gYXMgdGhlIGNvbnRhaW5lciBp
cyBub3QgcnVubmluZyBhbnltb3JlLgotIE9uY2UgYSBjb250YWluZXIgaXMgY3JlYXRlZCwgYnV0
IGJlZm9yZSB0aGUgcHJvY2VzcyBpcyBzdGFydGVkLCBEb2NrZXIncyBzeXNpbml0IGNvZGUgd2ls
bCB0YWtlIGNhcmUgb2Ygc2V0dGluZyB1cCB0aGUgcm91dGluZyB0YWJsZS4gVGhlIGRlZmF1bHQg
cm91dGUgd2lsbCBwb2ludCB0byB0aGUgaG9zdCBicmlkZ2UgaW50ZXJmYWNlLgoKRG9ja2VyIG5v
dyBhbHNvIHN1cHBvcnRzIHJvdXRpbmcgaW5ib3VuZCB0cmFmZmljIHRvIGNvbnRhaW5lcnMgKFRD
UCBvbmx5KS4KLSBCeSBkZWZhdWx0LCBubyBpbmJvdW5kIHRyYWZmaWMgaXMgZm9yd2FyZGVkIHRv
IGNvbnRhaW5lcnMKLSBZb3UgY2FuIGV4cG9zZSBhIFRDUCBwb3J0IG9mIGEgY29udGFpbmVyIGJ5
IHVzaW5nIHRoZSBgLXBgIG9wdGlvbiBvZiBgZG9ja2VyIHJ1bmAsIGUuZy4gYGRvY2tlciBydW4g
LXAgMTIzNCBiYXNlIC0tIG5jIC1sIDEyMzRgCi0gRG9ja2VyIGluIHR1cm4gd2lsbCBhbGxvY2F0
ZSBhIFRDUCBwb3J0IG9uIHRoZSBob3N0IGFuZCBmb3J3YXJkIGl0IHRvIHRoZSBjb250YWluZXIg
KHJhbmdlOiBbNDkxNTMsNjU1MzVdKS4KLSBUaGUgcG9ydCBleHBvc2VkIG9uIHRoZSBob3N0IHdp
bGwgYmUgZGlmZmVyZW50IGZyb20gdGhlIHBvcnQgdGhlIGNvbnRhaW5lciBpcyBsaXN0ZW5pbmcg
dG8gaW50ZXJuYWxseS4gWW91IGNhbiBmaWd1cmUgb3V0IHRoZSBwb3J0IG1hcHBpbmcgYnkgcnVu
bmluZyBgZG9ja2VyIGluc3BlY3RgIGFuZCBsb29raW5nIHVuZGVyIE5ldHdvcmtTZXR0aW5ncy4K
LSBZb3UgY2FuIGV4cG9zZSBtdWx0aXBsZSBwb3J0cyBvbiBhIHNpbmdsZSBjb250YWluZXIuIEp1
c3Qgc3VwcGx5IHRoZSBgLXBgIG9wdGlvbiBzZXZlcmFsIHRpbWVzLgotIFRoZSBwb3J0cyBhcmUg
YXV0b21hdGljYWxseSByZWxlYXNlZCBhbmQgdW5tYXBwZWQgYXMgc29vbiBhcyB0aGUgY29udGFp
bmVyIHN0b3BzIHJ1bm5pbmcKClVuZGVyIHRoZSBob29kLCBwb3J0IGZvcndhcmRpbmcgaXMgaW1w
bGVtZW50ZWQgdXNpbmcgYGlwdGFibGVzYC4gRG9ja2VyIHdpbGwgZG8gaXRzIGJlc3Qgbm90IHRv
IGludGVyZmVyZSB3aXRoIHlvdXIgZXhpc3RpbmcgcnVsZXMuCi0gSXQgd2lsbCBjcmVhdGUgYSBu
ZXcgY2hhaW4gbmFtZWQgYERPQ0tFUmAgKGBuYXRgIHRhYmxlKS4gVGhpcyBjaGFpbiB3aWxsIGNv
bnRhaW4gYWxsIG9mIGRvY2tlcidzIHJ1bGVzLgotIGRvY2tlciB3aWxsIGFsc28gYXBwZW5kIGEg
c2luZ2xlIHJ1bGUgaW5zaWRlIHRoZSBgUFJFUk9VVElOR2AgY2hhaW4gd2hpY2ggd2lsbCBqdW1w
IHRvIHRoZSBgRE9DS0VSYCBjaGFpbi4gCi0gZG9ja2VyIHdpbGwgbmV2ZXIgZmx1c2ggbm9yIHJl
bW92ZSBhbnkgcnVsZXMgb3IgY2hhaW4gdGhhdCBkb24ndCBiZWxvbmcgdG8gaXQuCg==
",0,2
2013-03-12T00:44:04Z,2013-03-12T18:31:36Z,2013-03-12T18:31:36Z,31,40,"VGhlcmUgd2VyZSBhIGNvdXBsZSBvZiBidWdzIHJlbGF0ZWQgdG8gdGhlIGhlbGQgY29tbWFuZCwg
c3VjaCBhcyByZXBlYXRlZCAndXNhZ2UnIG91dHB1dCBhbmQgY29tbWFuZHMgbWlzc2luZyBmcm9t
IHRoZSBoZWxwIGluZGV4LiBUaGlzIHB1bGwgcmVxdWVzdCBhaW1zIHRvIHJlc29sdmUgdGhlc2Ug
aXNzdWVzLgoKUmVmZXJlbmNlczogIzM4IGFuZCAjMzkK
",0,2
2013-03-12T01:02:45Z,2013-03-12T17:30:08Z,2013-03-12T17:30:08Z,6,14,"TWFkZSBzb21lIGNoYW5nZXMgdG8gdmFncmFudCB0byBmaXggYSBjb3VwbGUgb2YgaXNzdWVzLiAK
LSB1cGRhdGVkIHRvIGxhdGVzdCB2ZXJzaW9uIG9mIGRvY2tlcgotIGZpeGVkIGFuIGlzc3VlIHdp
dGggZG9ja2VyZCB3aXRoIHVwc3RhcnQgbm90IGhhdmluZyB0aGUgY29ycmVjdCBsb2NhbGUgc2V0
Cg==
",0,2
2013-03-12T02:55:41Z,2013-03-12T19:02:49Z,2013-03-12T19:02:49Z,33,108,"SW1wbGVtZW50ZWQgbWVtb3J5IGxpbWl0cyAjMjkgLiBOb3cgeW91IGhhdmUgYSAiLW0iIGFyZ3Vt
ZW50IHRvIHNldCBhIGxpbWl0LgoKQnkgZGVmYXVsdCwgdGhlICJtZW1vcnkgKyBzd2FwIiB2YWx1
ZSBpcyBzZXQgdG8gdHdpY2UgdGhlIHNpemUgb2YgdGhlIE1lbW9yeSBsaW1pdC4gSXQncyBwb3Nz
aWJsZSB0byBkaXNhYmxlIHRoZSBzd2FwIG9yIGNoYW5nZSB0aGUgc3dhcCB2YWx1ZSBmcm9tIHRo
ZSBsaWJyYXJ5IChieSBzZXR0aW5nIHRoZSBDb25maWcgcHJvcGVydHkgYE1lbW9yeVN3YXAnKQo=
",1,2
2013-03-12T03:00:46Z,2013-03-13T20:52:22Z,2013-03-13T20:52:22Z,21,73,"UHVsbCBtaXNzaW5nIGltYWdlcyBvbiBydW4uIEFkZHJlc3NlcyAjMzEuCgpgYGAKY2hvb3BlckBj
aGltYXk6fi9wcm9qZWN0cy9kb2NrZXIvYmluJCAuL2RvY2tlciBpbWFnZXMKTkFNRSAgICAgICAg
ICAgICAgICBJRCAgICAgICAgICAgICAgICAgIENSRUFURUQgICAgICAgICAgICAgUEFSRU5UCmNo
b29wZXJAY2hpbWF5On4vcHJvamVjdHMvZG9ja2VyL2JpbiQgLi9kb2NrZXIgcnVuIC1hIGJhc2Ug
ZWNobyAiaGVsbG8gd29ybGQiCkRvd25sb2FkaW5nIGZyb20gaHR0cDovL3MzLmFtYXpvbmF3cy5j
b20vZG9ja2VyLmlvL2ltYWdlcy9iYXNlClVucGFja2luZyB0byBiYXNlCiMjIyMjIyMjIyMjIyMj
IyMjIyMjIyMjIyMjIyMjIyMjIyMjIyMjIyMjIyMjIyMjIyMjIyMjIyMjIyMjIyMjIyMjIyMjIyMj
IyAxMDAuMCUKYmFzZTplOWNiNGFkOTE3MzI0NWFjCmhlbGxvIHdvcmxkCmNob29wZXJAY2hpbWF5
On4vcHJvamVjdHMvZG9ja2VyL2JpbiQgLi9kb2NrZXIgcnVuIC1hIGJhc2UgZWNobyAiaGVsbG8g
d29ybGQiCmhlbGxvIHdvcmxkCmNob29wZXJAY2hpbWF5On4vcHJvamVjdHMvZG9ja2VyL2JpbiQg
Li9kb2NrZXIgcnVuIC1hIG5vc3VjaGltYWdlIGVjaG8gImhlbGxvIHdvcmxkIgpEb3dubG9hZGlu
ZyBmcm9tIGh0dHA6Ly9zMy5hbWF6b25hd3MuY29tL2RvY2tlci5pby9pbWFnZXMvbm9zdWNoaW1h
Z2UKVW5wYWNraW5nIHRvIG5vc3VjaGltYWdlCiMjIyMjIyMjIyMjIyMjIyMjIyMjIyMjIyMjIyMj
IyMjIyMjIyMjIyMjIyMjIyMjIyMjIyMjIyMjIyMjIyMjIyMjIyMjIyMjIyAxMDAuMCUKRXJyb3I6
IEVycm9yIGRvd25sb2FkaW5nIGltYWdlOiBub3N1Y2hpbWFnZQpjaG9vcGVyQGNoaW1heTp+L3By
b2plY3RzL2RvY2tlci9iaW4kCmBgYAo=
",8,2
2013-03-12T06:55:25Z,2013-03-12T17:31:02Z,2013-03-12T17:31:02Z,23,44,"SmVmZidzIGBpbnN0YWxsLnNoYCBoYXMgYmVlbiByZXdvcmtlZCwgYW5kIGNhbiBub3cgYmUgdXNl
ZCBhcyBhIGBjbG91ZC1pbml0YCBzY3JpcHQuCgpUbyB1c2UgaXQ6IGNyZWF0ZSBhbiBFQzIgaW5z
dGFuY2UgKFVidW50dSwgNjQgYml0cyksIGFuZCBpbiB0aGUgdXNlciBkYXRhLCBzcGVjaWZ5IHRo
ZSBmb2xsb3dpbmc6CgpgYGAKI2luY2x1ZGUKaHR0cDovL2dldC5kb2NrZXIuaW8vCmBgYAoKQXQg
dGhlIGVuZCBvZiB0aGUgYm9vdCBwcm9jZXNzLCB0aGUgc2NyaXB0IHdpbGwgYmUgZG93bmxvYWRl
ZCBhbmQgZXhlY3V0ZWQuIEl0IHdpbGwgdGFrZSBjYXJlIG9mIGRvd25sb2FkaW5nIHRoZSBsYXRl
c3QgYnVpbGRzIG9mIGBkb2NrZXJgIGFuZCBgZG9ja2VyZGAuCg==
",0,2
2013-03-12T19:07:18Z,2013-03-12T19:10:17Z,2013-03-12T19:10:17Z,3,12,"Y3JlYXRlZCBhIG5ldyB2YWdyYW50IGJveCBpbWFnZSB3aXRoIGEgbmV3IGtlcm5lbCB2ZXJzaW9u
IHRvIGZpeCBhbiBpc3N1ZSB3aXRoIHRoZSBvbGQga2VybmVsLiAK
",1,2
2013-03-12T19:14:27Z,2013-03-12T19:15:34Z,2013-03-12T19:15:34Z,0,1,"VGhpcyBpcyBhIHZlcnkgc21hbGwgdGhpbmcgSSBzcG90dGVkIHdoaWxlIHJlYWRpbmcgY2xpZW50
LmdvCg==
",0,2
2013-03-12T20:40:09Z,,2013-03-13T23:01:15Z,0,302,,0,1
2013-03-13T00:29:15Z,2013-03-13T22:44:23Z,2013-03-13T22:44:23Z,0,23,,0,2
2013-03-13T00:38:51Z,2013-03-13T04:00:47Z,2013-03-13T04:00:47Z,1,8,"QWRkZWQgdmVyc2lvbiBvcHRpb24gdG8gZG9ja2VyLCBzbyB3ZSBrbm93IHdoYXQgdmVyc2lvbiBp
cyBpbnN0YWxsZWQuIGlkZWFsbHkgaXQgd291bGQgYWxzbyBzaG93IGdpdCBjaGVja291dCBhbmQg
YnVpbGQgdGltZSwgYnV0IG5vdCBlYXN5IGF0IHRoaXMgdGltZSB3aXRob3V0IHNvbWUgbWFrZSBm
aWxlIG1hZ2ljLgoKQSBmaXggZm9yIGlzc3VlICM0Ngo=
",0,2
2013-03-13T19:08:01Z,2013-03-13T19:24:36Z,2013-03-13T19:24:36Z,195,170,"SW1wbGVtZW50IHN0YW5kYWxvbmUgbW9kZSAoc2VlIGlzc3VlICMyOCkuCi0gZG9ja2VyZCBoYXMg
YmVlbiBtZXJnZWQgaW50byBkb2NrZXIKLSAnZG9ja2VyIC1kJyBydW5zIGluIGRhZW1vbiBtb2Rl
Ci0gZG9ja2VyIGF1dG8tZGV0ZWN0cyB0aGUgZGFlbW9uIGFuZCBwYXNzZXMgYWxsIGNvbW1hbmRz
IHRvIGl0LiBJZiB0aGVyZSBpcyBubyBkYWVtb24sIGRvY2tlciBzd2l0Y2hlcyB0byBzdGFuZGFs
b25lIG1vZGUuCg==
",0,1
2013-03-13T19:57:17Z,2013-03-13T20:04:56Z,2013-03-13T20:04:56Z,13,44,,0,1
2013-03-13T20:46:40Z,2013-03-13T21:09:17Z,2013-03-13T21:09:17Z,30,88,"U29ycnksIHRoZXJlIGFyZSB0d28gY2hhbmdlcyBvbiB0aGUgc2FtZSBwdWxsIHJlcXVlc3QsIEkg
b3JpZ2luYWxseSBoYWQgdGhlbSBvbiB0d28gZGlmZmVyZW50IGJyYW5jaGVzIGFuZCBJIGNvdWxk
bid0IGZpZ3VyZSBvdXQgaG93IHRvIGJhY2sgb3V0IGFuZCBlaXRoZXIgd2F5LCB0aGUgZml4ZXMg
YXJlbid0IHJlbGF0ZWQgc28gSSdtIGtlZXBpbmcgaXQgbGlrZSB0aGlzLgoKVmFncmFudCBpcyB1
cGRhdGVkIHRvIHdvcmsgd2l0aCB0aGUgbmV3IHNpbmdsZSBiaW5hcnkgY2hhbmdlcywgYW5kIGlu
Y2x1ZGluZyBuZXcgcmVxdWlyZWQgcGFja2FnZXMsIGFuZCBhZGRlZCBFTlYgdmFyaWFibGVzIHRv
IHRoZSAucHJvZmlsZSBhbmQgYWRkZWQgdmFncmFudCBzaGFyZWQgZm9sZGVyIGZvciBlYXNpZXIg
bWFwcGluZyBvZiBmaWxlcyBiYWNrIGFuZCBmb3J0aC4KCmZzL3N0b3JlLlJlZ2lzdGVyIHJlZmFj
dG9yIHdhcyBqdXN0IGNsZWFuaW5nIHVwIHRoZSBjb2RlIGEgbGl0dGxlLCBwZXIgU29sb21vbidz
IHN1Z2dlc3Rpb25zLiB1bml0IHRlc3QgZm9yIFJlZ2lzdGVyIHdhcyBhbHNvIGFkZGVkLgo=
",0,2
2013-03-14T01:54:50Z,2013-03-14T02:51:12Z,2013-03-14T02:51:12Z,6,12,"Rml4ZXMgYnVnICM3MSAobmV3IGluc3RhbGxzIGZhaWwgYmVjYXVzZSAvdmFyL2xpYi9kb2NrZXIg
ZG9lc24ndCBleGlzdCkgYW5kIGFsc28gbWFrZXMgYSBtaW5vciBpbXByb3ZlbWVudCB0byB0aGUg
ZG93bmxvYWQgcHJvZ3Jlc3MgYmFyCg==
",1,2
2013-03-14T03:17:16Z,2013-03-14T04:30:23Z,2013-03-14T04:30:23Z,0,44,,0,2
2013-03-14T03:30:43Z,2013-03-14T04:30:46Z,2013-03-14T04:30:46Z,2,2,"U2NyaXB0IHVwZGF0ZWQgKyBtb3ZlZCB0byBjb250cmliIGRpcmVjdG9yeS4K
",0,2
2013-03-14T09:51:02Z,2013-03-14T21:42:39Z,2013-03-14T21:42:40Z,37,57,"Rml4IGlzc3VlICM2NSwgRG93bmxvYWQgdmlhIENtZEltcG9ydCB0aGUgYnVzeWJveCBpbWFnZSBh
bmQgcGVyZm9ybSB0aGUgdGVzdHMuCldlIGRvIG5vdCBuZWVkIGFueW1vcmUgdG8gbWFudWFsbHkg
ZG93bmxvYWQgdGhlIGRlYm9vdHN0cmFwCkluIG9yZGVyIHRvIGRvIHRoYXQsIEkgaGFkIHRvIG1v
dmUgdGhlIGNvbW1hbmRzIHBhY2thZ2Ugd2l0aGluIHRoZSBtYWluIGRvY2tlcidzIG9uZSAoaW1w
b3J0IGN5Y2xlKS4K
",0,2
2013-03-14T11:08:08Z,2013-03-14T17:09:00Z,2013-03-14T17:09:00Z,4,3,"SXNzdWUgIzc3LCBOb3cgbW91bnRwb2ludHMgYXJlIGFsd2F5cyBkZWxldGVkIGV2ZW4gd2hlbiBu
b3QgY3VycmVudGx5IG1vdW50ZWQuCg==
",1,2
2013-03-15T00:46:55Z,2013-03-16T09:14:07Z,2013-03-16T09:14:07Z,8,232,"QWRkZWQgYSBuZXcgZG9ja2VyIGxvZ2luIGNvbW1hbmQgdGhhdCB3aWxsIGFsbG93IHJlZ2lzdGVy
L2xvZ2luIHRvIHRoZSBkb2NrZXIgcmVnaXN0cnkgYW5kIGNhY2hlIHRoZSB2YWx1ZXMgbG9jYWxs
eSBmb3IgZnV0dXJlIHVzZS4gCg==
",8,5
2013-03-15T04:25:24Z,2013-03-15T21:26:00Z,2013-03-15T21:26:00Z,22,110,"VGhpcyBwdWxsIHJlcXVlc3RzIGFkZCBBV1Mgc3VwcG9ydCB0byBWYWdyYW50LiBEb2N1bWVudGF0
aW9uIG9uIHVzYWdlIGhhcyBiZWVuIGFkZGVkIHRvIHRoZSBSRUFETUUuCgpSZWY6ICM4MCAK
",0,2
2013-03-15T07:23:15Z,2013-03-15T21:19:54Z,2013-03-15T21:19:54Z,17,364,"LSBNYWtlZmlsZSBvbiBwbGFjZSwgYnVpbGRpbmcgZGViIHBhY2thZ2UgYW5kIGV4ZXJjaXNpbmcg
dGVzdHMKLSBDaGFuZ2VzZXRzIGNsZWFubHkgcmViYXNlZCBvbiB0b3Agb2YgYzY1YzE3MzhiNTlj
Ci0gZGViIHBhY2thZ2UgY3JlYXRlZAotIFJlbGVhc2UgMC4wLjIgYnVpbGRpbmcgaW4gcHJvZ3Jl
c3Mgb24gbGF1bmNocGFkCgpUbyBkb3dubG9hZCBiaW5hcnk6Ci0gYWRkIGludG8gL2V0Yy9hcHQv
c291cmNlcy5saXN0CiAgZGViIGh0dHA6Ly9wcGEubGF1bmNocGFkLm5ldC9kb3RjbG91ZC9kb3Rj
bG91ZC1kb2NrZXIvdWJ1bnR1IHByZWNpc2UgbWFpbgotIHN1ZG8gYXB0LWdldCB1cGRhdGUKLSBh
cHQtZ2V0IGluc3RhbGwgZG90Y2xvdWQtZG9ja2VyCg==
",0,2
2013-03-15T09:28:30Z,2013-03-15T21:08:00Z,2013-03-15T21:08:00Z,75,388,"Q2xvc2VzICM3OSAgYW5kICM5Mgo=
",2,2
2013-03-15T10:08:48Z,2013-03-15T10:10:28Z,2013-03-15T10:10:28Z,3,3,,1,1
2013-03-16T06:56:11Z,2013-03-16T09:13:32Z,2013-03-16T09:13:32Z,2,2,,0,2
2013-03-16T19:21:22Z,2013-03-16T19:35:43Z,2013-03-16T19:35:43Z,1,1,,1,2
2013-03-16T20:18:11Z,2013-03-17T01:32:26Z,2013-03-17T01:32:26Z,1,1,"QW5kIEkndmUgbW92ZWQgb24gdG8gcnVubmluZywgSSBwcm9iYWJseSBzaG91bGQgaGF2ZSBzYXZl
ZCB0aGVzZSB1cCBmb3Igb25lIHB1bGwgcmVxdWVzdC4K
",0,2
2013-03-17T19:02:46Z,2013-03-19T17:07:21Z,2013-03-19T17:07:21Z,5,4,"MS4gUmVuYW1lIGNsZWFudXAgdG8gY2xlYW4gdG8gbWF0Y2ggY29udmVudGlvbnMKMi4gQWRkaW5n
IGJpbiB0byBjbGVhbiwgdGhpcyBwcmV2ZW50cyBidWlsZCBmYWlsdXJlcyBhbmQgYWxzbyBlbnN1
cmVzIG9ubHkgcmVjZW50IGFydGlmYWN0cyBhcmUgcGFja2FnZWQKMy4gRGVmYXVsdCBtYWtlIG5v
dyByZXN1bHRzIGluIGFuIGltcGxpY2l0IGNsZWFuIGJlZm9yZSBidWlsZGluZy4K
",0,2
2013-03-19T21:46:35Z,,2013-03-24T17:28:57Z,5,6,,1,1
2013-03-19T23:06:08Z,2013-03-20T00:42:29Z,2013-03-20T00:42:29Z,1,1,"SSB1cGRhdGVkIHRoZSByZWdpc3RyeSBhZGRyZXNzIHNvIHRoYXQgaXQgdXNlcyBodHRwcyBpbnN0
ZWFkIG9mIGh0dHAuIAo=
",0,2
2013-03-20T01:45:34Z,2013-03-20T01:46:29Z,2013-03-20T01:46:29Z,0,3,,1,2
2013-03-20T03:18:31Z,2013-03-20T07:08:55Z,2013-03-20T07:08:55Z,1,22,,1,2
2013-03-20T03:38:17Z,2013-03-20T07:18:43Z,2013-03-20T07:18:43Z,0,264,,3,2
2013-03-20T20:21:10Z,2013-03-20T22:20:18Z,2013-03-20T22:20:18Z,2,2,,0,2
2013-03-21T00:00:19Z,,2013-03-22T00:42:29Z,2,2,"WWVwLiBJdCdzIG5vdCBjbGVhciBmcm9tIGh0dHA6Ly9kb2NzLnZhZ3JhbnR1cC5jb20vdjIvdmFn
cmFudGZpbGUvdmVyc2lvbi5odG1sICB0aGF0IHRoZSBuZXcgc3ludGF4IGludHJvZHVjZWQgaW4g
MS4xIGlzIGJhY2t3YXJkIGNvbXBhdGlibGUuIEluIGFueSBjYXNlLCB0aGUgYWJvdmUgY2hhbmdl
c2V0IGZpeGVzIHRoaXMgaXNzdWUgYXMgdGVzdGVkIHdpdGggdmFncmFudCAxLjAuNCBhbmQgMS4x
LjIK
",1,2
2013-03-21T03:11:28Z,2013-03-21T03:25:16Z,2013-03-21T03:25:16Z,2,2,"Q3VycmVudCBHbyB0aXAgKCs3NGU2NWYwN2EwYzgpIGFuZCBsaWtlbHkgR28gMS4xIGRvZXMgbm90
IGJ1aWxkIGRvY2tlciBzaW5jZSBuZXQuVENQQWRkciBzdHJ1Y3QgaGFzIGFuIGFkZGl0aW9uYWwg
ZmllbGQgbm93IGZvciBJUHY2OgoKdHlwZSBUQ1BBZGRyIHN0cnVjdCB7CiAgICBJUCAgIElQCiAg
ICBQb3J0IGludAogICAgWm9uZSBzdHJpbmcgLy8gSVB2NiBzY29wZWQgYWRkcmVzc2luZyB6b25l
Cn0KCkluaXRpYWxpemluZyB0aGUgc3RydWN0IHdpdGggbmFtZWQgZmllbGRzIHJlc29sdmVzIHRo
aXMgcHJvYmxlbS4K
",0,2
2013-03-21T05:53:53Z,2013-03-21T06:26:50Z,2013-03-21T06:26:50Z,1,1,"YmFzaCBkb2VzIG5vdCBsaWtlIGl0CgpgYGAKJCBKT0I9JChkb2NrZXIgcnVuIGJhc2UgL2Jpbi9z
aCAtYyAid2hpbGUgdHJ1ZTsgZG8gZWNobyBIZWxsbyB3b3JsZCE7IHNsZWVwIDE7IGRvbmUiKQpi
YXNoOiAhOiBldmVudCBub3QgZm91bmQKJApgYGAK
",0,2
2013-03-21T10:26:33Z,,2013-03-24T18:07:53Z,1,1,"ZXpiZXJjaWhAdWJ1bnR1LXNlcnZlcjp+L2NvZGUvZ28vc3JjL2dpdGh1Yi5jb20vZG90Y2xvdWQv
ZG9ja2VyL2RvY2tlciQgSk9CPSQoZG9ja2VyIHJ1biBiYXNlIC9iaW4vc2ggLWMgIndoaWxlIHRy
dWU7IGRvIGVjaG8gSGVsbG8gd29ybGQ7IHNsZWVwIDE7IGRvbmUiKQplemJlcmNpaEB1YnVudHUt
c2VydmVyOn4vY29kZS9nby9zcmMvZ2l0aHViLmNvbS9kb3RjbG91ZC9kb2NrZXIvZG9ja2VyJCBk
b2NrZXIgcHMKSUQgICAgICAgICAgSU1BR0UgICAgICAgICAgICAgIENPTU1BTkQgICAgICAgICAg
ICAgICAgQ1JFQVRFRCAgICAgICAgIFNUQVRVUyAgICAgICAgIENPTU1FTlQKMzBhMDBiNTYgICAg
YTFmMDYzMjY5YWJkZTM0ZSAgIC9iaW4vc2ggLWMgd2hpbGUgdHJ1ICAgMyBzZWNvbmRzIGFnbyAg
IFVwIDMgc2Vjb25kcwplemJlcmNpaEB1YnVudHUtc2VydmVyOn4vY29kZS9nby9zcmMvZ2l0aHVi
LmNvbS9kb3RjbG91ZC9kb2NrZXIvZG9ja2VyJCBkb2NrZXIgYXR0YWNoIDMwYTAwYjU2IC1pCgpV
c2FnZTogZG9ja2VyIGF0dGFjaCBbT1BUSU9OU10KCkF0dGFjaCB0byBhIHJ1bm5pbmcgY29udGFp
bmVyCgogIC1lPXRydWU6IEF0dGFjaCB0byBzdGRlcnIKICAtaT1mYWxzZTogQXR0YWNoIHRvIHN0
ZGluCiAgLW89dHJ1ZTogQXR0YWNoIHRvIHN0ZG91dAplemJlcmNpaEB1YnVudHUtc2VydmVyOn4v
Y29kZS9nby9zcmMvZ2l0aHViLmNvbS9kb3RjbG91ZC9kb2NrZXIvZG9ja2VyJCBkb2NrZXIgYXR0
YWNoIDMwYTAwYjU2CkhlbGxvIHdvcmxkCkhlbGxvIHdvcmxkCkhlbGxvIHdvcmxkCg==
",2,2
2013-03-21T13:43:46Z,2013-03-22T22:10:14Z,2013-03-22T22:10:14Z,9,9,"SnVzdCBhIHF1aWNrIFBSLCBzaW5jZSB5b3UgZXhwbGljaXRseSBlbmNvdXJhZ2VkIGl0IGluIHRo
ZSBSRUFETUUsIHRvIGZpeCBhIGZldyB0eXBvcy4K
",1,2
2013-03-22T01:22:34Z,2013-03-22T01:24:46Z,2013-03-22T01:24:46Z,39,39,"TW9zdGx5IGNvZGUgYmxvY2sgZml4ZXMuCg==
",0,2
2013-03-22T03:26:46Z,,2013-03-27T14:39:15Z,1,1,"Q3VycmVudGx5LCBpZiB0aGUgc3BlY2lmaWVkIHNoYXJlZCBmb2xkZXJzIGRvbid0IGV4aXN0IChl
ZzogYH4vZG9ja2VyYCksIHJ1bm5pbmcgYHZhZ3JhbnQgdXBgIHdpbGwgcmVzdWx0IGluIGEgZXJy
b3IuIFRoaXMgZmxhZyBjcmVhdGVzIHRoZSBmb2xkZXIgaWYgaXQncyBtaXNzaW5nLCB3aGljaCBp
cyBhbiBpbnR1aXRpdmUgYmVoYXZpb3VyLiAK
",2,3
2013-03-22T04:47:24Z,2013-03-22T05:46:22Z,2013-03-22T05:46:22Z,14,14,,1,2
2013-03-22T05:31:12Z,2013-03-22T05:44:39Z,2013-03-22T05:44:39Z,13,24,"VGFrZXMgY2FyZSBvZiBpc3N1ZSAxMTMuIFRlc3RlZCBpbiAxLjAuNCwgMS4wLjcgYW5kIDEuMS4y
Lgo=
",0,2
2013-03-22T13:52:46Z,2013-03-22T22:11:52Z,2013-03-22T22:11:52Z,2,2,"SSd2ZSBtYWRlIGEgY291cGxlIGNoYW5nZXMgdG8gdGhlIHB1cHBldCBtYW5pZmVzdHMgdG8gbWFr
ZSB0aGluZ3MgYSBiaXQgY2xlYW5lciBmb3IgbXkgdGVzdGluZy4gIEkgdGhpbmsgdGhleSBtYXkg
aGVscCBvdXQgb3RoZXJzIGFzIHdlbGwuCg==
",1,3
2013-03-22T16:29:15Z,2013-03-22T16:35:07Z,2013-03-22T16:35:07Z,0,3,"QWRkZWQgdGhlIGlwdGFibGVzIGZpeCBmb3IgTkFUIGlzc3VlcyB0byBuZXR3b3JrLmdvLiAgRml4
ZXMgbXkgcHJvYmxlbXMgd2l0aCBhY2Nlc3NpbmcgTkFUIHBvcnRzIG9uIHRoZSBkb2NrZXIgaG9z
dC4K
",1,2
