2016-07-28T04:02:05Z,,2016-07-30T01:26:26Z,0,2,"QSBzaW1wbGUgcHVsbCByZXF1ZXN0IGZvciB0ZXN0LlRvIGJlIGEgbmV3IGNvbnRyaWJ1dG9yIGZv
ciB0aGlzIHByb2plY3QhCg==
",2,2
2017-03-02T10:31:17Z,2017-03-02T11:59:13Z,2017-03-02T11:59:13Z,1,1,"Y2FyYXZlbCDmlLnkuLogc3VwZXJzZXQ=
",3,2
2017-04-06T13:06:24Z,2017-04-07T02:52:53Z,2017-04-07T02:52:53Z,0,5,,0,2
2017-04-07T11:51:46Z,2017-04-07T14:59:16Z,2017-04-07T14:59:16Z,0,8,,0,2
2017-04-16T07:11:25Z,2017-04-18T08:06:26Z,2017-04-18T08:06:26Z,2,21,"8J+YhCA=
",0,2
2017-05-06T01:12:49Z,2017-05-07T14:26:41Z,2017-05-07T14:26:41Z,0,5,,0,2
2017-06-20T08:03:59Z,2017-06-20T08:12:20Z,2017-06-20T08:12:20Z,3,5,,0,2
2017-06-26T16:54:33Z,,2017-06-27T08:37:44Z,0,0,"cHVsbA==
",0,2
2017-07-27T05:57:35Z,2017-07-28T15:53:15Z,2017-07-28T15:53:15Z,2,3,,0,2
2018-03-02T10:43:56Z,,2018-04-11T07:51:49Z,1,1,,1,2
2018-12-21T13:27:18Z,,2018-12-24T03:15:22Z,1,1,"5aaC5L2V5YGa5aW95LiA5p6a56iL5bqP5ZGY77yI5Lit5paH57+76K+R54mI77yJ5L+u5pS56ZO+
5o6l77yM5pSv5oyB6Lez6L2saHR0cHM6Ly9naXRodWIuY29tL2JyYXlkaWUvSG93VG9CZUFQcm9n
cmFtbWVyL3RyZWUvbWFzdGVyL3po
",0,2
2018-12-22T02:09:47Z,2018-12-24T03:16:11Z,2018-12-24T03:16:11Z,1,1,"U2lnbmVkLW9mZi1ieTogWGlhbmcgRGFpIDw3NjQ1MjQyNThAcXEuY29tPg==
",0,2
2018-12-24T14:30:43Z,2018-12-25T01:24:43Z,2018-12-25T01:24:43Z,1,1,,0,2
2019-02-21T02:49:48Z,,2019-02-26T09:48:19Z,41,41,"U2lnbmVkLW9mZi1ieTogWGlhbmcgRGFpIDw3NjQ1MjQyNThAcXEuY29tPg==
",3,3
2019-02-26T09:36:56Z,2019-02-28T09:44:27Z,2019-02-28T09:44:27Z,1,1,"U2lnbmVkLW9mZi1ieTogWGlhbmcgRGFpIDw3NjQ1MjQyNThAcXEuY29tPg==
",1,2
2019-06-21T08:01:12Z,2019-06-21T08:02:08Z,2019-06-21T08:02:08Z,0,66,,0,2
2019-12-03T18:44:06Z,,2019-12-06T01:57:10Z,1,1,,2,2
2019-12-13T11:19:21Z,,2020-02-27T06:57:38Z,0,21,"SG9sYSENClNvbW9zIHVuIGdydXBvIGRlIGVzdHVkaWFudGVzIGRlIGxhIFVuaXZlcnNpZGFkIENv
bXBsdXRlbnNlIGRlIE1hZHJpZCAoVUNNKSB5IGVzdGFtb3MNCmhhY2llbmRvIHVuYSBjYW1wYcOx
YSBkZSBjb25jaWVuY2lhY2nDs24gc29icmUgZWwgdXNvIGRlIGxpY2VuY2lhcy4NCg0KUmF6b25l
cyBwb3IgbGFzIHF1ZSB1c2FyIHVuYSBsaWNlbmNpYToNCg0KLSBFcyBGw4FDSUwgZGUgdXNhcjog
ZXNjb2dlIGxhIGxpY2VuY2lhLCBjb3BpYSBlbCB0ZXh0byBnZW7DqXJpY28geSBsaXN0byEgWWEg
cHVlZGVzIHVzYXJsYSBlbiB0dXMgcHJveWVjdG9zLiBFbiBlbCBzaWd1aWVudGUgW2xpbmtdKGh0
dHBzOi8vaGVscC5naXRodWIuY29tL2VuL2dpdGh1Yi9jcmVhdGluZy1jbG9uaW5nLWFuZC1hcmNo
aXZpbmctcmVwb3NpdG9yaWVzL2xpY2Vuc2luZy1hLXJlcG9zaXRvcnkpIHB1ZWRlcyBlbmNvbnRy
YXIgbcOhcyBpbmZvcm1hY2nDs246DQotIExJTcONVEFTIHF1w6kgdXNvcyBwdWVkZW4gdGVuZXIg
bGFzIHBlcnNvbmFzIHBhcmEgdXNhciB0dSBjb250ZW5pZG8sIGRlIGVzdGEgbWFuZXJhIGV2aXRh
cyBwcm9ibGVtYXMgZGUgY29waWFzIHkgcGxhZ2lvcyANCi0gQ29tcGFydGlyIGVzIHBvZGVyISBM
YXMgbGljZW5jaWFzIGxpYnJlcyB0ZSBkYW4gY3JlZGl0byBlbiB0b2RvIG1vbWVudG8gcGVybWl0
aWVuZG8gcXVlIG90cm9zIHVzZW4gdHUgdHJhYmFqbyBiYWpvIFRVUyBjb25kaWNpb25lcy4NCkVu
IGVsIHNpZ3VpZW50ZSBbdmlkZW9dKGh0dHBzOi8vd3d3LnlvdXR1YmUuY29tL3dhdGNoP3Y9T25t
V0Z4bEcyR0EpIHNlIGV4cGxpY2FuIGxvcyB0aXBvcyBkZSBsaWNlbmNpYXMgcGFyYSBxdWUgcHVl
ZGFzIGVzY29nZXIgdW5hIHF1ZSBzZSBhZGFwdGUgYSB0dXMgbmVjZXNpZGFkZXMNCg0KSGVtb3Mg
ZWxlZ2lkbyBsYSBsaWNlbmNpYSBNSVQgcGFyYSBlc3RlIHB1bGwgcmVxdWVzdC4gRW4gZXN0ZSBb
bGlua10oaHR0cHM6Ly9jaG9vc2VhbGljZW5zZS5jb20vbGljZW5zZXMvbWl0LykgcHVlZGVzIGVu
Y29udHJhciBtYXMgaW5mb3JtYWNpb24gc29icmUgZXN0YSBsaWNlbmNpYQ0KDQpHcmFjaWFzIHBv
ciB0dSBhdGVuY2nDs24hIEVzcGVyYW1vcyBxdWUgdGUgaGF5YSBzZXJ2aWRvIGRlIGF5dWRhDQoN
Ci0tLS0tLS0tLS0tLS0tLS0tLS0tLS0tLS0tLS0tLS0tLS0tLS0tLS0tLS0tLS0tLS0tLS0tLS0t
LS0tLS0tLS0tLS0tLS0tLS0tLS0tLS0tLS0tLS0tLS0tLS0tLS0tLS0tLS0tLS0tLS0tLS0tLS0t
LQ0KSGVsbG8hDQpXZSBhcmUgYSBncm91cCBvZiBzdHVkZW50cyBvZiBVbml2ZXJzaWRhZCBDb21w
bHV0ZW5zZSBkZSBNYWRyaWQgKFVDTSkgYW5kIHdlIGFyZSB3b3JraW5nIG9uIGFuIGF3YXJlbmVz
cyBjYW1wYWlnbiBhYm91dCB0eXBlcyBhbmQgdXNlcyBvZiBsaWNlbmNlcy4NCg0KVGhlcmUgYXJl
IG1hbnkgcmVhc29ucyB0byB1c2UgbGljZW5jZXMgaW4geW91ciBjb2RlOg0KDQotIEl0J3MgRUFT
WSB0byB1c2U6IGNob29zZSB0aGUgbGljZW5jZSwgY29weSB0aGUgZ2VuZXJpYyB0ZXh0IGFuZCBy
ZWFkeSEgTm93IHlvdSBjYW4gdXNlIGl0IGluIHlvdXIgcHJvamVjdHMgWW91IGNhbiBmb3VuZCBt
b3JlIGluZm9ybWF0aW9uIGluIHRoZSBmb2xsb3dpbmcgW2xpbmtdKGh0dHBzOi8vaGVscC5naXRo
dWIuY29tL2VuL2dpdGh1Yi9jcmVhdGluZy1jbG9uaW5nLWFuZC1hcmNoaXZpbmctcmVwb3NpdG9y
aWVzL2xpY2Vuc2luZy1hLXJlcG9zaXRvcnkgKSANCg0KLSBZb3UgTElNSVQgdGhlIHVzZXMgb2Yg
eW91ciBjb2RlLCBpbiB0aGlzIHdheSB5b3Ugd2lsbCBhdm9pZCBwb3NzaWJsZSBsZWdhbCBwcm9i
bGVtcyBhYm91dCBjb3BpZXMgYW5kIHBsYWdpYXJpc20NCi0gU2hhcmUgaXMgcG93ZXIhIFRoZSBm
cmVld2FyZSBsaWNlbmNlcyBnaXZlIHRvIHlvdSBjcmVkaXQgYWxsIHRoZSB0aW1lLiBBbGxvdyB0
aGlyZCBwZW9wbGUgdXNlIGl0IHdpdGggWU9VUiBjb25kaXRpb25zDQoNClRoZSBmb2xsb3dpbmcg
W3lvdXR1YmUgbGlua10oaHR0cHM6Ly93d3cueW91dHViZS5jb20vd2F0Y2g/dj1Pbm1XRnhsRzJH
QSkgc2hvdyB0aGUgZXhpc3RpbmcgdHlwZXMgb2YgbGljZW5jZXMgdG8gY2hvb3NlIG9uZSB3aGlj
aCBhZGFwdCBiZXR0ZXIgdG8geW91ciBuZWVkcw0KDQpXZSBoYXZlIGNob3NlbiBNSVQgbGljZW5z
ZSBmb3IgdGhpcyBwdWxsIHJlcXVlc3QuIEluIHRoaXMgW2xpbmtdKGh0dHBzOi8vY2hvb3NlYWxp
Y2Vuc2UuY29tL2xpY2Vuc2VzL21pdC8pLCB5b3UgY2FuIGdldCBtb3JlIGluZm9ybWF0aW9uIGFi
b3V0IHRoaXMgbGljZW5zZQ0KDQpUaGFuayB5b3UgYSBsb3QgZm9yIHlvdXIgYXR0ZW50aW9uISBX
ZSBob3BlIHlvdSB0aGUgY29udGVudHMgaGFzIGJlZW4gaGVscGZ1bA0K
",0,2
2019-12-28T15:27:08Z,2019-12-30T02:30:04Z,2019-12-30T02:30:04Z,1,3,,0,2
2020-02-29T08:34:13Z,,2020-02-29T08:34:48Z,0,0,"5pu05paw5pWw5o2u
",0,1
2020-04-30T07:29:17Z,,2020-04-30T07:31:37Z,147,403,"5ouJ5Y+W5paw5Luj56CB
",3,2
2020-05-17T03:12:09Z,,2020-05-17T10:11:28Z,0,5,"YWRkIGNoZW5qdV90ZXN0
",3,3
2020-09-21T07:14:51Z,2020-09-22T08:51:18Z,2020-09-22T08:51:18Z,6,6,,0,2
2020-10-01T10:54:54Z,,2020-10-03T17:25:28Z,0,2,,0,2
2021-02-01T11:22:31Z,2021-02-02T09:26:43Z,2021-02-02T09:26:43Z,9,9,"U3RhbmRhcmRpemluZyB0aGUgZm9ybWF0IG9mIGRvY3VtZW50cw==
",0,2
2021-06-26T17:04:22Z,,2021-07-07T23:28:16Z,0,21,"aHR0cHM6Ly9naXRodWIuY29tL2NjbGF1c3MvSGVsbG9HaXRIdWIvYWN0aW9ucw==
",0,1
2021-07-23T14:21:30Z,,2021-07-23T14:22:11Z,0,1,,0,1
2022-03-09T13:25:38Z,,2022-03-23T10:22:58Z,0,2,"56ys5LiA5qyh5L+u5pS5Zm9ya+S4i+eahOmhueebrg==
",1,2
2022-09-14T08:59:43Z,,2022-09-28T00:17:42Z,1,1,,1,2
2022-10-29T18:32:47Z,,2022-11-29T01:43:31Z,1,1,"Tm90ZXBhZCsrIOacrOi6q+WwseaYr+W8gOa6kOi9r+S7tg0KaHR0cHM6Ly9naXRodWIuY29tL25v
dGVwYWQtcGx1cy1wbHVzL25vdGVwYWQtcGx1cy1wbHVz
",0,3
2022-12-05T07:50:54Z,,2022-12-28T08:14:24Z,1,1,,1,2
2023-07-20T14:14:12Z,2023-07-28T05:50:40Z,2023-07-28T05:50:40Z,2,42,"SSBjcmVhdGVkIEphcGFuZXNlIHRyYW5zbGF0ZWQgUkVBRE1FLg==
",1,2
2023-07-28T12:02:27Z,2023-07-28T12:36:07Z,2023-07-28T12:36:07Z,4,4,,0,2
