repo_name,releases,stars,age,loc,dit,cbo,lcom
genie,172,1635,10,1795,7.0,5.0,0.0
rsocket-java,86,2293,8,2884,18.0,5.0,1.0
armeria,222,4401,7,20144,24.0,5.0,0.0
leet-code,0,4345,8,181,1.0,2.0,0.0
mybatis-plus,25,15062,7,2760,7.0,4.0,0.0
GreenDroid,0,2588,13,256,6.0,5.0,1.5
simplify,9,4233,9,1120,6.0,7.0,0.0
NullAway,4,3397,6,1533,5.0,2.0,0.0
titan,0,5234,11,5577,7.0,3.0,1.0
android-demo-app,0,1296,3,110,4.0,3.0,0.0
android-ripple-background,0,2251,8,2,3.0,3.0,0.0
ExpandableLayout,0,2265,7,26,3.0,4.5,0.0
Java,0,11538,7,174,6.0,0.0,0.0
handlebars.java,9,1393,11,1201,4.0,2.0,0.0
Xpatch,16,2242,4,426,4.0,2.0,1.0
zuul,5,12862,10,1212,10.0,4.0,1.0
bistoury,8,3852,4,6159,9.0,3.0,1.0
mall-learning,0,12334,4,2883,4.0,3.0,0.5
SwipeBack,0,1733,9,32,3.0,3.0,0.0
param-miner,2,1061,5,161,3.0,5.0,2.0
kestra,30,3837,4,2251,6.0,6.0,0.0
AnimatedPieView,0,1313,5,319,3.0,2.0,0.0
sphinx4,0,1367,9,3332,9.0,4.0,1.0
DataX,7,14158,5,3881,8.0,3.0,0.0
lilishop,3,3670,2,3206,4.0,5.0,0.0
clojure,0,10123,13,4475,48.0,0.0,0.0
java-algorithms-implementation,0,4292,9,2292,41.0,3.0,0.0
OnePush,1,1415,6,167,3.0,3.0,0.0
screenshot-tests-for-android,11,1712,8,258,3.0,3.5,1.0
AndroidHttpCapture,1,4252,6,934,4.0,3.0,0.0
LollipopShowcase,6,1765,8,46,3.0,3.0,0.0
MZBannerView,9,2319,6,85,4.0,2.0,0.0
unirest-java,50,2483,12,1349,7.0,4.0,2.5
Pokemap,135,1013,7,108,3.0,3.0,0.0
SuperRecyclerView,7,2637,8,136,4.0,2.0,0.0
spring-boot-3-jwt-security,0,1001,0,43,2.0,7.0,0.0
banner,0,12492,7,154,4.0,5.0,1.0
BezierMaker,0,1397,7,29,2.0,5.5,1.5
production_ssm,0,1050,7,4873,3.0,3.0,15.0
rstudio,0,4372,12,12250,8.0,2.0,0.0
graphhopper,40,4291,11,5655,8.0,4.0,0.0
CircleProgress,0,3784,8,86,4.0,6.0,1.0
faboptions,5,1046,6,25,4.0,4.0,8.0
LiveEventBus,0,3653,5,325,3.0,2.0,0.0
tiny-spring,0,3930,9,120,3.0,2.0,0.0
open-event-organizer-android,9,1785,7,1209,19.0,7.0,1.0
xManager,43,6277,2,221,7.0,1.0,0.0
SparkButton,7,1263,7,30,2.0,2.0,1.0
Amigo,0,1364,7,568,52.0,3.0,0.0
typedb,101,3528,7,5966,38.0,6.0,1.0
spring-boot-learning,0,1317,4,133,2.0,3.0,0.0
EmojiChat,0,1349,8,210,4.0,3.0,1.0
QR-Code-generator,3,4293,7,105,5.0,3.0,1.0
mage,81,1638,11,81470,13.0,8.0,3.0
RedisClient,4,2406,9,423,4.0,2.0,0.0
tink,21,13316,9,4231,41.0,5.0,1.0
pac4j,0,2316,11,2196,7.0,6.0,1.0
jvm-serializers,0,3241,13,1974,9.0,5.0,1.0
Digital,34,3230,7,4362,36.0,4.0,0.0
TranslateApp,2,1778,7,403,3.0,2.0,0.0
logstash,122,13635,12,2699,52.0,4.0,1.0
appbarlayout-spring-behavior,6,1187,6,120,4.0,2.5,0.0
XSnow,1,1699,6,606,5.0,4.0,1.0
spring-cloud,0,1761,5,1149,5.0,3.0,0.0
android-menudrawer,0,2603,11,252,5.0,4.0,0.0
java-apns,5,1785,13,261,5.0,3.0,1.0
hello-algorithm,0,33045,3,6,1.0,1.0,0.0
ImagePicker,5,4278,7,138,4.0,3.0,0.0
Create,0,2215,4,15041,34.0,8.0,3.0
jeewx-boot,0,1052,4,1866,4.0,4.0,3.0
tess4j,58,1381,9,131,10.0,2.0,0.0
spring-hateoas,62,1014,11,2109,19.0,4.0,0.0
ZoomHeader,0,2469,6,36,3.0,2.0,0.0
objectbox-java,38,4243,6,1573,24.0,4.0,0.0
java-faker,0,4313,12,713,2.0,4.0,0.0
databus,0,3546,10,6811,15.0,3.0,0.0
TTS,22,2380,2,161,2.0,3.0,0.0
agrona,82,2632,8,1659,9.0,3.0,0.0
twoway-view,0,5239,10,234,6.0,4.0,1.0
sodium-fabric,27,4211,3,956,4.0,4.0,1.0
HoloColorPicker,0,1371,10,38,2.0,8.5,6.0
android-checkout,1,1018,9,501,5.0,4.0,0.0
cas,249,10324,12,13155,59.0,8.0,0.0
Tbed,18,1244,4,550,4.0,3.0,1.0
storm,0,6483,9,21006,30.0,3.0,1.0
TimePickerDialog,0,1737,7,123,3.0,2.0,0.0
hawtio,61,1365,10,778,4.0,3.0,1.0
Chronicle-Map,89,2613,9,3467,17.0,4.0,1.0
SmartCropper,13,3901,6,79,2.0,3.0,0.0
XposedInstaller,0,3765,11,476,6.0,2.0,0.0
garland-view-android,0,1842,6,85,4.0,3.0,1.0
logger,16,13654,8,65,2.0,6.0,0.0
brigadier,3,3220,9,414,3.0,5.0,0.0
Infinity-For-Reddit,125,3611,5,3303,62.0,4.0,1.0
Andromeda,0,2265,5,224,32.0,2.0,0.0
link-bubble,36,1015,10,1212,7.0,2.0,0.0
volley,9,3340,6,397,31.0,2.0,0.0
Robust,13,4342,6,229,3.0,2.0,3.5
DeepLinkDispatch,24,4319,8,2222,2.0,5.0,0.0
dataease,56,12881,2,13126,4.0,3.0,0.0
android-shape-imageview,2,2657,9,101,3.0,5.0,4.0
WaveSideBar,0,1176,7,20,4.0,2.0,0.0
small-spring,0,4233,2,974,9.0,2.0,0.0
picocli,84,4411,6,3015,76.0,2.0,0.0
megabasterd,180,3669,6,569,6.0,1.0,0.0
nutch,0,2673,14,2471,10.0,5.0,1.0
Genius-Android,16,2312,9,471,5.0,2.0,0.0
android-samples,12,2354,8,403,4.0,7.0,0.0
archi,0,3343,8,153,2.0,3.5,0.0
PhotoEditDemo,0,1035,8,421,7.0,2.0,0.0
AVLoadingIndicatorView,1,9705,7,51,4.0,2.0,0.0
proguard,25,2212,4,1248,7.0,6.0,1.0
android-saripaar,3,3231,11,317,5.0,3.0,0.0
ChipsLayoutManager,11,3229,7,573,6.0,3.5,0.0
ViewPagerIndicator,0,10166,12,129,3.0,5.5,0.0
SpringBlog,0,1627,7,104,4.0,5.5,0.0
CircleImageView,0,14461,9,26,3.0,5.0,0.0
androrat,0,1785,9,327,11.0,2.0,0.0
Robust,13,4342,6,229,3.0,2.0,3.5
lawnchair,25,7492,6,7038,13.0,4.0,1.0
http-request,0,3298,11,207,9.0,2.0,0.0
kylin,0,3525,8,10430,7.0,3.0,1.0
hugo,0,7893,9,29,2.0,7.0,6.0
CardSlidePanel,0,2384,7,22,4.0,3.0,0.0
android-FingerprintDialog,0,1375,8,14,3.0,1.5,0.0
Android-Universal-Image-Loader,0,16807,11,496,6.0,3.0,0.5
shortbread,7,1787,6,85,2.0,3.0,0.0
NullAway,4,3397,6,1533,5.0,2.0,0.0
crawler4j,3,4423,11,317,3.0,4.0,1.0
TIMSDK,71,2451,4,5428,9.0,2.0,1.0
arcore-for-all,0,1034,6,5,1.0,3.0,3.0
FXGL,56,3751,8,1355,8.0,3.0,1.0
bitcoin-wallet,18,3312,11,690,8.0,4.0,0.0
PRDownloader,5,3169,5,155,3.0,1.0,0.0
AndroidSocketClient,0,1281,8,297,6.0,2.0,0.0
Guns,0,3693,6,42,2.0,6.0,0.0
FloatingView,2,1813,6,32,4.0,2.0,0.0
FlatLaf,71,2639,4,3391,49.0,2.0,3.0
MultiThreadDownloader,0,1018,8,43,3.0,2.0,0.0
mini-spring-cloud,0,1276,1,128,2.0,4.0,0.0
talon-for-twitter-android,4,1193,7,1992,14.0,3.0,0.0
base-admin,0,2297,4,268,5.0,4.0,0.0
DevUtils,129,1174,5,12237,10.0,2.0,0.0
Android-InfiniteCards,3,1734,6,28,3.0,2.0,1.0
vector-compat,0,1230,8,191,7.0,5.0,1.0
Sa-Token,29,13864,3,2494,5.0,3.0,1.0
adp-delightful-details,0,1046,6,1,2.0,6.0,1.0
GitHub-Chinese-Top-Charts,0,65373,4,0,1.0,0.0,0.0
burpgpt,0,1630,0,26,7.0,2.5,0.0
imagej2,0,1003,11,33,2.0,5.0,2.0
MyBatis-Spring-Boot,0,3365,7,41,2.0,4.5,0.0
FXGL,56,3751,8,1355,8.0,3.0,1.0
ffmpeg-android-java,8,3275,9,68,3.0,1.0,1.0
jeecg-boot,29,35864,4,3218,4.0,4.0,0.0
jeepay,0,4027,6,1480,5.0,7.0,0.0
data-transfer-project,58,3501,5,2200,5.0,4.0,0.0
Luban,6,13359,7,103,2.0,1.0,1.0
BGARefreshLayout-Android,4,4299,8,231,4.0,3.0,1.0
gs-rest-service,0,1292,10,1,1.0,2.0,0.0
epoxy,75,8348,7,6930,18.0,5.0,1.0
RxJavaSamples,3,3955,7,60,3.0,3.0,0.0
Gaffer,117,1712,7,7082,34.0,6.0,1.0
BackgroundLibrary,13,3666,5,286,2.0,4.0,0.0
spring-boot-demo,0,1714,7,363,2.0,4.0,0.0
ea-async,14,1338,7,264,6.0,3.0,0.0
android-UCToast,0,1379,7,18,2.0,3.5,0.0
exhibitor,0,1675,11,928,4.0,1.0,0.0
JavaHamcrest,7,2063,11,640,7.0,4.0,1.0
arthas,51,33354,5,3231,14.0,3.0,1.0
Android-AppMsg,4,1371,11,44,2.0,4.0,2.0
rstudio,0,4372,12,12250,8.0,2.0,0.0
brave,82,2292,10,4140,14.0,4.0,0.0
HeaderAndFooterRecyclerView,0,1375,7,62,4.0,4.0,0.0
igniter,33,3272,4,315,3.0,2.0,0.0
istio-tutorial,1,1180,5,61,2.0,4.0,0.0
HomeMirror,0,7882,8,81,2.0,2.0,0.0
loaderviewlibrary,0,2516,7,6,3.0,2.0,3.0
xboot,6,3703,5,905,4.0,6.0,0.0
strman-java,0,1353,7,139,1.0,0.0,0.0
sqli,7,1909,3,882,4.0,2.0,1.0
talon-twitter-holo,1,1647,8,2045,11.0,3.0,0.0
AndroidAsync,0,7441,11,1262,29.0,2.0,0.0
MaterialSearchView,6,3820,8,51,3.0,2.0,1.0
Conductor,36,3880,7,253,4.0,3.0,0.0
SlidingMenu,0,11110,11,180,5.0,3.0,0.0
wvp-GB28181-pro,0,3652,2,2269,4.0,5.0,1.0
logisim-evolution,29,3659,9,9672,30.0,4.0,1.0
byte-buddy,271,5735,9,10668,43.0,4.0,0.0
JFoenix,0,6171,8,1174,12.0,4.0,1.0
bisq,134,4403,9,10678,18.0,4.0,1.0
RoaringBitmap,16,3206,10,3788,7.0,5.0,1.0
ScalingLayout,4,3330,5,15,2.0,2.0,0.0
react-native-webrtc,64,4335,7,232,2.0,3.0,0.0
zkui,0,2308,9,46,2.0,7.0,0.0
LSPatch,8,3839,2,495,6.0,2.0,0.0
android-signaturepad,0,2695,9,49,2.0,2.0,0.0
dex-method-counts,0,2598,9,54,4.0,1.0,0.0
XChart,0,1404,12,1389,14.0,6.0,1.0
CircularFillableLoaders,0,1219,7,12,2.0,2.0,3.0
LeafPic,7,3249,7,857,7.0,3.0,1.0
BubbleSeekBar,12,3267,6,122,3.0,2.0,1.0
hertzbeat,23,3515,1,1479,5.0,4.0,0.0
opencv-processing,14,1297,10,93,1.0,3.0,8.0
android-volley,0,4305,10,236,31.0,3.0,0.0
maven,11,3851,14,5337,17.0,4.0,1.0
dolphinscheduler,48,11087,4,7352,7.0,5.0,0.0
NetBare-Android,0,1220,4,583,7.0,4.0,0.0
im-server,87,7392,4,9211,77.0,3.0,1.0
Android-InfiniteCards,3,1734,6,28,3.0,2.0,1.0
jvm-sandbox-repeater,1,2269,4,3140,38.0,3.0,1.0
Cockroach,1,3179,6,34,2.0,3.0,0.0
GalleryFinal,4,3210,8,412,5.0,3.0,1.0
sdrtrunk,36,1238,8,13794,38.0,4.0,3.0
Launcher3,22,3751,6,3091,8.0,3.0,0.0
Hunter,0,1344,5,178,3.0,3.0,0.0
Unblock163MusicClient-Xposed,13,2627,7,175,2.0,4.0,0.0
epic,5,4226,6,467,3.0,3.0,1.0
small-spring,0,4233,2,974,9.0,2.0,0.0
XLearning,4,1736,5,256,5.0,3.0,0.0
AndroidStudy,1,1839,6,506,4.0,3.0,1.0
Blurry,0,5447,8,19,1.0,3.5,0.0
soot,1,2642,11,31901,11.0,4.0,1.0
mapstruct,28,6428,11,7954,11.0,2.0,0.0
android-PictureInPicture,0,1386,6,31,3.0,2.0,0.0
DeepLinkDispatch,24,4319,8,2222,2.0,5.0,0.0
incubator-streampark,17,3427,4,1617,6.0,4.0,0.0
zuul,5,12862,10,1212,10.0,4.0,1.0
leet-code,0,4345,8,181,1.0,2.0,0.0
bc-java,0,2016,10,36640,153.0,4.0,1.0
questdb,71,12528,9,19362,36.0,4.0,1.0
crawler4j,3,4423,11,317,3.0,4.0,1.0
react-native-fcm,98,1732,7,38,2.0,3.0,1.0
ByteLegend,0,3518,2,4916,2.0,7.0,20.0
LocationReportEnabler,6,1040,8,17,4.0,5.0,0.0
30-seconds-of-java8,0,2300,5,94,2.0,1.0,0.0
android-material-stepper,23,1778,7,122,9.0,6.0,1.0
Android-AppMsg,4,1371,11,44,2.0,4.0,2.0
TinyDancer,2,1883,8,42,2.0,3.0,1.0
base-adapter-helper,0,1758,10,63,4.0,5.5,1.0
RecyclerViewCardGallery,0,2625,7,16,2.0,3.0,0.0
vanilla,0,1033,11,788,15.0,3.0,0.0
android-common,0,3637,9,640,4.0,2.0,1.0
ViewPagerIndicator,16,2586,8,233,6.0,3.5,0.5
gocd,76,6898,9,17100,19.0,4.0,0.0
matecloud,28,1381,3,1674,4.0,4.0,0.0
SingleDateAndTimePicker,0,1016,6,262,3.0,2.0,0.0
EasyML,3,1969,6,1347,4.0,3.0,1.0
poi-tl,13,3539,8,1679,4.0,4.0,0.0
PullLoadMoreRecyclerView,0,1388,8,28,3.0,3.0,0.0
jetcache,63,4344,6,1206,6.0,4.0,0.0
MarqueeView,0,3738,7,54,2.0,4.0,0.0
chunjun,30,3739,5,8389,12.0,4.0,1.0
mpush,9,3673,7,1474,4.0,3.0,1.0
jetty.project,72,3644,12,18085,45.0,3.0,0.0
SuperTextView,33,3288,6,258,3.0,2.0,0.0
caffeine,68,14233,8,3638,22.0,3.0,0.0
eclipse-collections,18,2257,7,18705,64.0,3.0,0.0
FXGL,56,3751,8,1355,8.0,3.0,1.0
controlsfx,3,1392,4,3035,12.0,3.0,0.0
FragmentRigger,0,2260,5,196,5.0,5.0,3.0
quarkus,258,12269,5,54173,16.0,4.0,0.0
androrat,0,1338,10,504,11.0,2.0,0.0
smali,0,6015,10,4286,19.0,4.0,1.0
RecyclerViewEnhanced,1,1042,7,42,2.0,1.0,0.0
BGARefreshLayout-Android,4,4299,8,231,4.0,3.0,1.0
disunity,15,2671,10,290,6.0,3.0,1.0
SwipeBack,0,1733,9,32,3.0,3.0,0.0
lwjgl3,18,4353,10,135643,8.0,6.0,66.0
CustomPopwindow,3,1417,6,35,3.0,2.5,0.0
gephi,19,5442,11,6595,20.0,3.0,0.0
greenDAO,8,12586,11,1228,8.0,4.0,1.0
psi-probe,39,1291,8,1498,4.0,4.0,3.0
NovelReader,0,1623,6,1020,4.0,3.0,1.0
TinyPinyin,2,3652,7,79,3.0,1.0,0.0
red5-server,77,3229,9,3377,6.0,3.0,1.0
JavaEETest,0,3351,6,199,2.0,3.0,0.0
SmartTubeNext,188,12594,3,9966,49.0,5.0,1.0
JavaThings,0,1422,3,8,2.0,4.0,1.0
BaseAnimation,0,1025,9,1207,7.0,3.0,0.0
jstorm,22,3928,10,15734,67.0,4.0,1.0
XChange,0,3690,11,16778,8.0,4.0,0.0
JDA,77,3876,7,7124,6.0,6.0,3.0
android-iconify,0,3918,10,90,2.0,3.0,1.0
floatingsearchview,0,3538,7,110,3.0,2.0,0.0
MaterialTransitions,0,1239,8,47,4.0,3.0,1.0
Paper,1,7979,7,22,2.0,5.0,3.0
jsql-injection,24,1287,11,1726,16.0,2.0,1.0
interview,0,1374,3,126,3.0,1.0,0.0
MusicBot,34,4250,7,233,14.0,6.0,1.0
WaveSwipeRefreshLayout,7,1929,8,65,4.0,2.0,0.0
ngrinder,16,1796,11,2208,8.0,4.0,0.0
CircleDemo,0,2212,7,246,6.0,2.0,0.0
afwall,51,2479,10,1059,6.0,3.0,0.0
pmd,88,4409,11,12367,28.0,4.0,1.0
AutoJs6,11,1038,1,3325,7.0,3.0,1.0
jshERP,5,2432,7,7157,4.0,3.0,13.0
AndroidCharts,1,1318,9,61,2.0,2.0,0.0
Telegram-FOSS,63,2324,9,43342,1575.0,3.0,0.0
NavigationTabStrip,4,2240,7,35,4.0,2.0,0.0
NetWorkPacketCapture,0,1699,5,371,4.0,2.0,0.0
99-problems,0,3306,7,167,1.0,2.0,0.0
AndroidViewHover,4,3204,9,26,3.0,2.0,1.0
Daedalus,21,1354,6,211,5.0,6.0,1.0
XposedInstaller,0,3765,11,476,6.0,2.0,0.0
AndroidPicker,55,6114,7,916,6.0,3.0,0.0
flyway,193,7375,10,2771,5.0,4.0,1.0
RedReader,33,1646,10,2064,5.0,4.0,1.0
hadoop,0,13850,9,85637,77.0,4.0,0.0
Android-PickerView,0,13336,8,186,2.0,2.0,0.0
ShiroAttack2,12,1638,2,560,5.0,3.0,1.0
GifLoadingView,0,1325,7,11,2.0,2.5,0.0
android-autofittextview,1,4238,12,38,2.0,4.0,1.5
AisenWeiBo,0,1831,8,3297,17.0,4.0,1.0
Java8InAction,0,3161,9,337,3.0,1.0,0.0
logisim-evolution,29,3659,9,9672,30.0,4.0,1.0
bt,0,2306,7,3363,4.0,3.0,1.0
PhotoView,0,2605,8,64,2.0,2.0,0.0
ECTranslation,2,1852,7,54,2.0,2.5,14.0
Play-with-Algorithms,0,3584,7,368,2.0,2.0,0.0
JiaoZiVideoPlayer,78,10459,7,151,4.0,6.0,4.0
PictureSelector,115,12701,6,2209,9.0,2.0,0.0
AnimatedSvgView,0,1968,7,21,2.0,2.0,0.0
SakuraAnime,60,1414,4,807,5.0,3.0,1.0
DanmakuFlameMaster,5,9463,10,735,14.0,3.0,1.0
QNotified,28,3164,4,2342,7.0,4.0,0.0
HotFix,0,1700,7,15,2.0,1.5,0.0
spotbugs,57,3166,6,13374,15.0,1.0,0.0
TelegramBots,80,3987,7,1142,5.0,7.0,0.0
OpenMemories-Tweak,11,1042,7,44,12.0,3.0,1.0
citypicker,4,3159,7,339,3.0,2.0,0.0
jianshi,7,1873,7,221,4.0,3.0,0.0
BackgroundLibrary,13,3666,5,286,2.0,4.0,0.0
SurveyKing,3,2239,2,572,4.0,3.0,0.0
DataMiningAlgorithm,0,3732,8,390,3.0,2.0,0.0
blurkit-android,3,3658,6,31,3.0,5.0,0.0
drag-sort-listview,0,3196,11,173,6.0,2.0,0.0
GlideImageView,2,1768,6,197,3.0,6.0,1.0
AnimatorDurationTile,2,1375,6,25,2.0,5.0,6.0
bistoury,8,3852,4,6159,9.0,3.0,1.0
AndroidVideoCache,20,5272,8,127,4.0,3.0,1.0
android-priority-jobqueue,0,2414,10,318,14.0,3.0,0.0
config,0,5980,11,1433,60.0,3.0,0.0
jpexs-decompiler,149,3926,9,18055,62.0,3.0,1.0
sofa-rpc,56,3748,5,4286,5.0,3.0,0.0
CircleProgress,0,3784,8,86,4.0,6.0,1.0
Alink,21,3401,4,27370,18.0,5.0,0.0
FlexibleAdapter,30,3537,8,1002,8.0,4.0,1.0
retrofit,0,41988,13,975,16.0,3.0,0.0
Moss,1,1358,4,1224,5.0,5.0,0.0
tinkerpop,0,1823,8,10567,55.0,5.0,1.0
ShineButton,2,4219,7,14,4.0,2.0,0.0
x-pipe,2,1800,7,12138,30.0,3.0,0.0
RocketMQC,0,1042,7,5732,19.0,3.0,1.0
libsvm,0,4364,10,102,5.0,1.5,0.0
vlcj,0,1020,11,985,13.0,3.0,1.0
Doodle,14,1063,5,234,4.0,3.0,0.0
usb-serial-for-android,26,4245,10,204,5.0,6.0,1.0
microservices-platform,29,4250,4,774,4.0,5.0,0.0
BottomNavigation,16,4354,7,147,4.0,5.5,4.5
sofa-rpc,56,3748,5,4286,5.0,3.0,0.0
confetti,2,1291,7,97,3.0,4.5,3.5
cat,3,18080,10,6623,10.0,4.0,1.0
selenide,126,1735,11,2277,5.0,6.0,1.0
Glowstone,28,1825,8,6063,24.0,4.0,1.0
ProductTour,0,1829,8,13,3.0,2.0,0.0
jvm-tools,0,3225,11,1888,9.0,3.0,0.0
JustTrustMe,1,4341,9,31,2.0,1.5,0.0
react-native-splash-screen,12,5485,7,12,2.0,2.5,0.5
EasySwipeMenuLayout,13,1283,6,18,3.0,3.0,0.0
PinchImageView,0,1942,8,98,7.0,3.0,0.0
mybatis-generator-plugin,52,1284,6,415,5.0,4.0,0.0
material-ripple,3,2349,9,59,3.0,3.0,1.0
blog_demos,0,3949,6,4150,16.0,3.0,0.0
StaggeredGridView,0,1647,10,81,7.0,3.0,0.0
bisq,134,4403,9,10678,18.0,4.0,1.0
wechat-api,3,1827,8,206,4.0,3.0,0.0
astyanax,7,1034,12,4441,5.0,4.0,1.0
Guns,0,3693,6,42,2.0,6.0,0.0
RichText,0,3847,8,312,5.0,2.0,0.0
RecyclerViewPager,10,3537,8,110,4.0,2.0,0.0
AndroidHttpCapture,1,4252,6,934,4.0,3.0,0.0
Moss,1,1358,4,1224,5.0,5.0,0.0
visualvm,22,2572,7,21642,56.0,2.0,0.0
struts,12,1222,9,10485,38.0,3.0,1.0
BigData-Notes,0,14426,4,68,2.0,5.0,0.0
garland-view-android,0,1842,6,85,4.0,3.0,1.0
coursera-android,0,4276,9,478,4.0,4.0,0.0
MaterialRatingBar,10,1944,6,68,3.0,5.5,2.0
flowable-engine,23,6779,6,29890,8.0,4.0,1.0
parceler,0,3565,10,654,23.0,3.0,0.0
Android-AlertView,0,1388,8,34,2.0,3.0,0.0
weiciyuan,0,2630,11,2996,15.0,3.0,0.0
ExpandableLayout,6,1195,6,7,2.0,2.0,0.0
mobius,28,1179,5,512,5.0,4.0,0.0
ipscan,30,3495,12,542,24.0,3.0,0.0
FlexLayout,0,1426,7,158,3.0,1.0,0.0
XposedInstaller,0,3765,11,476,6.0,2.0,0.0
beauty_ssm,0,1407,7,78,4.0,2.5,0.0
termux-app,89,24731,7,2305,6.0,4.0,0.0
shortbread,7,1787,6,85,2.0,3.0,0.0
thingsboard,55,14361,6,10714,7.0,5.0,0.0
cube-sdk,3,1189,9,808,5.0,3.0,1.0
rewrite,185,1265,3,13218,72.0,6.0,1.0
VideoEnabledWebView,0,1035,8,8,3.0,2.0,0.0
LoganSquare,0,3220,8,390,5.0,3.0,0.0
jcasbin,93,2223,6,468,6.0,3.0,1.0
CustomActivityOnCrash,12,3677,9,66,2.0,4.0,0.0
maxwell,203,3775,8,1118,4.0,4.0,0.0
ElasticDownload,3,1654,8,156,7.0,3.0,1.0
DeepLinkDispatch,24,4319,8,2222,2.0,5.0,0.0
logisim-evolution,29,3659,9,9672,30.0,4.0,1.0
android-maven-plugin,0,1044,14,1749,14.0,4.0,0.0
dataease,56,12881,2,13126,4.0,3.0,0.0
hmily,0,4051,5,2656,5.0,4.0,0.0
MD360Player4Android,14,1062,7,673,7.0,3.0,0.0
AndroidPerformanceMonitor,0,6574,7,147,3.0,3.0,0.0
DialogV3,0,1258,4,616,5.0,2.0,0.0
zkui,0,2308,9,46,2.0,7.0,0.0
lamp-cloud,0,5105,5,948,3.0,7.0,0.0
hertzbeat,23,3515,1,1479,5.0,4.0,0.0
mockito,203,14204,10,2718,19.0,2.0,0.0
azkaban,48,4316,10,5628,6.0,4.0,1.0
h2database,21,3853,8,13736,35.0,4.0,3.0
GlidePalette,1,1674,8,36,2.0,2.0,0.0
simplify,9,4233,9,1120,6.0,7.0,0.0
SeeWeather,2,3460,7,173,10.0,3.0,1.0
VerticalViewPager,0,1231,7,14,2.0,2.5,0.0
GifView,0,1720,7,3,2.0,1.0,0.0
IDDD_Samples,0,3516,10,2279,12.0,3.0,5.0
HMCL,192,5554,8,4659,13.0,4.0,1.0
RxJavaSamples,3,3955,7,60,3.0,3.0,0.0
ShineButton,2,4219,7,14,4.0,2.0,0.0
react-native-background-fetch,0,1347,7,30,3.0,4.0,1.0
JazzyViewPager,0,2679,10,24,3.0,1.0,0.0
StickerCamera,0,3168,8,1054,29.0,2.0,0.0
hover,0,2648,7,273,5.0,3.0,0.0
opentelemetry-java,59,1648,4,4455,13.0,5.0,1.0
dagger,0,7312,11,420,8.0,3.0,0.0
BubbleSeekBar,12,3267,6,122,3.0,2.0,1.0
AutoX,75,3832,3,4027,9.0,3.0,1.0
OpenRefine,49,9696,10,4243,9.0,5.0,1.0
Terasology,69,3550,12,8362,14.0,4.0,0.0
dubbo-admin,6,3872,5,945,5.0,2.0,1.0
Alink,21,3401,4,27370,18.0,5.0,0.0
Euclid,0,2239,8,18,3.0,1.0,0.0
jetbrains-wakatime,0,1055,9,152,2.0,4.0,0.0
pulsar,71,13117,7,22700,149.0,4.0,0.0
MifareClassicTool,3,3789,10,455,3.0,9.0,3.0
CreditSesameRingView,1,1172,7,13,3.0,2.0,0.0
openboard,14,2275,3,2651,10.0,4.0,1.0
novel-plus,21,3215,3,1857,4.0,3.0,0.0
passive-scan-client,3,1198,4,35,5.0,1.0,0.0
SpringBoot-Shiro-Vue,0,4383,5,62,4.0,6.0,0.0
H-Viewer,42,1722,7,1215,6.0,4.0,1.0
yugong,4,2459,7,529,4.0,3.0,0.0
BGARefreshLayout-Android,4,4299,8,231,4.0,3.0,1.0
mini-spring-cloud,0,1276,1,128,2.0,4.0,0.0
ExpandableTextView,13,1369,5,60,4.0,2.0,0.0
ta4j,2,1842,6,1325,5.0,7.0,1.0
AirMapView,3,1851,8,205,4.0,3.0,0.0
jmxtrans,0,1702,11,669,4.0,5.0,0.0
TimeLine,0,2071,6,33,2.0,4.0,0.0
CNode-Material-Design,6,1344,8,222,4.0,4.5,0.0
StickyListHeaders,16,5518,11,146,3.0,3.0,0.0
gl-react-native-v2,11,1937,8,98,4.0,3.0,0.0
openaudible,96,1368,5,1020,6.0,2.0,0.0
java-faker,0,4313,12,713,2.0,4.0,0.0
DroidPlugin,2,6821,8,1181,129.0,2.0,0.0
algos,0,1055,6,97,2.0,2.0,1.0
AndroidMultiChannelBuildTool,0,1325,8,12,1.0,5.0,9.0
learning-spark,0,3864,9,141,2.0,2.0,0.0
QMUI_Android,35,14180,6,2952,16.0,3.0,0.0
SmartCropper,13,3901,6,79,2.0,3.0,0.0
andOTP,38,3714,6,414,6.0,3.0,0.0
firing-range,0,1354,9,77,3.0,6.0,0.0
bodyapps-android,0,1399,9,203,17.0,4.0,0.0
Grav,0,2674,6,81,2.0,4.0,0.0
GsonFormat,4,3168,8,425,7.0,1.0,0.0
android-betterpickers,16,2687,10,637,18.0,4.0,0.0
chromeview,0,1690,10,1498,5.0,2.0,0.0
SwipeDelMenuLayout,2,3607,7,37,2.0,2.0,0.0
ArcLayout,0,1364,8,107,3.0,2.0,3.0
android-RuntimePermissions,0,1265,8,14,2.0,4.0,0.0
openmrs-core,0,1233,11,6056,9.0,5.0,1.0
open-keychain,0,1988,11,3467,35.0,4.0,1.0
openai-java,17,3663,3,107,4.0,3.0,0.0
CompreFace,11,3242,3,452,5.0,6.0,0.0
copybara,0,1832,7,3966,8.0,5.0,0.0
StickyDecoration,14,1027,6,149,3.0,2.0,0.0
JNDIExploit,2,1169,1,130,4.0,6.0,1.0
Inspeckage,3,2634,7,193,2.0,2.0,0.0
UETool,10,3241,5,194,18.0,4.0,0.0
Broccoli,0,1749,4,94,3.0,3.0,1.0
Toutiao,17,2237,6,1405,6.0,2.0,1.0
library,0,3820,4,255,4.0,5.0,0.0
android-mvp-architecture,0,4427,6,340,5.0,3.0,0.0
Play-with-Algorithms,0,3584,7,368,2.0,2.0,0.0
MaterialShowcaseView,15,2680,8,135,2.0,3.0,0.0
jline3,1,1278,7,3294,13.0,3.0,1.0
HelloDaemon,0,2281,7,38,3.0,2.0,0.0
GT,3,4357,7,2118,6.0,2.0,0.0
leet-code,0,4345,8,181,1.0,2.0,0.0
Graywater,1,1208,6,64,6.0,5.0,0.0
objectbox-java,38,4243,6,1573,24.0,4.0,0.0
pinpoint,55,12981,8,28854,20.0,4.0,0.0
AnExplorer,0,1696,10,2670,12.0,3.0,0.0
android-testing-templates,0,1962,8,4,2.0,6.0,0.0
storio,30,2557,9,1491,8.0,5.0,0.0
SystemBarTint,3,5375,9,32,3.0,7.0,1.0
blog_demos,0,3949,6,4150,16.0,3.0,0.0
Bolts-Android,11,4008,9,269,4.0,1.0,0.0
LondonEyeLayoutManager,0,1196,7,53,3.0,3.0,0.0
simplify,9,4233,9,1120,6.0,7.0,0.0
MCinaBox,9,1242,3,1133,4.0,3.0,0.0
J2V8,0,2432,9,811,6.0,3.0,0.0
java-apns,5,1785,13,261,5.0,3.0,1.0
stetho,13,12652,8,1029,21.0,3.0,0.0
SeimiCrawler,14,1930,7,272,4.0,4.0,1.0
ByeBurger,6,1217,6,21,2.0,4.0,1.0
Omni-Notes,47,2590,9,687,4.0,4.0,1.0
zookeeper,0,11548,14,4789,96.0,3.0,0.0
ProductTour,0,1829,8,13,3.0,2.0,0.0
NotBoringActionBar,0,1738,9,12,2.0,3.5,1.0
ActionBar-PullToRefresh,0,3164,10,180,4.0,5.0,1.0
mqtt-client,0,1260,11,247,4.0,3.0,1.0
data-transfer-project,58,3501,5,2200,5.0,4.0,0.0
ApiManager,7,2317,7,3142,4.0,3.0,2.0
Learn-OpenGLES-Tutorials,0,1019,11,111,7.0,3.0,0.0
eureka,147,11991,11,2270,9.0,4.0,0.0
UIUtil,0,1286,6,287,3.0,3.0,0.0
appinventor-sources,0,1346,11,8907,15.0,2.0,0.0
ticker,9,4333,7,52,4.0,4.0,0.0
piggymetrics,2,12597,8,124,2.0,5.0,0.0
AndroidTensorFlowMachineLearningExample,0,1425,6,9,2.0,1.0,0.0
sphinx4,0,1367,9,3332,9.0,4.0,1.0
GT,3,4357,7,2118,6.0,2.0,0.0
NewbieGuide,20,3390,6,92,3.0,3.0,0.0
AndroidImageSlider,5,5643,9,170,6.0,2.0,1.0
caffeine,68,14233,8,3638,22.0,3.0,0.0
okhttputils,0,6876,8,148,4.0,2.5,0.0
pinned-section-listview,5,2596,10,27,5.0,2.5,1.0
rest-client,0,1228,5,374,6.0,2.0,3.0
java-tron,73,3456,5,7080,64.0,7.0,1.0
fitnesse,7,1941,14,4935,28.0,3.0,1.0
MaterialChipsInput,7,2634,6,113,3.0,4.0,0.0
FunGameRefresh,0,1329,7,33,3.0,2.0,1.0
okhttp-OkGo,14,10563,7,818,7.0,5.0,0.0
ripme,126,3515,6,1669,6.0,4.0,3.0
android-volley,0,4305,10,236,31.0,3.0,0.0
microservices-platform,29,4250,4,774,4.0,5.0,0.0
UberUX,0,1221,6,15,3.0,3.0,0.0
Fast-Android-Networking,8,5595,7,578,18.0,2.0,1.0
spring-integration-samples,0,2226,12,519,4.0,4.0,0.0
XLearning,4,1736,5,256,5.0,3.0,0.0
SimpleRatingBar,0,1029,7,95,3.0,9.0,1.0
StringFog,0,1406,6,59,4.0,2.0,1.0
GifView,0,1720,7,3,2.0,1.0,0.0
cucumber-jvm,14,2606,12,2447,10.0,3.0,0.0
dubbo,88,39383,11,16035,7.0,4.0,0.0
usb-serial-for-android,26,4245,10,204,5.0,6.0,1.0
yudao-cloud,5,13990,4,2632,4.0,6.0,0.0
vprofile-project,0,1406,2,81,2.0,6.0,1.0
2048-android,0,1020,9,2,2.0,9.0,11.0
SuspensionIndexBar,0,1867,7,132,3.0,3.0,0.0
Notes,0,1899,11,341,4.0,2.0,0.0
pybbs,13,1682,8,675,4.0,5.0,1.0
liquibase,89,4050,12,8912,7.0,4.0,3.0
java-developer-roadmap,0,3444,4,0,1.0,0.0,0.0
bundletool,55,3200,5,3395,29.0,7.0,6.0
android-menudrawer,0,2603,11,252,5.0,4.0,0.0
tx-lcn,14,4211,5,648,4.0,4.0,0.0
QLExpress,5,4286,6,823,6.0,3.0,0.0
copybara,0,1832,7,3966,8.0,5.0,0.0
android-flux-todo-app,0,1294,8,28,2.0,2.0,0.0
java-developer-roadmap,0,3444,4,0,1.0,0.0,0.0
flinkStreamSQL,11,1963,5,2670,5.0,4.0,0.0
JSON-java,18,4334,12,669,5.0,1.0,1.0
bistoury,8,3852,4,6159,9.0,3.0,1.0
PassJava-Platform,0,2239,3,794,4.0,3.0,0.0
RWidgetHelper,27,1698,5,331,3.0,5.0,0.0
distributedlog,2,2234,7,2997,63.0,3.0,0.0
ViewAnimator,3,2696,7,117,2.0,2.0,0.0
giffun,0,3431,4,1584,6.0,3.0,1.0
PermissionHelper,13,1229,7,148,3.0,3.0,1.0
novel,10,4310,3,479,4.0,2.0,0.0
react-native-sqlite-storage,30,2641,7,120,3.0,3.5,0.0
mockserver,0,4262,10,3459,7.0,5.0,1.0
FloatingView,2,1813,6,32,4.0,2.0,0.0
WaveLoadingView,4,1724,7,25,2.0,2.0,0.0
ExpandableTextView,4,4073,9,27,5.0,4.0,0.0
android-mvp-architecture,0,4427,6,340,5.0,3.0,0.0
nutz,23,2503,12,8035,5.0,2.0,0.0
parceler,0,3565,10,654,23.0,3.0,0.0
gnirehtet,12,5402,6,291,3.0,2.0,1.0
kilim,0,1773,13,961,8.0,2.0,0.0
archaius,56,2421,11,725,4.0,2.0,0.0
tinker,54,16874,7,2702,53.0,3.0,0.0
mybatis,0,4438,8,2367,6.0,2.0,0.0
deeplearning4j,0,13157,9,47079,1463.0,7.0,8.0
BGABadgeView-Android,0,2649,8,45,2.0,3.0,0.0
atmosphere,0,3646,13,2688,9.0,4.0,1.0
CoordinatorTabLayout,0,4184,6,28,2.0,3.0,0.0
android,211,3569,7,2655,11.0,4.0,0.0
mall-learning,0,12334,4,2883,4.0,3.0,0.5
graphhopper,40,4291,11,5655,8.0,4.0,0.0
Houseclub,10,2381,2,87,3.0,3.0,0.0
cobar,1,3206,9,4080,9.0,3.0,1.0
jedis,87,11320,13,6360,7.0,3.0,1.0
typedb,101,3528,7,5966,38.0,6.0,1.0
jacoco,46,3768,11,1218,7.0,3.0,0.0
Ant-Media-Server,48,3860,6,4444,6.0,2.0,1.0
ARouter,16,14274,6,206,4.0,2.0,0.0
AnimationEasingFunctions,1,2466,9,61,2.0,1.0,1.0
spring-fu,19,1653,5,340,3.0,5.0,0.0
AppManager,63,3288,3,7764,5.0,5.0,1.0
react-native-document-picker,39,1224,7,19,4.0,9.0,6.0
Arclight,60,1058,3,2155,8.0,9.0,1.0
forum-java,0,1389,2,604,4.0,5.0,0.0
VirtualXposed,50,14636,5,3361,303.0,2.0,0.0
Glowstone,28,1825,8,6063,24.0,4.0,1.0
openaudible,96,1368,5,1020,6.0,2.0,0.0
flink-learning,0,13811,4,786,4.0,3.0,0.0
geode,26,2244,8,56453,24.0,3.0,0.0
kylin,0,3525,8,10430,7.0,3.0,1.0
CameraView,2,2630,6,77,3.0,2.0,0.0
RxNetty,42,1377,9,1719,6.0,4.0,0.0
initializr,15,3210,10,2042,5.0,4.0,1.0
android-volley,0,4305,10,236,31.0,3.0,0.0
teavm,11,2308,9,18194,48.0,3.0,1.0
small-spring,0,4233,2,974,9.0,2.0,0.0
epubcheck,23,1383,9,1352,41.0,2.5,0.0
BGASwipeBackLayout-Android,0,2308,6,134,8.0,3.0,0.0
AnExplorer,0,1696,10,2670,12.0,3.0,0.0
VerticalStepperForm,14,1045,7,151,3.0,6.0,6.0
itext7,36,1627,7,15769,68.0,5.0,1.0
orbot,92,1631,9,246,3.0,5.0,0.0
dynamic-datasource,15,4203,5,317,4.0,4.0,0.0
LQRWeChat,0,3370,6,892,4.0,2.0,1.0
onedev,319,11878,4,16309,8.0,4.0,0.0
GCViewer,5,4288,11,887,24.0,4.0,1.0
SaveState,0,1018,5,26,2.0,4.0,0.0
druid,55,12847,10,47391,164.0,5.0,0.0
spring-graphql,26,1423,3,1778,11.0,5.0,1.0
JCTools,16,3350,9,2454,18.0,3.0,0.0
jsweet,19,1393,8,3432,7.0,2.0,0.0
MusicBot,34,4250,7,233,14.0,6.0,1.0
Zebra,0,2687,7,3047,5.0,2.0,1.0
curso-java,0,1019,4,262,6.0,1.0,0.0
BannerViewPager,56,3303,6,227,4.0,3.0,0.0
CS-study,0,1019,2,63,1.0,2.0,0.0
ai-beehive,5,1730,0,487,4.0,4.0,0.0
react-native-picker,6,1739,7,51,2.0,3.0,0.0
ARouter,16,14274,6,206,4.0,2.0,0.0
rstudio,0,4372,12,12250,8.0,2.0,0.0
My-Blog,0,3312,4,315,4.0,3.0,5.0
netty-learning-example,0,2689,5,209,3.0,3.0,0.0
powermock,16,4068,9,2038,7.0,2.0,0.0
LRecyclerView,36,2471,7,710,8.0,3.0,0.0
MinimalistWeather,0,2431,7,397,4.0,3.0,1.0
wgcloud,20,4033,4,625,2.0,3.0,21.0
library,0,3820,4,255,4.0,5.0,0.0
ByWebView,11,1411,6,284,3.0,3.0,0.0
open-event-organizer-android,9,1785,7,1209,19.0,7.0,1.0
Pixiv-Shaft,92,3375,4,1883,6.0,3.0,0.0
opennlp,0,1278,11,3686,7.0,4.0,1.0
RecyclerViewPager,10,3537,8,110,4.0,2.0,0.0
WePush,55,3185,6,704,7.0,3.0,1.0
jbot,9,1197,7,669,3.0,4.0,10.0
t-io,28,1706,6,2064,12.0,2.0,1.0
library,0,3820,4,255,4.0,5.0,0.0
SmartCropper,13,3901,6,79,2.0,3.0,0.0
QLExpress,5,4286,6,823,6.0,3.0,0.0
guice,19,12145,9,3576,43.0,3.0,0.0
QAuxiliary,32,2274,1,2287,4.0,6.0,1.0
DropDownMenu,2,3587,8,16,2.0,3.0,0.0
react-native-svg,97,6941,7,369,80.0,4.0,1.0
BGAPhotoPicker-Android,2,2227,7,223,4.0,3.0,1.0
hope-boot,2,3260,4,305,5.0,4.0,0.0
scm-biz-suite,1,2234,4,83231,4.0,3.0,1.0
poi-tl,13,3539,8,1679,4.0,4.0,0.0
six-finger,0,1789,3,72,1.0,1.0,0.0
xDrip,717,1173,6,6967,7.0,3.0,0.0
spruce-android,3,3719,6,170,5.0,3.0,0.0
StormPlane,1,1006,6,97,3.0,5.5,15.0
custom-tabs-client,0,1395,8,406,4.0,4.0,0.0
jasypt-spring-boot,10,2605,8,228,5.0,5.0,0.0
vert.x,0,13767,12,6472,12.0,3.0,1.0
andOTP,38,3714,6,414,6.0,3.0,0.0
mp4parser,13,2685,10,2621,13.0,3.0,0.0
BottomSheet,0,2226,9,167,3.0,2.0,0.0
JavaEETest,0,3351,6,199,2.0,3.0,0.0
system-design-interviews,0,1934,6,89,4.0,1.0,0.0
matecloud,28,1381,3,1674,4.0,4.0,0.0
symphony,4,2210,3,1211,2.0,7.0,0.0
objectbox-java,38,4243,6,1573,24.0,4.0,0.0
ShiroExploit-Deprecated,12,1706,3,192,3.0,3.0,0.0
Luban,6,13359,7,103,2.0,1.0,1.0
NetWorkPacketCapture,0,1699,5,371,4.0,2.0,0.0
azkaban,48,4316,10,5628,6.0,4.0,1.0
GlassActionBar,1,1215,10,62,2.0,5.0,1.0
floatingsearchview,0,3538,7,110,3.0,2.0,0.0
neurolab-android,1,1698,5,343,3.0,4.0,3.0
react-native-template-typescript,95,1804,5,19,3.0,4.0,1.0
dingdong-helper,0,1333,1,31,1.0,2.0,3.0
AndroidViewAnimations,9,12344,9,39,2.0,2.0,0.0
SpringBootLearning,0,2250,6,170,5.0,4.0,0.0
ignition,0,1283,12,310,4.0,4.5,1.0
ReactiveNetwork,47,2527,8,132,2.0,4.0,0.0
LargeImage,5,2315,7,124,7.0,3.0,0.0
android-autofittextview,1,4238,12,38,2.0,4.0,1.5
MusicBot,34,4250,7,233,14.0,6.0,1.0
html-textview,0,2530,10,73,4.0,3.0,0.0
FlowLayout,11,2417,6,20,2.0,4.0,0.0
RxAndroidBle,56,3304,7,1625,6.0,3.0,0.0
CorePatch,12,1286,5,7,5.0,1.0,0.0
libgdx,10,21947,11,18973,48.0,3.0,0.0
Gaffer,117,1712,7,7082,34.0,6.0,1.0
MVCHelper,12,1407,8,284,6.0,3.0,0.0
Android-BluetoothKit,0,3373,7,516,3.0,2.0,0.0
Android-Touch-Helper,112,4344,2,65,2.0,3.0,0.0
LandscapeVideoCamera,5,1229,9,109,3.0,4.0,0.0
android-saripaar,3,3231,11,317,5.0,3.0,0.0
SuperTextView,39,3750,6,232,3.0,2.0,0.0
HTTP-Proxy-Servlet,2,1383,11,57,4.0,3.0,0.0
mosby,15,5489,8,958,10.0,3.0,0.0
HoloColorPicker,0,1371,10,38,2.0,8.5,6.0
shiro,0,4169,14,2733,11.0,3.0,1.0
FarPlaneTwo,1,1399,3,2366,14.0,5.0,1.0
Just-Another-Android-App,0,1625,6,105,3.0,4.0,0.0
ta4j,2,1842,6,1325,5.0,7.0,1.0
community,0,2482,4,966,4.0,3.0,0.0
MarqueeViewLibrary,0,2330,6,42,3.0,3.0,0.0
APIKit,4,1411,1,158,6.0,4.0,0.0
android-advancedrecyclerview,1,5274,8,1328,25.0,4.0,0.0
WSLiveDemo,4,1952,5,298,3.0,2.0,0.0
Cimoc,61,2293,3,1809,6.0,3.0,0.0
jetty.project,72,3644,12,18085,45.0,3.0,0.0
richeditor-android,0,6093,8,14,3.0,2.0,0.0
epoxy,75,8348,7,6930,18.0,5.0,1.0
xmall,0,6991,6,3884,4.0,3.0,13.0
AppAuth-Android,0,2548,7,629,5.0,5.0,1.0
AnimShopButton,0,1294,6,72,2.0,1.0,0.0
Android-Cookbook-Examples,0,1000,11,903,7.0,3.0,0.0
megabasterd,180,3669,6,569,6.0,1.0,0.0
effective-java-3e-source-code,0,3687,5,248,5.0,1.0,0.0
NekoX,187,4253,3,40580,1520.0,3.0,0.0
traccar,45,4313,11,3873,5.0,4.0,0.0
kkkajs,0,1292,5,25,2.0,4.5,4.5
retrolambda,0,3536,10,329,7.0,1.0,0.0
fnlp,3,2612,9,1528,6.0,4.0,1.0
gulimall-learning,0,1838,3,1152,5.0,3.0,0.0
javacpp,10,4200,9,1846,13.0,4.0,0.0
spring-loaded,0,2699,10,3054,7.0,1.0,0.0
BannerViewPager,56,3303,6,227,4.0,3.0,0.0
afinal,0,3162,10,649,5.0,2.0,0.0
WaveView,1,1322,9,17,3.0,4.5,2.0
mockserver,0,4262,10,3459,7.0,5.0,1.0
thinking-in-spring-boot-samples,0,1885,4,217,4.0,3.0,0.0
jib,148,12999,5,2156,5.0,5.0,0.0
spring-boot-demo,0,30467,5,489,5.0,4.0,0.0
AndroidProcesses,0,1795,7,140,4.0,3.5,1.0
moco,1,4225,10,1751,7.0,5.0,1.0
Burp-Non-HTTP-Extension,13,1391,7,273,11.0,1.0,0.0
Mindustry,160,19009,6,4844,42.0,2.0,0.0
ai-beehive,5,1730,0,487,4.0,4.0,0.0
TrustMeAlready,2,1062,4,6,1.0,2.5,0.0
AndServer,1,3478,7,1243,5.0,3.0,1.0
NekoX,187,4253,3,40580,1520.0,3.0,0.0
BinAbsInspector,1,1410,1,875,6.0,8.0,1.0
AntennaPod,51,5137,11,2838,8.0,5.0,1.0
AndroidProcesses,0,1795,7,140,4.0,3.5,1.0
AndroidScrollingImageView,8,1779,8,6,2.0,3.5,0.0
android-auto-scroll-view-pager,0,1669,9,9,3.0,4.0,4.0
vertx-web,0,1058,8,2981,7.0,6.0,1.0
HackBar,4,1407,5,14,7.0,3.0,0.0
Lealone,5,2306,10,7521,11.0,5.0,3.0
jbang,201,1281,3,1417,4.0,4.0,0.0
BlurView,27,3208,7,61,3.0,2.5,2.0
mockserver,0,4262,10,3459,7.0,5.0,1.0
android_design_patterns_analysis,0,2657,8,10,1.0,1.0,0.0
databus,0,3546,10,6811,15.0,3.0,0.0
groupie,28,3589,7,191,5.0,3.0,0.0
Guns,0,3693,6,42,2.0,6.0,0.0
androrat,0,1785,9,327,11.0,2.0,0.0
Android-Tips,0,3234,8,4,1.0,0.0,1.0
gulimall-learning,0,1838,3,1152,5.0,3.0,0.0
PanelSwitchHelper,0,2250,5,220,5.0,5.0,1.0
PhotoView,0,2605,8,64,2.0,2.0,0.0
jimfs,8,2311,9,919,4.0,3.0,0.0
Renderers,15,1204,9,101,5.0,4.0,1.0
lz4-java,8,1035,11,312,7.0,3.0,3.0
White-Jotter,1,2275,4,118,4.0,6.0,0.0
dbeaver,183,33780,7,34982,28.0,4.0,1.0
bt,0,2306,7,3363,4.0,3.0,1.0
bytecode-viewer,58,13947,8,1049,10.0,3.0,0.0
awesome-view,0,1189,6,0,1.0,0.0,0.0
KISS,97,2591,10,886,4.0,4.0,1.0
AndEngine,0,3163,11,2456,7.0,3.0,1.0
JJSearchViewAnim,0,2370,7,25,2.0,5.0,8.0
Arduino,37,13732,13,1650,13.0,2.0,0.0
BottomNavigation,16,4354,7,147,4.0,5.5,4.5
JustTrustMe,1,4341,9,31,2.0,1.5,0.0
TextDrawable,0,3166,8,50,3.0,3.0,0.0
thingsboard,55,14361,6,10714,7.0,5.0,0.0
novel,10,4310,3,479,4.0,2.0,0.0
maven-mvnd,34,2613,4,993,29.0,2.0,0.0
loops-e-arrays,0,1338,2,0,1.0,1.0,0.0
vjtools,9,7540,5,1593,6.0,2.0,1.0
QR-Code-generator,3,4293,7,105,5.0,3.0,1.0
libsvm,0,4364,10,102,5.0,1.5,0.0
jna,0,8005,12,3337,122.0,3.0,0.0
myblog,0,1276,3,167,2.0,3.0,0.0
android-job,31,5387,8,649,30.0,4.0,1.0
ticker,9,4333,7,52,4.0,4.0,0.0
lottie-android,46,34237,6,1173,6.0,5.0,1.0
materialish-progress,0,2490,8,17,3.0,2.0,0.0
react-native-sound,15,2698,7,28,2.0,2.0,0.0
Saturn,22,2252,6,3113,5.0,2.0,0.0
DSA-Bootcamp-Java,0,13255,2,496,3.0,1.0,1.0
easypermissions,12,9727,7,95,3.0,8.0,6.0
java-faker,0,4313,12,713,2.0,4.0,0.0
spring-boot-admin,110,11891,9,956,5.0,6.0,0.0
novel,10,4310,3,479,4.0,2.0,0.0
MovieGuide,0,2602,7,99,2.0,4.0,1.0
TapTargetView,23,5283,7,146,3.0,2.0,0.0
UETool,10,3241,5,194,18.0,4.0,0.0
pmd,88,4409,11,12367,28.0,4.0,1.0
MasteringAndroidDataBinding,0,2592,8,20,3.0,4.0,0.0
network-connection-class,2,3171,8,36,3.0,2.5,0.0
migration,0,3268,3,0,1.0,1.0,0.0
wycheproof,0,2664,6,499,3.0,9.0,4.0
PokeGOAPI-Java,2,1052,7,1360,5.0,3.0,0.0
RWidgetHelper,27,1698,5,331,3.0,5.0,0.0
sodium-fabric,27,4211,3,956,4.0,4.0,1.0
Launcher3,22,3751,6,3091,8.0,3.0,0.0
archi,0,3343,8,153,2.0,3.5,0.0
LeetCode-Sol-Res,0,1700,8,1998,4.0,2.0,1.0
screenshot-tests-for-android,11,1712,8,258,3.0,3.5,1.0
RecyclerBanner,0,1629,5,205,3.0,3.0,0.0
Android-CircleDialog,61,1051,6,319,8.0,2.0,0.0
cqengine,0,1639,8,2190,11.0,3.0,0.0
shopizer,18,3238,10,4094,6.0,4.0,2.0
shopizer,18,3238,10,4094,6.0,4.0,2.0
galen,73,1408,10,2508,4.0,2.0,0.0
android-autofittextview,1,4238,12,38,2.0,4.0,1.5
google-maps-services-java,54,1632,9,632,6.0,2.0,0.0
RecyclerRefreshLayout,0,1670,7,187,6.0,2.0,0.0
JSON-java,18,4334,12,669,5.0,1.0,1.0
WaveLoadingView,4,1724,7,25,2.0,2.0,0.0
aws-lambda-developer-guide,0,2285,5,51,4.0,5.0,0.0
AndroidSocketClient,0,1281,8,297,6.0,2.0,0.0
ShadowImageView,0,2610,6,1,2.0,4.0,0.0
ahbottomnavigation,14,3858,7,105,2.0,2.0,0.0
transdroid,38,1225,10,2065,6.0,4.0,1.0
zheng,0,16552,6,4409,2.0,3.0,0.0
spring-microservices,0,1651,6,91,4.0,3.5,0.0
SmarterStreaming,0,10622,7,292,2.0,2.0,0.0
austin,0,4392,1,363,4.0,5.0,0.0
mybatis,0,4438,8,2367,6.0,2.0,0.0
megabasterd,180,3669,6,569,6.0,1.0,0.0
AndroidTraining,0,1328,10,1785,6.0,3.0,0.0
netty-socketio,12,6412,11,395,5.0,3.0,0.0
roboguice,0,3781,11,3246,42.0,2.0,0.0
ExpandableLayout,0,1638,9,18,2.0,1.0,0.5
DataX,7,14158,5,3881,8.0,3.0,0.0
MovieGuide,0,2602,7,99,2.0,4.0,1.0
JSON-java,18,4334,12,669,5.0,1.0,1.0
XRichText,13,1729,6,117,3.0,4.0,0.0
openhab-addons,4,1796,9,51976,44.0,3.0,0.0
Backboard,4,1691,8,93,5.0,7.0,0.0
FabulousFilter,0,2640,6,86,5.0,4.0,1.0
sensey,13,2671,7,58,2.0,3.0,0.0
PinnedSectionItemDecoration,0,2072,7,103,2.0,3.5,1.0
emojicon,2,3610,9,67,4.0,4.0,0.0
nanohttpd,3,6683,11,294,16.0,3.0,1.0
Universal-G-Code-Sender,18,1676,11,4182,17.0,4.0,1.0
GeekNews,0,3492,7,697,5.0,2.0,0.0
QtScrcpy,28,12375,4,304,4.0,2.0,0.0
Mixin,5,1228,8,3266,20.0,3.0,2.0
h2o-2,0,2222,10,7163,113.0,4.0,1.0
AirMapView,3,1851,8,205,4.0,3.0,0.0
RecyclerTabLayout,0,1358,8,61,5.0,4.0,0.5
dev-summit-architecture-demo,0,1202,7,140,4.0,3.0,0.0
tinkerpop,0,1823,8,10567,55.0,5.0,1.0
six-finger,0,1789,3,72,1.0,1.0,0.0
jetcache,63,4344,6,1206,6.0,4.0,0.0
ripme,126,3515,6,1669,6.0,4.0,3.0
ghostdriver,9,1921,11,57,4.0,5.0,0.0
AndroidTutorialForBeginners,0,4163,6,103,4.0,4.0,0.0
jbang,201,1281,3,1417,4.0,4.0,0.0
h2database,21,3853,8,13736,35.0,4.0,3.0
AndroidFire,0,2596,6,1448,5.0,3.0,0.0
AndroidSwipeLayout,18,12315,9,168,3.0,2.0,0.0
jolt,26,1411,10,825,23.0,3.0,0.0
ExpandableRecyclerview,0,1044,7,41,3.0,3.0,1.0
ChatKit,1,3641,6,311,47.0,3.0,0.0
coursera-android,0,4276,9,478,4.0,4.0,0.0
Awesome-WanAndroid,8,2702,5,654,5.0,3.0,0.0
picocli,84,4411,6,3015,76.0,2.0,0.0
crate,75,3765,10,30108,15.0,5.0,1.0
expandable-recycler-view,10,1216,8,103,3.0,4.0,0.0
android-percent-support-extend,0,1818,8,42,3.0,3.0,0.0
HeaderAndFooterRecyclerView,0,1375,7,62,4.0,4.0,0.0
Lealone,5,2306,10,7521,11.0,5.0,3.0
ipscan,30,3495,12,542,24.0,3.0,0.0
ExoPlayer,28,21026,9,14750,31.0,5.0,0.0
runelite,0,4283,7,7479,10.0,3.0,0.0
JDA,77,3876,7,7124,6.0,6.0,3.0
VirtualApp,0,9506,7,3215,303.0,2.0,0.0
spring-boot-demo,0,1714,7,363,2.0,4.0,0.0
android-open-source-project-analysis,0,2681,6,74,3.0,1.0,0.0
actor-platform,97,3301,8,9594,7.0,3.0,0.0
jetty.project,72,3644,12,18085,45.0,3.0,0.0
emoji-java,19,2555,9,111,1.0,2.0,1.0
material-design-dimens,3,1356,7,3,2.0,1.5,0.0
MaterialLogin,0,1935,7,0,2.0,2.5,0.0
NoHttp,0,3707,8,713,4.0,3.0,1.0
JavaVerbalExpressions,9,2599,10,71,2.0,4.0,3.5
traccar,45,4313,11,3873,5.0,4.0,0.0
light-4j,174,3505,7,3649,7.0,3.0,0.0
dolby_beta,37,3262,3,233,3.0,4.0,1.0
runelite,0,4283,7,7479,10.0,3.0,0.0
TwinklingRefreshLayout,0,3992,7,230,4.0,2.0,0.0
austin,0,4392,1,363,4.0,5.0,0.0
GCViewer,5,4288,11,887,24.0,4.0,1.0
LuseenBottomNavigation,0,1020,7,11,2.0,1.0,0.0
SuperToasts,5,2684,10,243,3.0,3.0,0.0
killbill,142,4091,10,10890,10.0,6.0,1.0
Activiti,372,9616,11,9944,8.0,4.0,1.0
material-design-data,0,1875,6,7,3.0,2.0,0.5
jd-gui,18,12897,8,970,15.0,3.0,1.0
android-times-square,0,4440,10,86,4.0,4.0,0.0
Omni-Notes,47,2590,9,687,4.0,4.0,1.0
sticky-headers-recyclerview,0,3744,8,48,3.0,2.0,0.0
Mybatis-PageHelper,12,11831,9,395,5.0,6.0,0.0
Caldroid,0,1424,10,100,3.0,5.0,6.0
android-ocr,0,2216,11,417,3.0,5.0,0.0
TiebaLite,2,2363,3,1648,7.0,5.0,2.0
SublimePicker,0,2311,8,534,18.0,3.0,0.0
Android-SwipeToDismiss,0,1285,10,11,2.0,2.0,0.0
LeetCode-Sol-Res,0,1700,8,1998,4.0,2.0,1.0
QLExpress,5,4286,6,823,6.0,3.0,0.0
JavaLambdaInternals,0,2018,6,15,1.0,3.0,15.0
RxjavaRetrofitDemo,0,1269,7,31,4.0,2.0,0.0
t-io,28,1706,6,2064,12.0,2.0,1.0
ViewServer,0,2500,12,21,3.0,4.5,12.0
allure2,64,3355,7,658,5.0,4.0,1.0
rocketmq,15,19803,6,12609,11.0,3.0,1.0
Material-Animations,0,13552,8,17,3.0,2.0,0.0
mybatis-3,40,18920,10,3160,7.0,2.0,0.0
android-cube-app,0,1009,8,94,5.0,2.0,0.0
riot-android,43,1413,7,1577,5.0,2.0,0.0
epic,5,4226,6,467,3.0,3.0,1.0
elasticsearch-hadoop,122,1915,10,2613,12.0,3.0,0.0
grobid,19,2421,11,2740,6.0,3.0,0.0
cordova-plugin-local-notifications,0,2549,10,267,4.0,7.0,0.0
spring-framework,268,53166,12,40477,60.0,3.0,0.0
androidquery,1,2059,12,810,5.0,3.0,0.0
sofa-rpc,56,3748,5,4286,5.0,3.0,0.0
RxAndroidBle,56,3304,7,1625,6.0,3.0,0.0
seatunnel,43,6383,6,8961,7.0,4.0,0.0
andOTP,38,3714,6,414,6.0,3.0,0.0
jeromq,0,2261,11,2582,13.0,4.0,0.0
Launcher3,22,3751,6,3091,8.0,3.0,0.0
Android-Touch-Helper,112,4344,2,65,2.0,3.0,0.0
WeiXinRecordedDemo,0,2245,6,531,3.0,2.0,0.0
querydsl,34,4382,12,7369,28.0,3.0,0.0
sidekick,0,1658,1,669,5.0,3.0,0.0
Android-Week-View,4,3403,9,110,3.0,2.0,0.0
aviatorscript,49,3921,12,2389,5.0,4.0,1.0
h2database,21,3853,8,13736,35.0,4.0,3.0
lwjgl3,18,4353,10,135643,8.0,6.0,66.0
HotFix,0,1700,7,15,2.0,1.5,0.0
eureka,147,11991,11,2270,9.0,4.0,0.0
MockLocationDetector,0,1183,7,8,2.0,2.0,0.0
Cimoc,61,2293,3,1809,6.0,3.0,0.0
Play-with-Algorithms,0,3584,7,368,2.0,2.0,0.0
x-pipe,2,1800,7,12138,30.0,3.0,0.0
aws-lambda-developer-guide,0,2285,5,51,4.0,5.0,0.0
Aegis,55,6188,7,1128,8.0,5.0,1.0
CircleProgress,0,3784,8,86,4.0,6.0,1.0
AndroidSweetSheet,1,2067,8,55,2.0,2.0,0.0
ruoyi-vue-pro,20,19878,2,3686,4.0,5.0,0.0
open-location-code,5,3904,8,127,3.0,3.0,0.0