2015-03-27T22:08:59Z,,2015-03-31T21:42:03Z,1,1,,2,2
2015-04-15T18:17:00Z,,2015-04-15T19:32:20Z,4,3,,2,2
2015-04-15T18:18:00Z,,2015-04-15T18:31:32Z,3,1,,4,2
2015-05-02T14:12:42Z,,2015-05-02T14:14:39Z,1,1,,1,1
2015-05-03T06:18:48Z,,2015-05-04T20:16:56Z,1,1,"Q2hhbmdlZCBgQ3VycmVudGx5IHRoZSBTa3kgRW5naW5lIGFzc3VtZXMgdGhlIGVudHJ5IHBvaW50
IGZvciB5b3VyIGFwcGxpY2F0aW9uIGlzIGEgbWFpbiBmdW5jdGlvbiBpcyBsb2NhdGVkIGluc2lk
ZSBhIG1haW4uc2t5IGZpbGUgYXQgdGhlIHJvb3Qgb2YgdGhlIHBhY2thZ2VgIHRvIGBDdXJyZW50
bHkgdGhlIFNreSBFbmdpbmUgYXNzdW1lcyB0aGUgZW50cnkgcG9pbnQgZm9yIHlvdXIgYXBwbGlj
YXRpb24gaXMgYSBtYWluIGZ1bmN0aW9uIHdoaWNoIGlzIGxvY2F0ZWQgaW5zaWRlIGEgbWFpbi5z
a3kgZmlsZSBhdCB0aGUgcm9vdCBvZiB0aGUgcGFja2FnZWAuCg==
",1,2
2015-05-03T17:54:37Z,,2015-05-04T20:20:39Z,1,1,"QWRkIG1pc3Npbmcgc2VtaWNvbG9uLgo=
",1,2
2015-05-04T19:35:42Z,,2015-05-04T20:19:33Z,1,1,"VGhlIG1pc3Npbmcgc2VtaWNvbG9uIHdhcyBub3RlZCBkdXJpbmcgdGhlIFNreSBkZW1vIHByZXNl
bnRlZCBieSBFcmljIFNlaWRlbCAod3d3LnlvdXR1YmUuY29tL3dhdGNoP3Y9UG5JV2wzM1lNd0Ep
Lgo=
",2,3
2015-05-06T18:51:16Z,,2015-05-06T19:46:47Z,3,3,,1,2
2015-05-06T19:10:14Z,,2015-05-06T19:46:26Z,2,2,,2,2
2015-05-07T08:12:50Z,,2015-06-13T17:37:21Z,1,1,,1,2
2015-05-10T07:43:36Z,,2015-05-12T17:23:42Z,13,11,"SSB1cGRhdGVkIGRvY3VtZW50YXRpb24gZm9yIFdpbmRvd3MgdXNlcnMuCg==
",1,2
2015-05-14T18:29:49Z,,2015-06-13T17:35:49Z,1,1,,1,2
2015-11-01T16:45:52Z,,2015-11-03T05:56:27Z,1,1,,4,4
2015-11-03T05:57:33Z,2015-11-03T06:19:31Z,2015-11-03T06:19:31Z,0,2649,,0,2
2015-11-03T07:24:16Z,2015-11-05T06:06:32Z,2015-11-05T06:06:32Z,1,1,,4,3
2015-11-05T06:06:07Z,2015-11-05T06:10:09Z,2015-11-05T06:10:09Z,0,4719,,1,16
2015-11-05T07:44:44Z,2015-11-05T07:52:23Z,2015-11-05T07:52:23Z,4,52,,2,2
2015-11-05T08:20:55Z,2015-11-05T18:48:33Z,2015-11-05T18:48:33Z,0,41,"QGRldm9uY2FyZXcgCg==
",1,3
2015-11-05T23:39:47Z,2015-11-06T17:32:16Z,2015-11-06T17:32:16Z,41,69,"4oCmdHRlciBjb21tYW5kcwo=
",1,2
2015-11-06T21:30:12Z,2015-11-07T04:28:32Z,2015-11-07T04:28:32Z,297,56,,2,2
2015-11-07T05:00:43Z,2015-11-07T05:25:12Z,2015-11-07T05:25:12Z,6,13,"QWRkIGEgZmx1dHRlci55YW1sIGZpbGUgdG8gdGhlIGluaXQgdGVtcGxhdGUuIEBhYmFydGgsIGFy
ZSB0aGVzZSBub3cgcmVxdWlyZWQgZm9yIGFwcHM/IFBvc3NpYmx5IGJlY2FtZSBhIHJlcXVpcmVt
ZW50IHcvIHRoZSBtb3ZlIHRvIG5vdCB1c2luZyBhbiBodHRwIHNlcnZlci4K
",2,2
2015-11-07T07:37:27Z,2015-11-07T07:50:40Z,2015-11-07T07:50:40Z,116,170,"VGhpcyBwYXRjaCByZXdyaXRlcyB0aGUgcHVic3BlY3MgdG8gdXNlIGxvY2FsIHBhdGhzIGFuZCBh
ZGRzIHRlc3RpbmcgdG8gVHJhdmlzLgo=
",0,1
2015-11-07T08:00:22Z,2015-11-07T08:09:03Z,2015-11-07T08:09:03Z,12,12,"UmF0aGVyIHRoYW4gdXNpbmcgdGhlIEZsdXR0ZXIgdW5pdCB0ZXN0cyB0byB0ZXN0IEZMWCwgd2Ug
Y2FuIGp1c3QgdGVzdCBGTFgKZGlyZWN0bHkuIEFsc28sIGNsZWFuIHVwIHRoZSBkZXBlbmRlbmNp
ZXMgaW4gdGhlIHB1YnNwZWMgdG8gbWF0Y2ggdGhlIGNvZGUuCg==
",0,1
2015-11-07T09:29:52Z,2015-11-07T17:53:01Z,2015-11-07T17:53:01Z,13,2,"SXNzdWUgIzE5ODggcmVzdWx0cyBmcm9tIHJ1bi1hcyBub3Qgd29ya2luZyBvbiBzb21lIHBob25l
cywKYmVjYXVzZSBvZiBBbmRyb2lkIGlzc3VlIDU4MzczLgoKVGhpcyBjaGFuZ2UgcmVtb3ZlcyB0
aGUgbmVlZCBmb3IgcnVuLWFzIGZvciBydW5uaW5nCiJmbHV0dGVyIHN0YXJ0Ii4gSXQgaXMgc3Rp
bGwgbmVlZGVkIGZvciB0cmFjaW5nLgo=
",3,2
2015-11-07T23:02:57Z,2015-11-08T05:36:13Z,2015-11-08T05:36:13Z,11,38,,3,2
2015-11-08T03:03:59Z,2015-11-08T05:59:56Z,2015-11-08T05:59:56Z,12,21,"LSBmaXggcmVnZXggYGFkYiBkZXZpY2VzIC1sYCBwYXJzaW5nIGZvciBvbGRlciBhbmRyb2lkIGRl
dmljZXMKLSBtb3ZlIHRoZSB2ZXJzaW9uIGNoZWNrIGJhY2sgdG8gYW5kcm9pZCAxNyAoNC4yLngg
b2YgSmVsbHkgQmVhbikgLSBJIGxvYWRlZCB1cCBhIGZldyBmbHV0dGVyIHNhbXBsZSBhcHBzIG9u
IGEgdjE3IGRldmljZQotIHJlLXdvcmQgdGhlIGVycm9yIG1lc3NhZ2UgZm9yIG9sZGVyIGRldmlj
ZXMsIHNvIHRoYXQgaXQgaWRlbnRpZmllcyB0aGUgZGV2aWNlIHZlcnNpb24gYXMgdGhlIGlzc3Vl
LCBpbnN0ZWFkIG9mIHRoZSBhbmRyb2lkIHNkayB2ZXJzaW9uCgpGbHV0dGVyIGRpZG4ndCBsb2Fk
IHN1Y2Nlc3NmdWxseSBvbiB0aGUgdjE1IGRldmljZSBJIGhhdmUgKElDUykuIEkgZGlkbid0IHRl
c3Qgb24gdGhlIGZpcnN0IHZlcnNpb24gb2YgSmVsbHkgQmVhbiAodjE2LCA0LjEuMCkuIFNvOgot
IHYxNTogY3Jhc2gKLSB2MTY6ID8/Ci0gdjE3OiBzdWNjZXNzCg==
",9,4
2015-11-09T05:33:53Z,2015-11-09T06:11:09Z,2015-11-09T06:11:09Z,5,204,"VGhpcyBkb2N1bWVudCBkZXNjcmliZXMgdGhlIHdvcmtmbG93IGZvciBjb250cmlidXRpbmcgY29k
ZSB0byB0aGlzIHJlcG9zaXRvcnkuCg==
",2,2
2015-11-09T08:52:36Z,2015-11-09T17:11:38Z,2015-11-09T17:11:38Z,154,220,,3,2
2015-11-09T16:37:46Z,2015-11-09T18:44:47Z,2015-11-09T18:44:47Z,42,96,"RmxpbmdpbmcgYSBwZXJzaXN0ZW50IGJvdHRvbSBzaGVldCBkb3dud2FyZHMgZGlzbWlzc2VzIGl0
LCBwZXIgdGhlIE1hdGVyaWFsIHNwZWMuCgpUaGUgc2hvd0JvdHRvbVNoZWV0KCkgZnVuY3Rpb24g
bm93IHJldHVybnMgYSBGdXR1cmUsIGxpa2Ugc2hvd01vZGFsQm90dG9tU2hlZXQoKSBkb2VzLCBz
byB0aGF0IHlvdSBjYW4gZGlzY292ZXIgd2hlbiBpdCdzIGJlZW4gZGlzbWlzc2VkIC0gd2l0aCBu
YXZpZ2F0b3IucG9wKCkgLSBhbmQgd2l0aCB3aGF0IHZhbHVlLgoKRmFjdG9yZWQgdGhlIGRyYWcg
Z2VzdHVyZSBoYW5kbGluZyBjb2RlIGludG8gX0JvdHRvbVNoZWV0RHJhZ0NvbnRyb2xsZXIKClRo
aXMgQ0wgd2FzIGh0dHBzOi8vZ2l0aHViLmNvbS9mbHV0dGVyL2VuZ2luZS9wdWxsLzE5OTcK
",1,2
2015-11-09T19:12:47Z,2015-11-09T20:13:32Z,2015-11-09T20:13:32Z,2,10,"Tm93IHdlIHN1Z2dlc3QgdXNpbmcgLXQgdG8gc3BlY2lmeSB0aGUgbWFpbiBEYXJ0IGZpbGUuCgpG
aXhlcyAjNTMK
",1,2
2015-11-09T19:26:15Z,2015-11-10T20:26:42Z,2015-11-10T20:26:42Z,14,43,,3,2
2015-11-09T20:31:15Z,2015-11-10T18:27:28Z,2015-11-10T18:27:28Z,52,64,"VGhhdCB3YXkgd2UgY2FuIGNvbnRyb2wgaWYgd2Ugd2FudCB0byB1c2UgZGV2dG9vbHMgdG8gcnVu
IG9uIExpbnV4IGFuZAphbHNvIGNsZWFubHkgc2VwYXJhdGUgb3V0IHRoZSB0d28gdXNlcy4KClI9
QGphbWVzcgo=
",2,3
2015-11-09T21:16:43Z,2015-11-10T00:40:37Z,2015-11-10T00:40:37Z,2,72,"QWRkcmVzc2VzICMxMDQgCg==
",1,2
2015-11-09T21:32:55Z,2015-11-09T21:43:40Z,2015-11-09T21:43:40Z,17,25,"UHJldmlvdXNseSwgd2UgYXNzdW1lZCB0aGUgZmlyc3QgYnVpbGQgY29uZmlndXJhdGlvbiB3b3Vs
ZCBoYXZlIG9uZS4gTm93IHdlCmtlZXAgbG9va2luZyB1bnRpbCB3ZSBmaW5kIG9uZS4gQWxzbywg
cmUtb3JkZXJlZCB0aGUgY29uZmlndXJhdGlvbnMgc28gdGhhdAp5b3UnbGwgZ2V0IHRoZSBBbmRy
b2lkIG9uZSBpZiB5b3UgaGF2ZSBib3RoLCB3aGljaCBpcyBwcm9iYWJseSB3aGF0IHlvdSB3b3Vs
ZApleHBlY3QuCgpGaXhlcyAjMTAwCg==
",1,2
2015-11-10T00:34:35Z,2015-11-11T00:07:21Z,2015-11-11T00:07:21Z,57,105,,1,2
2015-11-10T00:44:24Z,2015-11-10T19:38:06Z,2015-11-10T19:38:06Z,83,98,"RmFjdG9yZWQgT3ZlcmxheVJvdXRlIG91dCBvZiB0aGUgbW9kYWwgYW5kIHBlcnNpc3RlbnQgYm90
dG9tIHNoZWV0IGNsYXNzZXMsIHNpbmNlIHRoZSBib3R0b20gc2hlZXQgY2xhc3NlcyBuZWVkIHRv
IGRyaXZlIHRoZSBwZXJmb3JtYW5jZS4KCkFkZGVkIGEgYm90dG9tIHNoZWV0IHRvIHRoZSBzdG9j
a3MgZGVtbzogbG9uZy1wcmVzcyBvbiBhIHN0b2NrIHNob3dzIGEgbW9kYWwgYm90dG9tIHNoZWV0
LgoKTWFkZSBBbmltYXRlZE1vZGFsQmFycmllciBwdWJsaWMuCg==
",1,2
2015-11-10T02:59:04Z,2015-11-10T18:09:11Z,2015-11-10T18:09:11Z,4,2,,1,2
2015-11-10T16:50:57Z,2015-11-10T18:43:06Z,2015-11-10T18:43:06Z,4,4,"LSBmaXggYSB3cyBpc3N1ZSBpbiB0aGUgc2FtcGxlIGFwcAotIHVwZGF0ZSBtZXRob2RzIG5hbWVz
IGZvciB0aGUgbWluLiByZXF1aXJlZCBhbmRyb2lkIHZlcnNpb24K
",1,2
2015-11-10T16:51:25Z,2015-11-10T18:56:49Z,2015-11-10T18:56:49Z,0,4,"VGVzdCBhIGZldyBtb3JlIHBhY2thZ2VzIG9uIHRyYXZpcyAoZmx1dHRlcl9zcHJpdGVzLCB1cGRh
dGVyKS4K
",1,2
2015-11-10T17:31:30Z,2015-11-10T17:35:59Z,2015-11-10T17:35:59Z,13,136,"LSBhbmltYXRpb25fYmVuY2guZGFydC4gVGhpcyBiZW5jaG1hcmsgbWVhc3VyZXMgdGhlIGZ1bGwg
bWFpbi10aHJlYWQgcGlwZWxpbmUKICBmb3IgdGlja2luZyB0aGUgZHJhd2VyIGVudHJhbmNlIGFu
ZCBleGl0IGFuaW1hdGlvbi4KICAtIGJ1aWxkX2JlbmNoLmRhcnQuIFRoaXMgYmVuY2htYXJrIG1l
YXN1cmVzIGEgZnVsbCBhcHAgcmVidWlsZCB3aGVuIHRoZXJlJ3Mgbm8KICAgIHN0YXRlIGNoYW5n
ZS4KICAtIGxheW91dF9iZW5jaC5kYXJ0LiBUaGlzIGJlbmNobWFyayBtZWFzdXJlcyBhIGZ1bGwg
cmVsYXlvdXQuCg==
",1,2
2015-11-10T17:45:19Z,2015-11-10T17:59:02Z,2015-11-10T17:59:02Z,8,11,,2,2
2015-11-10T20:12:33Z,2015-11-10T20:24:33Z,2015-11-10T20:24:33Z,4,5,"UHJldmlvdXNseSB3ZSB3b3VsZCB3YWxrIGZyb20gZXZlcnkgbm9kZSBpbiBsYXlvdXQgdG8gdGhl
IHJvb3QgdG8gbWFyayB0aGUgcm9vdAphcyBuZWVkaW5nIHBhaW50LiBOb3cgd2UgbGVhdmUgZGly
dHkgYml0cyB0aHJvdWdob3V0IHRoZSB0cmVlIHNvIHRoYXQgd2UgY2FuCmN1dCBvZmYgdGhlIHdh
bGsgYXMgc29vbiBhcyB3ZSBmaW5kIGEgZGlydHkgbm9kZS4K
",4,3
2015-11-10T20:33:51Z,2015-11-10T20:58:59Z,2015-11-10T20:58:59Z,21,22,"UGVyIFtjb252ZXJzYXRpb24gaGVyZV0oaHR0cHM6Ly9ncm91cHMuZ29vZ2xlLmNvbS9mb3J1bS8j
IXRvcGljL2ZsdXR0ZXItZGV2L0VwWXVfSXZZbDVzKS4KCkkgZG9uJ3Qga25vdyBpZiBpdCdzIHZp
YWJsZSB0byBtYWtlIHRoaXMgYSBjb21tYW5kIGZvciB0aGUgRmx1dHRlciB0b29sIGFzIHRoZSB0
b29sIG5lZWRzIGBwdWIgZ2V0YCBiZWZvcmUgaXQgY2FuIGJlIHJ1biBjcmVhdGluZyBhIGNoaWNr
ZW4gYW5kIGVnZyBwcm9ibGVtLgo=
",5,2
2015-11-10T21:08:52Z,2015-11-10T21:19:09Z,2015-11-10T21:19:09Z,2,2,"UnVubmluZyBmb3JldmVyIGlzIHVzZWZ1bCBmb3IgcHJvZmlsaW5nIGJ1dCBtYWtlcyB0aGVzZSBz
Y3JpcHRzIGxlc3MgdXNlZnVsIGZvcgptZWFzdXJlbWVudC4gIDopCg==
",1,2
2015-11-10T21:18:48Z,2015-11-10T21:48:35Z,2015-11-10T21:48:35Z,54,51,,1,2
2015-11-10T22:06:39Z,2015-11-10T22:11:45Z,2015-11-10T22:11:45Z,20,15,,2,2
2015-11-10T22:12:47Z,2015-11-10T22:36:12Z,2015-11-10T22:36:12Z,58,18,"Q29uc3RydWN0b3IgdGVhci1vZmZzIGFyZW4ndCBzdXBwb3J0ZWQgYnkgdGhlIGFuYWx5emVyIHll
dC4K
",1,2
2015-11-11T00:49:59Z,2015-11-11T20:50:43Z,2015-11-11T20:50:43Z,0,47,,5,2
2015-11-11T16:53:58Z,2015-11-11T17:10:05Z,2015-11-11T17:10:05Z,10,76,"U2hvd0JvdHRvbVNoZWV0IG5vdyBjbGVhcnMgaXRzIHBsYWNlaG9sZGVyIGFmdGVyIHRoZSBib3R0
b20gc2hlZXQgaGFzIGJlZW4gZGlzbWlzc2VkLgoKQWRkZWQgc3VwcG9ydCBmb3IgZ2VuZXJhdGlu
ZyBmbGluZyBnZXN0dXJlcyB0byBXaWRnZXRUZXN0ZXIuCg==
",1,2
2015-11-11T17:38:01Z,2015-11-11T17:56:29Z,2015-11-11T17:56:29Z,28,34,"VGhlIGlucHV0IHdpZGdldCBzY3JvbGxzLCBzbyBpdCBzaG91bGQgZ2l2ZSBpdHMgdGV4dCBsb29z
ZSBjb25zdHJhaW50cy4gIFRoYXQKd2F5IHRoZSB0ZXh0IGVuZHMgdXAgYmVpbmcgaXRzIGludHJp
bnNpYyBzaXplIGV2ZW4gaWYgcHV0IGluIGEgY29udGV4dCB3aXRoCnRpZ2h0IGNvbnN0cmFpbnRz
LgoKRml4ZXMgIzI5OAo=
",0,2
2015-03-27T22:08:59Z,,2015-03-31T21:42:03Z,1,1,,2,2
2015-04-15T18:17:00Z,,2015-04-15T19:32:20Z,4,3,,2,2
2015-04-15T18:18:00Z,,2015-04-15T18:31:32Z,3,1,,4,2
2015-05-02T14:12:42Z,,2015-05-02T14:14:39Z,1,1,,1,1
2015-05-03T06:18:48Z,,2015-05-04T20:16:56Z,1,1,"Q2hhbmdlZCBgQ3VycmVudGx5IHRoZSBTa3kgRW5naW5lIGFzc3VtZXMgdGhlIGVudHJ5IHBvaW50
IGZvciB5b3VyIGFwcGxpY2F0aW9uIGlzIGEgbWFpbiBmdW5jdGlvbiBpcyBsb2NhdGVkIGluc2lk
ZSBhIG1haW4uc2t5IGZpbGUgYXQgdGhlIHJvb3Qgb2YgdGhlIHBhY2thZ2VgIHRvIGBDdXJyZW50
bHkgdGhlIFNreSBFbmdpbmUgYXNzdW1lcyB0aGUgZW50cnkgcG9pbnQgZm9yIHlvdXIgYXBwbGlj
YXRpb24gaXMgYSBtYWluIGZ1bmN0aW9uIHdoaWNoIGlzIGxvY2F0ZWQgaW5zaWRlIGEgbWFpbi5z
a3kgZmlsZSBhdCB0aGUgcm9vdCBvZiB0aGUgcGFja2FnZWAuCg==
",1,2
2015-05-03T17:54:37Z,,2015-05-04T20:20:39Z,1,1,"QWRkIG1pc3Npbmcgc2VtaWNvbG9uLgo=
",1,2
2015-05-04T19:35:42Z,,2015-05-04T20:19:33Z,1,1,"VGhlIG1pc3Npbmcgc2VtaWNvbG9uIHdhcyBub3RlZCBkdXJpbmcgdGhlIFNreSBkZW1vIHByZXNl
bnRlZCBieSBFcmljIFNlaWRlbCAod3d3LnlvdXR1YmUuY29tL3dhdGNoP3Y9UG5JV2wzM1lNd0Ep
Lgo=
",2,3
2015-05-06T18:51:16Z,,2015-05-06T19:46:47Z,3,3,,1,2
2015-05-06T19:10:14Z,,2015-05-06T19:46:26Z,2,2,,2,2
2015-05-07T08:12:50Z,,2015-06-13T17:37:21Z,1,1,,1,2
2015-05-10T07:43:36Z,,2015-05-12T17:23:42Z,13,11,"SSB1cGRhdGVkIGRvY3VtZW50YXRpb24gZm9yIFdpbmRvd3MgdXNlcnMuCg==
",1,2
2015-05-14T18:29:49Z,,2015-06-13T17:35:49Z,1,1,,1,2
2015-11-01T16:45:52Z,,2015-11-03T05:56:27Z,1,1,,4,4
2015-11-03T05:57:33Z,2015-11-03T06:19:31Z,2015-11-03T06:19:31Z,0,2649,,0,2
2015-11-03T07:24:16Z,2015-11-05T06:06:32Z,2015-11-05T06:06:32Z,1,1,,4,3
2015-11-05T06:06:07Z,2015-11-05T06:10:09Z,2015-11-05T06:10:09Z,0,4719,,1,16
2015-11-05T07:44:44Z,2015-11-05T07:52:23Z,2015-11-05T07:52:23Z,4,52,,2,2
2015-11-05T08:20:55Z,2015-11-05T18:48:33Z,2015-11-05T18:48:33Z,0,41,"QGRldm9uY2FyZXcgCg==
",1,3
2015-11-05T23:39:47Z,2015-11-06T17:32:16Z,2015-11-06T17:32:16Z,41,69,"4oCmdHRlciBjb21tYW5kcwo=
",1,2
2015-11-06T21:30:12Z,2015-11-07T04:28:32Z,2015-11-07T04:28:32Z,297,56,,2,2
2015-11-07T05:00:43Z,2015-11-07T05:25:12Z,2015-11-07T05:25:12Z,6,13,"QWRkIGEgZmx1dHRlci55YW1sIGZpbGUgdG8gdGhlIGluaXQgdGVtcGxhdGUuIEBhYmFydGgsIGFy
ZSB0aGVzZSBub3cgcmVxdWlyZWQgZm9yIGFwcHM/IFBvc3NpYmx5IGJlY2FtZSBhIHJlcXVpcmVt
ZW50IHcvIHRoZSBtb3ZlIHRvIG5vdCB1c2luZyBhbiBodHRwIHNlcnZlci4K
",2,2
2015-11-07T07:37:27Z,2015-11-07T07:50:40Z,2015-11-07T07:50:40Z,116,170,"VGhpcyBwYXRjaCByZXdyaXRlcyB0aGUgcHVic3BlY3MgdG8gdXNlIGxvY2FsIHBhdGhzIGFuZCBh
ZGRzIHRlc3RpbmcgdG8gVHJhdmlzLgo=
",0,1
2015-11-07T08:00:22Z,2015-11-07T08:09:03Z,2015-11-07T08:09:03Z,12,12,"UmF0aGVyIHRoYW4gdXNpbmcgdGhlIEZsdXR0ZXIgdW5pdCB0ZXN0cyB0byB0ZXN0IEZMWCwgd2Ug
Y2FuIGp1c3QgdGVzdCBGTFgKZGlyZWN0bHkuIEFsc28sIGNsZWFuIHVwIHRoZSBkZXBlbmRlbmNp
ZXMgaW4gdGhlIHB1YnNwZWMgdG8gbWF0Y2ggdGhlIGNvZGUuCg==
",0,1
2015-11-07T09:29:52Z,2015-11-07T17:53:01Z,2015-11-07T17:53:01Z,13,2,"SXNzdWUgIzE5ODggcmVzdWx0cyBmcm9tIHJ1bi1hcyBub3Qgd29ya2luZyBvbiBzb21lIHBob25l
cywKYmVjYXVzZSBvZiBBbmRyb2lkIGlzc3VlIDU4MzczLgoKVGhpcyBjaGFuZ2UgcmVtb3ZlcyB0
aGUgbmVlZCBmb3IgcnVuLWFzIGZvciBydW5uaW5nCiJmbHV0dGVyIHN0YXJ0Ii4gSXQgaXMgc3Rp
bGwgbmVlZGVkIGZvciB0cmFjaW5nLgo=
",3,2
2015-11-07T23:02:57Z,2015-11-08T05:36:13Z,2015-11-08T05:36:13Z,11,38,,3,2
2015-11-08T03:03:59Z,2015-11-08T05:59:56Z,2015-11-08T05:59:56Z,12,21,"LSBmaXggcmVnZXggYGFkYiBkZXZpY2VzIC1sYCBwYXJzaW5nIGZvciBvbGRlciBhbmRyb2lkIGRl
dmljZXMKLSBtb3ZlIHRoZSB2ZXJzaW9uIGNoZWNrIGJhY2sgdG8gYW5kcm9pZCAxNyAoNC4yLngg
b2YgSmVsbHkgQmVhbikgLSBJIGxvYWRlZCB1cCBhIGZldyBmbHV0dGVyIHNhbXBsZSBhcHBzIG9u
IGEgdjE3IGRldmljZQotIHJlLXdvcmQgdGhlIGVycm9yIG1lc3NhZ2UgZm9yIG9sZGVyIGRldmlj
ZXMsIHNvIHRoYXQgaXQgaWRlbnRpZmllcyB0aGUgZGV2aWNlIHZlcnNpb24gYXMgdGhlIGlzc3Vl
LCBpbnN0ZWFkIG9mIHRoZSBhbmRyb2lkIHNkayB2ZXJzaW9uCgpGbHV0dGVyIGRpZG4ndCBsb2Fk
IHN1Y2Nlc3NmdWxseSBvbiB0aGUgdjE1IGRldmljZSBJIGhhdmUgKElDUykuIEkgZGlkbid0IHRl
c3Qgb24gdGhlIGZpcnN0IHZlcnNpb24gb2YgSmVsbHkgQmVhbiAodjE2LCA0LjEuMCkuIFNvOgot
IHYxNTogY3Jhc2gKLSB2MTY6ID8/Ci0gdjE3OiBzdWNjZXNzCg==
",9,4
2015-11-09T05:33:53Z,2015-11-09T06:11:09Z,2015-11-09T06:11:09Z,5,204,"VGhpcyBkb2N1bWVudCBkZXNjcmliZXMgdGhlIHdvcmtmbG93IGZvciBjb250cmlidXRpbmcgY29k
ZSB0byB0aGlzIHJlcG9zaXRvcnkuCg==
",2,2
2015-11-09T08:52:36Z,2015-11-09T17:11:38Z,2015-11-09T17:11:38Z,154,220,,3,2
2015-11-09T16:37:46Z,2015-11-09T18:44:47Z,2015-11-09T18:44:47Z,42,96,"RmxpbmdpbmcgYSBwZXJzaXN0ZW50IGJvdHRvbSBzaGVldCBkb3dud2FyZHMgZGlzbWlzc2VzIGl0
LCBwZXIgdGhlIE1hdGVyaWFsIHNwZWMuCgpUaGUgc2hvd0JvdHRvbVNoZWV0KCkgZnVuY3Rpb24g
bm93IHJldHVybnMgYSBGdXR1cmUsIGxpa2Ugc2hvd01vZGFsQm90dG9tU2hlZXQoKSBkb2VzLCBz
byB0aGF0IHlvdSBjYW4gZGlzY292ZXIgd2hlbiBpdCdzIGJlZW4gZGlzbWlzc2VkIC0gd2l0aCBu
YXZpZ2F0b3IucG9wKCkgLSBhbmQgd2l0aCB3aGF0IHZhbHVlLgoKRmFjdG9yZWQgdGhlIGRyYWcg
Z2VzdHVyZSBoYW5kbGluZyBjb2RlIGludG8gX0JvdHRvbVNoZWV0RHJhZ0NvbnRyb2xsZXIKClRo
aXMgQ0wgd2FzIGh0dHBzOi8vZ2l0aHViLmNvbS9mbHV0dGVyL2VuZ2luZS9wdWxsLzE5OTcK
",1,2
2015-11-09T19:12:47Z,2015-11-09T20:13:32Z,2015-11-09T20:13:32Z,2,10,"Tm93IHdlIHN1Z2dlc3QgdXNpbmcgLXQgdG8gc3BlY2lmeSB0aGUgbWFpbiBEYXJ0IGZpbGUuCgpG
aXhlcyAjNTMK
",1,2
2015-11-09T19:26:15Z,2015-11-10T20:26:42Z,2015-11-10T20:26:42Z,14,43,,3,2
2015-11-09T20:31:15Z,2015-11-10T18:27:28Z,2015-11-10T18:27:28Z,52,64,"VGhhdCB3YXkgd2UgY2FuIGNvbnRyb2wgaWYgd2Ugd2FudCB0byB1c2UgZGV2dG9vbHMgdG8gcnVu
IG9uIExpbnV4IGFuZAphbHNvIGNsZWFubHkgc2VwYXJhdGUgb3V0IHRoZSB0d28gdXNlcy4KClI9
QGphbWVzcgo=
",2,3
2015-11-09T21:16:43Z,2015-11-10T00:40:37Z,2015-11-10T00:40:37Z,2,72,"QWRkcmVzc2VzICMxMDQgCg==
",1,2
2015-11-09T21:32:55Z,2015-11-09T21:43:40Z,2015-11-09T21:43:40Z,17,25,"UHJldmlvdXNseSwgd2UgYXNzdW1lZCB0aGUgZmlyc3QgYnVpbGQgY29uZmlndXJhdGlvbiB3b3Vs
ZCBoYXZlIG9uZS4gTm93IHdlCmtlZXAgbG9va2luZyB1bnRpbCB3ZSBmaW5kIG9uZS4gQWxzbywg
cmUtb3JkZXJlZCB0aGUgY29uZmlndXJhdGlvbnMgc28gdGhhdAp5b3UnbGwgZ2V0IHRoZSBBbmRy
b2lkIG9uZSBpZiB5b3UgaGF2ZSBib3RoLCB3aGljaCBpcyBwcm9iYWJseSB3aGF0IHlvdSB3b3Vs
ZApleHBlY3QuCgpGaXhlcyAjMTAwCg==
",1,2
2015-11-10T00:34:35Z,2015-11-11T00:07:21Z,2015-11-11T00:07:21Z,57,105,,1,2
2015-11-10T00:44:24Z,2015-11-10T19:38:06Z,2015-11-10T19:38:06Z,83,98,"RmFjdG9yZWQgT3ZlcmxheVJvdXRlIG91dCBvZiB0aGUgbW9kYWwgYW5kIHBlcnNpc3RlbnQgYm90
dG9tIHNoZWV0IGNsYXNzZXMsIHNpbmNlIHRoZSBib3R0b20gc2hlZXQgY2xhc3NlcyBuZWVkIHRv
IGRyaXZlIHRoZSBwZXJmb3JtYW5jZS4KCkFkZGVkIGEgYm90dG9tIHNoZWV0IHRvIHRoZSBzdG9j
a3MgZGVtbzogbG9uZy1wcmVzcyBvbiBhIHN0b2NrIHNob3dzIGEgbW9kYWwgYm90dG9tIHNoZWV0
LgoKTWFkZSBBbmltYXRlZE1vZGFsQmFycmllciBwdWJsaWMuCg==
",1,2
2015-11-10T02:59:04Z,2015-11-10T18:09:11Z,2015-11-10T18:09:11Z,4,2,,1,2
2015-11-10T16:50:57Z,2015-11-10T18:43:06Z,2015-11-10T18:43:06Z,4,4,"LSBmaXggYSB3cyBpc3N1ZSBpbiB0aGUgc2FtcGxlIGFwcAotIHVwZGF0ZSBtZXRob2RzIG5hbWVz
IGZvciB0aGUgbWluLiByZXF1aXJlZCBhbmRyb2lkIHZlcnNpb24K
",1,2
2015-11-10T16:51:25Z,2015-11-10T18:56:49Z,2015-11-10T18:56:49Z,0,4,"VGVzdCBhIGZldyBtb3JlIHBhY2thZ2VzIG9uIHRyYXZpcyAoZmx1dHRlcl9zcHJpdGVzLCB1cGRh
dGVyKS4K
",1,2
2015-11-10T17:31:30Z,2015-11-10T17:35:59Z,2015-11-10T17:35:59Z,13,136,"LSBhbmltYXRpb25fYmVuY2guZGFydC4gVGhpcyBiZW5jaG1hcmsgbWVhc3VyZXMgdGhlIGZ1bGwg
bWFpbi10aHJlYWQgcGlwZWxpbmUKICBmb3IgdGlja2luZyB0aGUgZHJhd2VyIGVudHJhbmNlIGFu
ZCBleGl0IGFuaW1hdGlvbi4KICAtIGJ1aWxkX2JlbmNoLmRhcnQuIFRoaXMgYmVuY2htYXJrIG1l
YXN1cmVzIGEgZnVsbCBhcHAgcmVidWlsZCB3aGVuIHRoZXJlJ3Mgbm8KICAgIHN0YXRlIGNoYW5n
ZS4KICAtIGxheW91dF9iZW5jaC5kYXJ0LiBUaGlzIGJlbmNobWFyayBtZWFzdXJlcyBhIGZ1bGwg
cmVsYXlvdXQuCg==
",1,2
2015-11-10T17:45:19Z,2015-11-10T17:59:02Z,2015-11-10T17:59:02Z,8,11,,2,2
2015-11-10T20:12:33Z,2015-11-10T20:24:33Z,2015-11-10T20:24:33Z,4,5,"UHJldmlvdXNseSB3ZSB3b3VsZCB3YWxrIGZyb20gZXZlcnkgbm9kZSBpbiBsYXlvdXQgdG8gdGhl
IHJvb3QgdG8gbWFyayB0aGUgcm9vdAphcyBuZWVkaW5nIHBhaW50LiBOb3cgd2UgbGVhdmUgZGly
dHkgYml0cyB0aHJvdWdob3V0IHRoZSB0cmVlIHNvIHRoYXQgd2UgY2FuCmN1dCBvZmYgdGhlIHdh
bGsgYXMgc29vbiBhcyB3ZSBmaW5kIGEgZGlydHkgbm9kZS4K
",4,3
2015-11-10T20:33:51Z,2015-11-10T20:58:59Z,2015-11-10T20:58:59Z,21,22,"UGVyIFtjb252ZXJzYXRpb24gaGVyZV0oaHR0cHM6Ly9ncm91cHMuZ29vZ2xlLmNvbS9mb3J1bS8j
IXRvcGljL2ZsdXR0ZXItZGV2L0VwWXVfSXZZbDVzKS4KCkkgZG9uJ3Qga25vdyBpZiBpdCdzIHZp
YWJsZSB0byBtYWtlIHRoaXMgYSBjb21tYW5kIGZvciB0aGUgRmx1dHRlciB0b29sIGFzIHRoZSB0
b29sIG5lZWRzIGBwdWIgZ2V0YCBiZWZvcmUgaXQgY2FuIGJlIHJ1biBjcmVhdGluZyBhIGNoaWNr
ZW4gYW5kIGVnZyBwcm9ibGVtLgo=
",5,2
2015-11-10T21:08:52Z,2015-11-10T21:19:09Z,2015-11-10T21:19:09Z,2,2,"UnVubmluZyBmb3JldmVyIGlzIHVzZWZ1bCBmb3IgcHJvZmlsaW5nIGJ1dCBtYWtlcyB0aGVzZSBz
Y3JpcHRzIGxlc3MgdXNlZnVsIGZvcgptZWFzdXJlbWVudC4gIDopCg==
",1,2
2015-11-10T21:18:48Z,2015-11-10T21:48:35Z,2015-11-10T21:48:35Z,54,51,,1,2
2015-11-10T22:06:39Z,2015-11-10T22:11:45Z,2015-11-10T22:11:45Z,20,15,,2,2
2015-11-10T22:12:47Z,2015-11-10T22:36:12Z,2015-11-10T22:36:12Z,58,18,"Q29uc3RydWN0b3IgdGVhci1vZmZzIGFyZW4ndCBzdXBwb3J0ZWQgYnkgdGhlIGFuYWx5emVyIHll
dC4K
",1,2
2015-11-11T00:49:59Z,2015-11-11T20:50:43Z,2015-11-11T20:50:43Z,0,47,,5,2
2015-11-11T16:53:58Z,2015-11-11T17:10:05Z,2015-11-11T17:10:05Z,10,76,"U2hvd0JvdHRvbVNoZWV0IG5vdyBjbGVhcnMgaXRzIHBsYWNlaG9sZGVyIGFmdGVyIHRoZSBib3R0
b20gc2hlZXQgaGFzIGJlZW4gZGlzbWlzc2VkLgoKQWRkZWQgc3VwcG9ydCBmb3IgZ2VuZXJhdGlu
ZyBmbGluZyBnZXN0dXJlcyB0byBXaWRnZXRUZXN0ZXIuCg==
",1,2
2015-11-11T17:38:01Z,2015-11-11T17:56:29Z,2015-11-11T17:56:29Z,28,34,"VGhlIGlucHV0IHdpZGdldCBzY3JvbGxzLCBzbyBpdCBzaG91bGQgZ2l2ZSBpdHMgdGV4dCBsb29z
ZSBjb25zdHJhaW50cy4gIFRoYXQKd2F5IHRoZSB0ZXh0IGVuZHMgdXAgYmVpbmcgaXRzIGludHJp
bnNpYyBzaXplIGV2ZW4gaWYgcHV0IGluIGEgY29udGV4dCB3aXRoCnRpZ2h0IGNvbnN0cmFpbnRz
LgoKRml4ZXMgIzI5OAo=
",0,2
2015-03-27T22:08:59Z,,2015-03-31T21:42:03Z,1,1,,2,2
2015-04-15T18:17:00Z,,2015-04-15T19:32:20Z,4,3,,2,2
2015-04-15T18:18:00Z,,2015-04-15T18:31:32Z,3,1,,4,2
2015-05-02T14:12:42Z,,2015-05-02T14:14:39Z,1,1,,1,1
2015-05-03T06:18:48Z,,2015-05-04T20:16:56Z,1,1,"Q2hhbmdlZCBgQ3VycmVudGx5IHRoZSBTa3kgRW5naW5lIGFzc3VtZXMgdGhlIGVudHJ5IHBvaW50
IGZvciB5b3VyIGFwcGxpY2F0aW9uIGlzIGEgbWFpbiBmdW5jdGlvbiBpcyBsb2NhdGVkIGluc2lk
ZSBhIG1haW4uc2t5IGZpbGUgYXQgdGhlIHJvb3Qgb2YgdGhlIHBhY2thZ2VgIHRvIGBDdXJyZW50
bHkgdGhlIFNreSBFbmdpbmUgYXNzdW1lcyB0aGUgZW50cnkgcG9pbnQgZm9yIHlvdXIgYXBwbGlj
YXRpb24gaXMgYSBtYWluIGZ1bmN0aW9uIHdoaWNoIGlzIGxvY2F0ZWQgaW5zaWRlIGEgbWFpbi5z
a3kgZmlsZSBhdCB0aGUgcm9vdCBvZiB0aGUgcGFja2FnZWAuCg==
",1,2
2015-05-03T17:54:37Z,,2015-05-04T20:20:39Z,1,1,"QWRkIG1pc3Npbmcgc2VtaWNvbG9uLgo=
",1,2
2015-05-04T19:35:42Z,,2015-05-04T20:19:33Z,1,1,"VGhlIG1pc3Npbmcgc2VtaWNvbG9uIHdhcyBub3RlZCBkdXJpbmcgdGhlIFNreSBkZW1vIHByZXNl
bnRlZCBieSBFcmljIFNlaWRlbCAod3d3LnlvdXR1YmUuY29tL3dhdGNoP3Y9UG5JV2wzM1lNd0Ep
Lgo=
",2,3
2015-05-06T18:51:16Z,,2015-05-06T19:46:47Z,3,3,,1,2
2015-05-06T19:10:14Z,,2015-05-06T19:46:26Z,2,2,,2,2
2015-05-07T08:12:50Z,,2015-06-13T17:37:21Z,1,1,,1,2
2015-05-10T07:43:36Z,,2015-05-12T17:23:42Z,13,11,"SSB1cGRhdGVkIGRvY3VtZW50YXRpb24gZm9yIFdpbmRvd3MgdXNlcnMuCg==
",1,2
2015-05-14T18:29:49Z,,2015-06-13T17:35:49Z,1,1,,1,2
2015-11-01T16:45:52Z,,2015-11-03T05:56:27Z,1,1,,4,4
2015-11-03T05:57:33Z,2015-11-03T06:19:31Z,2015-11-03T06:19:31Z,0,2649,,0,2
2015-11-03T07:24:16Z,2015-11-05T06:06:32Z,2015-11-05T06:06:32Z,1,1,,4,3
2015-11-05T06:06:07Z,2015-11-05T06:10:09Z,2015-11-05T06:10:09Z,0,4719,,1,16
2015-11-05T07:44:44Z,2015-11-05T07:52:23Z,2015-11-05T07:52:23Z,4,52,,2,2
2015-11-05T08:20:55Z,2015-11-05T18:48:33Z,2015-11-05T18:48:33Z,0,41,"QGRldm9uY2FyZXcgCg==
",1,3
2015-11-05T23:39:47Z,2015-11-06T17:32:16Z,2015-11-06T17:32:16Z,41,69,"4oCmdHRlciBjb21tYW5kcwo=
",1,2
2015-11-06T21:30:12Z,2015-11-07T04:28:32Z,2015-11-07T04:28:32Z,297,56,,2,2
2015-11-07T05:00:43Z,2015-11-07T05:25:12Z,2015-11-07T05:25:12Z,6,13,"QWRkIGEgZmx1dHRlci55YW1sIGZpbGUgdG8gdGhlIGluaXQgdGVtcGxhdGUuIEBhYmFydGgsIGFy
ZSB0aGVzZSBub3cgcmVxdWlyZWQgZm9yIGFwcHM/IFBvc3NpYmx5IGJlY2FtZSBhIHJlcXVpcmVt
ZW50IHcvIHRoZSBtb3ZlIHRvIG5vdCB1c2luZyBhbiBodHRwIHNlcnZlci4K
",2,2
2015-11-07T07:37:27Z,2015-11-07T07:50:40Z,2015-11-07T07:50:40Z,116,170,"VGhpcyBwYXRjaCByZXdyaXRlcyB0aGUgcHVic3BlY3MgdG8gdXNlIGxvY2FsIHBhdGhzIGFuZCBh
ZGRzIHRlc3RpbmcgdG8gVHJhdmlzLgo=
",0,1
2015-11-07T08:00:22Z,2015-11-07T08:09:03Z,2015-11-07T08:09:03Z,12,12,"UmF0aGVyIHRoYW4gdXNpbmcgdGhlIEZsdXR0ZXIgdW5pdCB0ZXN0cyB0byB0ZXN0IEZMWCwgd2Ug
Y2FuIGp1c3QgdGVzdCBGTFgKZGlyZWN0bHkuIEFsc28sIGNsZWFuIHVwIHRoZSBkZXBlbmRlbmNp
ZXMgaW4gdGhlIHB1YnNwZWMgdG8gbWF0Y2ggdGhlIGNvZGUuCg==
",0,1
2015-11-07T09:29:52Z,2015-11-07T17:53:01Z,2015-11-07T17:53:01Z,13,2,"SXNzdWUgIzE5ODggcmVzdWx0cyBmcm9tIHJ1bi1hcyBub3Qgd29ya2luZyBvbiBzb21lIHBob25l
cywKYmVjYXVzZSBvZiBBbmRyb2lkIGlzc3VlIDU4MzczLgoKVGhpcyBjaGFuZ2UgcmVtb3ZlcyB0
aGUgbmVlZCBmb3IgcnVuLWFzIGZvciBydW5uaW5nCiJmbHV0dGVyIHN0YXJ0Ii4gSXQgaXMgc3Rp
bGwgbmVlZGVkIGZvciB0cmFjaW5nLgo=
",3,2
2015-11-07T23:02:57Z,2015-11-08T05:36:13Z,2015-11-08T05:36:13Z,11,38,,3,2
2015-11-08T03:03:59Z,2015-11-08T05:59:56Z,2015-11-08T05:59:56Z,12,21,"LSBmaXggcmVnZXggYGFkYiBkZXZpY2VzIC1sYCBwYXJzaW5nIGZvciBvbGRlciBhbmRyb2lkIGRl
dmljZXMKLSBtb3ZlIHRoZSB2ZXJzaW9uIGNoZWNrIGJhY2sgdG8gYW5kcm9pZCAxNyAoNC4yLngg
b2YgSmVsbHkgQmVhbikgLSBJIGxvYWRlZCB1cCBhIGZldyBmbHV0dGVyIHNhbXBsZSBhcHBzIG9u
IGEgdjE3IGRldmljZQotIHJlLXdvcmQgdGhlIGVycm9yIG1lc3NhZ2UgZm9yIG9sZGVyIGRldmlj
ZXMsIHNvIHRoYXQgaXQgaWRlbnRpZmllcyB0aGUgZGV2aWNlIHZlcnNpb24gYXMgdGhlIGlzc3Vl
LCBpbnN0ZWFkIG9mIHRoZSBhbmRyb2lkIHNkayB2ZXJzaW9uCgpGbHV0dGVyIGRpZG4ndCBsb2Fk
IHN1Y2Nlc3NmdWxseSBvbiB0aGUgdjE1IGRldmljZSBJIGhhdmUgKElDUykuIEkgZGlkbid0IHRl
c3Qgb24gdGhlIGZpcnN0IHZlcnNpb24gb2YgSmVsbHkgQmVhbiAodjE2LCA0LjEuMCkuIFNvOgot
IHYxNTogY3Jhc2gKLSB2MTY6ID8/Ci0gdjE3OiBzdWNjZXNzCg==
",9,4
2015-11-09T05:33:53Z,2015-11-09T06:11:09Z,2015-11-09T06:11:09Z,5,204,"VGhpcyBkb2N1bWVudCBkZXNjcmliZXMgdGhlIHdvcmtmbG93IGZvciBjb250cmlidXRpbmcgY29k
ZSB0byB0aGlzIHJlcG9zaXRvcnkuCg==
",2,2
2015-11-09T08:52:36Z,2015-11-09T17:11:38Z,2015-11-09T17:11:38Z,154,220,,3,2
2015-11-09T16:37:46Z,2015-11-09T18:44:47Z,2015-11-09T18:44:47Z,42,96,"RmxpbmdpbmcgYSBwZXJzaXN0ZW50IGJvdHRvbSBzaGVldCBkb3dud2FyZHMgZGlzbWlzc2VzIGl0
LCBwZXIgdGhlIE1hdGVyaWFsIHNwZWMuCgpUaGUgc2hvd0JvdHRvbVNoZWV0KCkgZnVuY3Rpb24g
bm93IHJldHVybnMgYSBGdXR1cmUsIGxpa2Ugc2hvd01vZGFsQm90dG9tU2hlZXQoKSBkb2VzLCBz
byB0aGF0IHlvdSBjYW4gZGlzY292ZXIgd2hlbiBpdCdzIGJlZW4gZGlzbWlzc2VkIC0gd2l0aCBu
YXZpZ2F0b3IucG9wKCkgLSBhbmQgd2l0aCB3aGF0IHZhbHVlLgoKRmFjdG9yZWQgdGhlIGRyYWcg
Z2VzdHVyZSBoYW5kbGluZyBjb2RlIGludG8gX0JvdHRvbVNoZWV0RHJhZ0NvbnRyb2xsZXIKClRo
aXMgQ0wgd2FzIGh0dHBzOi8vZ2l0aHViLmNvbS9mbHV0dGVyL2VuZ2luZS9wdWxsLzE5OTcK
",1,2
2015-11-09T19:12:47Z,2015-11-09T20:13:32Z,2015-11-09T20:13:32Z,2,10,"Tm93IHdlIHN1Z2dlc3QgdXNpbmcgLXQgdG8gc3BlY2lmeSB0aGUgbWFpbiBEYXJ0IGZpbGUuCgpG
aXhlcyAjNTMK
",1,2
2015-11-09T19:26:15Z,2015-11-10T20:26:42Z,2015-11-10T20:26:42Z,14,43,,3,2
2015-11-09T20:31:15Z,2015-11-10T18:27:28Z,2015-11-10T18:27:28Z,52,64,"VGhhdCB3YXkgd2UgY2FuIGNvbnRyb2wgaWYgd2Ugd2FudCB0byB1c2UgZGV2dG9vbHMgdG8gcnVu
IG9uIExpbnV4IGFuZAphbHNvIGNsZWFubHkgc2VwYXJhdGUgb3V0IHRoZSB0d28gdXNlcy4KClI9
QGphbWVzcgo=
",2,3
2015-11-09T21:16:43Z,2015-11-10T00:40:37Z,2015-11-10T00:40:37Z,2,72,"QWRkcmVzc2VzICMxMDQgCg==
",1,2
2015-11-09T21:32:55Z,2015-11-09T21:43:40Z,2015-11-09T21:43:40Z,17,25,"UHJldmlvdXNseSwgd2UgYXNzdW1lZCB0aGUgZmlyc3QgYnVpbGQgY29uZmlndXJhdGlvbiB3b3Vs
ZCBoYXZlIG9uZS4gTm93IHdlCmtlZXAgbG9va2luZyB1bnRpbCB3ZSBmaW5kIG9uZS4gQWxzbywg
cmUtb3JkZXJlZCB0aGUgY29uZmlndXJhdGlvbnMgc28gdGhhdAp5b3UnbGwgZ2V0IHRoZSBBbmRy
b2lkIG9uZSBpZiB5b3UgaGF2ZSBib3RoLCB3aGljaCBpcyBwcm9iYWJseSB3aGF0IHlvdSB3b3Vs
ZApleHBlY3QuCgpGaXhlcyAjMTAwCg==
",1,2
2015-11-10T00:34:35Z,2015-11-11T00:07:21Z,2015-11-11T00:07:21Z,57,105,,1,2
2015-11-10T00:44:24Z,2015-11-10T19:38:06Z,2015-11-10T19:38:06Z,83,98,"RmFjdG9yZWQgT3ZlcmxheVJvdXRlIG91dCBvZiB0aGUgbW9kYWwgYW5kIHBlcnNpc3RlbnQgYm90
dG9tIHNoZWV0IGNsYXNzZXMsIHNpbmNlIHRoZSBib3R0b20gc2hlZXQgY2xhc3NlcyBuZWVkIHRv
IGRyaXZlIHRoZSBwZXJmb3JtYW5jZS4KCkFkZGVkIGEgYm90dG9tIHNoZWV0IHRvIHRoZSBzdG9j
a3MgZGVtbzogbG9uZy1wcmVzcyBvbiBhIHN0b2NrIHNob3dzIGEgbW9kYWwgYm90dG9tIHNoZWV0
LgoKTWFkZSBBbmltYXRlZE1vZGFsQmFycmllciBwdWJsaWMuCg==
",1,2
2015-11-10T02:59:04Z,2015-11-10T18:09:11Z,2015-11-10T18:09:11Z,4,2,,1,2
2015-11-10T16:50:57Z,2015-11-10T18:43:06Z,2015-11-10T18:43:06Z,4,4,"LSBmaXggYSB3cyBpc3N1ZSBpbiB0aGUgc2FtcGxlIGFwcAotIHVwZGF0ZSBtZXRob2RzIG5hbWVz
IGZvciB0aGUgbWluLiByZXF1aXJlZCBhbmRyb2lkIHZlcnNpb24K
",1,2
2015-11-10T16:51:25Z,2015-11-10T18:56:49Z,2015-11-10T18:56:49Z,0,4,"VGVzdCBhIGZldyBtb3JlIHBhY2thZ2VzIG9uIHRyYXZpcyAoZmx1dHRlcl9zcHJpdGVzLCB1cGRh
dGVyKS4K
",1,2
2015-11-10T17:31:30Z,2015-11-10T17:35:59Z,2015-11-10T17:35:59Z,13,136,"LSBhbmltYXRpb25fYmVuY2guZGFydC4gVGhpcyBiZW5jaG1hcmsgbWVhc3VyZXMgdGhlIGZ1bGwg
bWFpbi10aHJlYWQgcGlwZWxpbmUKICBmb3IgdGlja2luZyB0aGUgZHJhd2VyIGVudHJhbmNlIGFu
ZCBleGl0IGFuaW1hdGlvbi4KICAtIGJ1aWxkX2JlbmNoLmRhcnQuIFRoaXMgYmVuY2htYXJrIG1l
YXN1cmVzIGEgZnVsbCBhcHAgcmVidWlsZCB3aGVuIHRoZXJlJ3Mgbm8KICAgIHN0YXRlIGNoYW5n
ZS4KICAtIGxheW91dF9iZW5jaC5kYXJ0LiBUaGlzIGJlbmNobWFyayBtZWFzdXJlcyBhIGZ1bGwg
cmVsYXlvdXQuCg==
",1,2
2015-11-10T17:45:19Z,2015-11-10T17:59:02Z,2015-11-10T17:59:02Z,8,11,,2,2
2015-11-10T20:12:33Z,2015-11-10T20:24:33Z,2015-11-10T20:24:33Z,4,5,"UHJldmlvdXNseSB3ZSB3b3VsZCB3YWxrIGZyb20gZXZlcnkgbm9kZSBpbiBsYXlvdXQgdG8gdGhl
IHJvb3QgdG8gbWFyayB0aGUgcm9vdAphcyBuZWVkaW5nIHBhaW50LiBOb3cgd2UgbGVhdmUgZGly
dHkgYml0cyB0aHJvdWdob3V0IHRoZSB0cmVlIHNvIHRoYXQgd2UgY2FuCmN1dCBvZmYgdGhlIHdh
bGsgYXMgc29vbiBhcyB3ZSBmaW5kIGEgZGlydHkgbm9kZS4K
",4,3
2015-11-10T20:33:51Z,2015-11-10T20:58:59Z,2015-11-10T20:58:59Z,21,22,"UGVyIFtjb252ZXJzYXRpb24gaGVyZV0oaHR0cHM6Ly9ncm91cHMuZ29vZ2xlLmNvbS9mb3J1bS8j
IXRvcGljL2ZsdXR0ZXItZGV2L0VwWXVfSXZZbDVzKS4KCkkgZG9uJ3Qga25vdyBpZiBpdCdzIHZp
YWJsZSB0byBtYWtlIHRoaXMgYSBjb21tYW5kIGZvciB0aGUgRmx1dHRlciB0b29sIGFzIHRoZSB0
b29sIG5lZWRzIGBwdWIgZ2V0YCBiZWZvcmUgaXQgY2FuIGJlIHJ1biBjcmVhdGluZyBhIGNoaWNr
ZW4gYW5kIGVnZyBwcm9ibGVtLgo=
",5,2
2015-11-10T21:08:52Z,2015-11-10T21:19:09Z,2015-11-10T21:19:09Z,2,2,"UnVubmluZyBmb3JldmVyIGlzIHVzZWZ1bCBmb3IgcHJvZmlsaW5nIGJ1dCBtYWtlcyB0aGVzZSBz
Y3JpcHRzIGxlc3MgdXNlZnVsIGZvcgptZWFzdXJlbWVudC4gIDopCg==
",1,2
2015-11-10T21:18:48Z,2015-11-10T21:48:35Z,2015-11-10T21:48:35Z,54,51,,1,2
2015-11-10T22:06:39Z,2015-11-10T22:11:45Z,2015-11-10T22:11:45Z,20,15,,2,2
2015-11-10T22:12:47Z,2015-11-10T22:36:12Z,2015-11-10T22:36:12Z,58,18,"Q29uc3RydWN0b3IgdGVhci1vZmZzIGFyZW4ndCBzdXBwb3J0ZWQgYnkgdGhlIGFuYWx5emVyIHll
dC4K
",1,2
2015-11-11T00:49:59Z,2015-11-11T20:50:43Z,2015-11-11T20:50:43Z,0,47,,5,2
2015-11-11T16:53:58Z,2015-11-11T17:10:05Z,2015-11-11T17:10:05Z,10,76,"U2hvd0JvdHRvbVNoZWV0IG5vdyBjbGVhcnMgaXRzIHBsYWNlaG9sZGVyIGFmdGVyIHRoZSBib3R0
b20gc2hlZXQgaGFzIGJlZW4gZGlzbWlzc2VkLgoKQWRkZWQgc3VwcG9ydCBmb3IgZ2VuZXJhdGlu
ZyBmbGluZyBnZXN0dXJlcyB0byBXaWRnZXRUZXN0ZXIuCg==
",1,2
2015-11-11T17:38:01Z,2015-11-11T17:56:29Z,2015-11-11T17:56:29Z,28,34,"VGhlIGlucHV0IHdpZGdldCBzY3JvbGxzLCBzbyBpdCBzaG91bGQgZ2l2ZSBpdHMgdGV4dCBsb29z
ZSBjb25zdHJhaW50cy4gIFRoYXQKd2F5IHRoZSB0ZXh0IGVuZHMgdXAgYmVpbmcgaXRzIGludHJp
bnNpYyBzaXplIGV2ZW4gaWYgcHV0IGluIGEgY29udGV4dCB3aXRoCnRpZ2h0IGNvbnN0cmFpbnRz
LgoKRml4ZXMgIzI5OAo=
",0,2
2015-03-27T22:08:59Z,,2015-03-31T21:42:03Z,1,1,,2,2
2015-04-15T18:17:00Z,,2015-04-15T19:32:20Z,4,3,,2,2
2015-04-15T18:18:00Z,,2015-04-15T18:31:32Z,3,1,,4,2
2015-05-02T14:12:42Z,,2015-05-02T14:14:39Z,1,1,,1,1
2015-05-03T06:18:48Z,,2015-05-04T20:16:56Z,1,1,"Q2hhbmdlZCBgQ3VycmVudGx5IHRoZSBTa3kgRW5naW5lIGFzc3VtZXMgdGhlIGVudHJ5IHBvaW50
IGZvciB5b3VyIGFwcGxpY2F0aW9uIGlzIGEgbWFpbiBmdW5jdGlvbiBpcyBsb2NhdGVkIGluc2lk
ZSBhIG1haW4uc2t5IGZpbGUgYXQgdGhlIHJvb3Qgb2YgdGhlIHBhY2thZ2VgIHRvIGBDdXJyZW50
bHkgdGhlIFNreSBFbmdpbmUgYXNzdW1lcyB0aGUgZW50cnkgcG9pbnQgZm9yIHlvdXIgYXBwbGlj
YXRpb24gaXMgYSBtYWluIGZ1bmN0aW9uIHdoaWNoIGlzIGxvY2F0ZWQgaW5zaWRlIGEgbWFpbi5z
a3kgZmlsZSBhdCB0aGUgcm9vdCBvZiB0aGUgcGFja2FnZWAuCg==
",1,2
2015-05-03T17:54:37Z,,2015-05-04T20:20:39Z,1,1,"QWRkIG1pc3Npbmcgc2VtaWNvbG9uLgo=
",1,2
2015-05-04T19:35:42Z,,2015-05-04T20:19:33Z,1,1,"VGhlIG1pc3Npbmcgc2VtaWNvbG9uIHdhcyBub3RlZCBkdXJpbmcgdGhlIFNreSBkZW1vIHByZXNl
bnRlZCBieSBFcmljIFNlaWRlbCAod3d3LnlvdXR1YmUuY29tL3dhdGNoP3Y9UG5JV2wzM1lNd0Ep
Lgo=
",2,3
2015-05-06T18:51:16Z,,2015-05-06T19:46:47Z,3,3,,1,2
2015-05-06T19:10:14Z,,2015-05-06T19:46:26Z,2,2,,2,2
2015-05-07T08:12:50Z,,2015-06-13T17:37:21Z,1,1,,1,2
2015-05-10T07:43:36Z,,2015-05-12T17:23:42Z,13,11,"SSB1cGRhdGVkIGRvY3VtZW50YXRpb24gZm9yIFdpbmRvd3MgdXNlcnMuCg==
",1,2
2015-05-14T18:29:49Z,,2015-06-13T17:35:49Z,1,1,,1,2
2015-11-01T16:45:52Z,,2015-11-03T05:56:27Z,1,1,,4,4
2015-11-03T05:57:33Z,2015-11-03T06:19:31Z,2015-11-03T06:19:31Z,0,2649,,0,2
2015-11-03T07:24:16Z,2015-11-05T06:06:32Z,2015-11-05T06:06:32Z,1,1,,4,3
2015-11-05T06:06:07Z,2015-11-05T06:10:09Z,2015-11-05T06:10:09Z,0,4719,,1,16
2015-11-05T07:44:44Z,2015-11-05T07:52:23Z,2015-11-05T07:52:23Z,4,52,,2,2
2015-11-05T08:20:55Z,2015-11-05T18:48:33Z,2015-11-05T18:48:33Z,0,41,"QGRldm9uY2FyZXcgCg==
",1,3
2015-11-05T23:39:47Z,2015-11-06T17:32:16Z,2015-11-06T17:32:16Z,41,69,"4oCmdHRlciBjb21tYW5kcwo=
",1,2
2015-11-06T21:30:12Z,2015-11-07T04:28:32Z,2015-11-07T04:28:32Z,297,56,,2,2
2015-11-07T05:00:43Z,2015-11-07T05:25:12Z,2015-11-07T05:25:12Z,6,13,"QWRkIGEgZmx1dHRlci55YW1sIGZpbGUgdG8gdGhlIGluaXQgdGVtcGxhdGUuIEBhYmFydGgsIGFy
ZSB0aGVzZSBub3cgcmVxdWlyZWQgZm9yIGFwcHM/IFBvc3NpYmx5IGJlY2FtZSBhIHJlcXVpcmVt
ZW50IHcvIHRoZSBtb3ZlIHRvIG5vdCB1c2luZyBhbiBodHRwIHNlcnZlci4K
",2,2
2015-11-07T07:37:27Z,2015-11-07T07:50:40Z,2015-11-07T07:50:40Z,116,170,"VGhpcyBwYXRjaCByZXdyaXRlcyB0aGUgcHVic3BlY3MgdG8gdXNlIGxvY2FsIHBhdGhzIGFuZCBh
ZGRzIHRlc3RpbmcgdG8gVHJhdmlzLgo=
",0,1
2015-11-07T08:00:22Z,2015-11-07T08:09:03Z,2015-11-07T08:09:03Z,12,12,"UmF0aGVyIHRoYW4gdXNpbmcgdGhlIEZsdXR0ZXIgdW5pdCB0ZXN0cyB0byB0ZXN0IEZMWCwgd2Ug
Y2FuIGp1c3QgdGVzdCBGTFgKZGlyZWN0bHkuIEFsc28sIGNsZWFuIHVwIHRoZSBkZXBlbmRlbmNp
ZXMgaW4gdGhlIHB1YnNwZWMgdG8gbWF0Y2ggdGhlIGNvZGUuCg==
",0,1
2015-11-07T09:29:52Z,2015-11-07T17:53:01Z,2015-11-07T17:53:01Z,13,2,"SXNzdWUgIzE5ODggcmVzdWx0cyBmcm9tIHJ1bi1hcyBub3Qgd29ya2luZyBvbiBzb21lIHBob25l
cywKYmVjYXVzZSBvZiBBbmRyb2lkIGlzc3VlIDU4MzczLgoKVGhpcyBjaGFuZ2UgcmVtb3ZlcyB0
aGUgbmVlZCBmb3IgcnVuLWFzIGZvciBydW5uaW5nCiJmbHV0dGVyIHN0YXJ0Ii4gSXQgaXMgc3Rp
bGwgbmVlZGVkIGZvciB0cmFjaW5nLgo=
",3,2
2015-11-07T23:02:57Z,2015-11-08T05:36:13Z,2015-11-08T05:36:13Z,11,38,,3,2
2015-11-08T03:03:59Z,2015-11-08T05:59:56Z,2015-11-08T05:59:56Z,12,21,"LSBmaXggcmVnZXggYGFkYiBkZXZpY2VzIC1sYCBwYXJzaW5nIGZvciBvbGRlciBhbmRyb2lkIGRl
dmljZXMKLSBtb3ZlIHRoZSB2ZXJzaW9uIGNoZWNrIGJhY2sgdG8gYW5kcm9pZCAxNyAoNC4yLngg
b2YgSmVsbHkgQmVhbikgLSBJIGxvYWRlZCB1cCBhIGZldyBmbHV0dGVyIHNhbXBsZSBhcHBzIG9u
IGEgdjE3IGRldmljZQotIHJlLXdvcmQgdGhlIGVycm9yIG1lc3NhZ2UgZm9yIG9sZGVyIGRldmlj
ZXMsIHNvIHRoYXQgaXQgaWRlbnRpZmllcyB0aGUgZGV2aWNlIHZlcnNpb24gYXMgdGhlIGlzc3Vl
LCBpbnN0ZWFkIG9mIHRoZSBhbmRyb2lkIHNkayB2ZXJzaW9uCgpGbHV0dGVyIGRpZG4ndCBsb2Fk
IHN1Y2Nlc3NmdWxseSBvbiB0aGUgdjE1IGRldmljZSBJIGhhdmUgKElDUykuIEkgZGlkbid0IHRl
c3Qgb24gdGhlIGZpcnN0IHZlcnNpb24gb2YgSmVsbHkgQmVhbiAodjE2LCA0LjEuMCkuIFNvOgot
IHYxNTogY3Jhc2gKLSB2MTY6ID8/Ci0gdjE3OiBzdWNjZXNzCg==
",9,4
2015-11-09T05:33:53Z,2015-11-09T06:11:09Z,2015-11-09T06:11:09Z,5,204,"VGhpcyBkb2N1bWVudCBkZXNjcmliZXMgdGhlIHdvcmtmbG93IGZvciBjb250cmlidXRpbmcgY29k
ZSB0byB0aGlzIHJlcG9zaXRvcnkuCg==
",2,2
2015-11-09T08:52:36Z,2015-11-09T17:11:38Z,2015-11-09T17:11:38Z,154,220,,3,2
2015-11-09T16:37:46Z,2015-11-09T18:44:47Z,2015-11-09T18:44:47Z,42,96,"RmxpbmdpbmcgYSBwZXJzaXN0ZW50IGJvdHRvbSBzaGVldCBkb3dud2FyZHMgZGlzbWlzc2VzIGl0
LCBwZXIgdGhlIE1hdGVyaWFsIHNwZWMuCgpUaGUgc2hvd0JvdHRvbVNoZWV0KCkgZnVuY3Rpb24g
bm93IHJldHVybnMgYSBGdXR1cmUsIGxpa2Ugc2hvd01vZGFsQm90dG9tU2hlZXQoKSBkb2VzLCBz
byB0aGF0IHlvdSBjYW4gZGlzY292ZXIgd2hlbiBpdCdzIGJlZW4gZGlzbWlzc2VkIC0gd2l0aCBu
YXZpZ2F0b3IucG9wKCkgLSBhbmQgd2l0aCB3aGF0IHZhbHVlLgoKRmFjdG9yZWQgdGhlIGRyYWcg
Z2VzdHVyZSBoYW5kbGluZyBjb2RlIGludG8gX0JvdHRvbVNoZWV0RHJhZ0NvbnRyb2xsZXIKClRo
aXMgQ0wgd2FzIGh0dHBzOi8vZ2l0aHViLmNvbS9mbHV0dGVyL2VuZ2luZS9wdWxsLzE5OTcK
",1,2
2015-11-09T19:12:47Z,2015-11-09T20:13:32Z,2015-11-09T20:13:32Z,2,10,"Tm93IHdlIHN1Z2dlc3QgdXNpbmcgLXQgdG8gc3BlY2lmeSB0aGUgbWFpbiBEYXJ0IGZpbGUuCgpG
aXhlcyAjNTMK
",1,2
2015-11-09T19:26:15Z,2015-11-10T20:26:42Z,2015-11-10T20:26:42Z,14,43,,3,2
2015-11-09T20:31:15Z,2015-11-10T18:27:28Z,2015-11-10T18:27:28Z,52,64,"VGhhdCB3YXkgd2UgY2FuIGNvbnRyb2wgaWYgd2Ugd2FudCB0byB1c2UgZGV2dG9vbHMgdG8gcnVu
IG9uIExpbnV4IGFuZAphbHNvIGNsZWFubHkgc2VwYXJhdGUgb3V0IHRoZSB0d28gdXNlcy4KClI9
QGphbWVzcgo=
",2,3
2015-11-09T21:16:43Z,2015-11-10T00:40:37Z,2015-11-10T00:40:37Z,2,72,"QWRkcmVzc2VzICMxMDQgCg==
",1,2
2015-11-09T21:32:55Z,2015-11-09T21:43:40Z,2015-11-09T21:43:40Z,17,25,"UHJldmlvdXNseSwgd2UgYXNzdW1lZCB0aGUgZmlyc3QgYnVpbGQgY29uZmlndXJhdGlvbiB3b3Vs
ZCBoYXZlIG9uZS4gTm93IHdlCmtlZXAgbG9va2luZyB1bnRpbCB3ZSBmaW5kIG9uZS4gQWxzbywg
cmUtb3JkZXJlZCB0aGUgY29uZmlndXJhdGlvbnMgc28gdGhhdAp5b3UnbGwgZ2V0IHRoZSBBbmRy
b2lkIG9uZSBpZiB5b3UgaGF2ZSBib3RoLCB3aGljaCBpcyBwcm9iYWJseSB3aGF0IHlvdSB3b3Vs
ZApleHBlY3QuCgpGaXhlcyAjMTAwCg==
",1,2
2015-11-10T00:34:35Z,2015-11-11T00:07:21Z,2015-11-11T00:07:21Z,57,105,,1,2
2015-11-10T00:44:24Z,2015-11-10T19:38:06Z,2015-11-10T19:38:06Z,83,98,"RmFjdG9yZWQgT3ZlcmxheVJvdXRlIG91dCBvZiB0aGUgbW9kYWwgYW5kIHBlcnNpc3RlbnQgYm90
dG9tIHNoZWV0IGNsYXNzZXMsIHNpbmNlIHRoZSBib3R0b20gc2hlZXQgY2xhc3NlcyBuZWVkIHRv
IGRyaXZlIHRoZSBwZXJmb3JtYW5jZS4KCkFkZGVkIGEgYm90dG9tIHNoZWV0IHRvIHRoZSBzdG9j
a3MgZGVtbzogbG9uZy1wcmVzcyBvbiBhIHN0b2NrIHNob3dzIGEgbW9kYWwgYm90dG9tIHNoZWV0
LgoKTWFkZSBBbmltYXRlZE1vZGFsQmFycmllciBwdWJsaWMuCg==
",1,2
2015-11-10T02:59:04Z,2015-11-10T18:09:11Z,2015-11-10T18:09:11Z,4,2,,1,2
2015-11-10T16:50:57Z,2015-11-10T18:43:06Z,2015-11-10T18:43:06Z,4,4,"LSBmaXggYSB3cyBpc3N1ZSBpbiB0aGUgc2FtcGxlIGFwcAotIHVwZGF0ZSBtZXRob2RzIG5hbWVz
IGZvciB0aGUgbWluLiByZXF1aXJlZCBhbmRyb2lkIHZlcnNpb24K
",1,2
2015-11-10T16:51:25Z,2015-11-10T18:56:49Z,2015-11-10T18:56:49Z,0,4,"VGVzdCBhIGZldyBtb3JlIHBhY2thZ2VzIG9uIHRyYXZpcyAoZmx1dHRlcl9zcHJpdGVzLCB1cGRh
dGVyKS4K
",1,2
2015-11-10T17:31:30Z,2015-11-10T17:35:59Z,2015-11-10T17:35:59Z,13,136,"LSBhbmltYXRpb25fYmVuY2guZGFydC4gVGhpcyBiZW5jaG1hcmsgbWVhc3VyZXMgdGhlIGZ1bGwg
bWFpbi10aHJlYWQgcGlwZWxpbmUKICBmb3IgdGlja2luZyB0aGUgZHJhd2VyIGVudHJhbmNlIGFu
ZCBleGl0IGFuaW1hdGlvbi4KICAtIGJ1aWxkX2JlbmNoLmRhcnQuIFRoaXMgYmVuY2htYXJrIG1l
YXN1cmVzIGEgZnVsbCBhcHAgcmVidWlsZCB3aGVuIHRoZXJlJ3Mgbm8KICAgIHN0YXRlIGNoYW5n
ZS4KICAtIGxheW91dF9iZW5jaC5kYXJ0LiBUaGlzIGJlbmNobWFyayBtZWFzdXJlcyBhIGZ1bGwg
cmVsYXlvdXQuCg==
",1,2
2015-11-10T17:45:19Z,2015-11-10T17:59:02Z,2015-11-10T17:59:02Z,8,11,,2,2
2015-11-10T20:12:33Z,2015-11-10T20:24:33Z,2015-11-10T20:24:33Z,4,5,"UHJldmlvdXNseSB3ZSB3b3VsZCB3YWxrIGZyb20gZXZlcnkgbm9kZSBpbiBsYXlvdXQgdG8gdGhl
IHJvb3QgdG8gbWFyayB0aGUgcm9vdAphcyBuZWVkaW5nIHBhaW50LiBOb3cgd2UgbGVhdmUgZGly
dHkgYml0cyB0aHJvdWdob3V0IHRoZSB0cmVlIHNvIHRoYXQgd2UgY2FuCmN1dCBvZmYgdGhlIHdh
bGsgYXMgc29vbiBhcyB3ZSBmaW5kIGEgZGlydHkgbm9kZS4K
",4,3
2015-11-10T20:33:51Z,2015-11-10T20:58:59Z,2015-11-10T20:58:59Z,21,22,"UGVyIFtjb252ZXJzYXRpb24gaGVyZV0oaHR0cHM6Ly9ncm91cHMuZ29vZ2xlLmNvbS9mb3J1bS8j
IXRvcGljL2ZsdXR0ZXItZGV2L0VwWXVfSXZZbDVzKS4KCkkgZG9uJ3Qga25vdyBpZiBpdCdzIHZp
YWJsZSB0byBtYWtlIHRoaXMgYSBjb21tYW5kIGZvciB0aGUgRmx1dHRlciB0b29sIGFzIHRoZSB0
b29sIG5lZWRzIGBwdWIgZ2V0YCBiZWZvcmUgaXQgY2FuIGJlIHJ1biBjcmVhdGluZyBhIGNoaWNr
ZW4gYW5kIGVnZyBwcm9ibGVtLgo=
",5,2
2015-11-10T21:08:52Z,2015-11-10T21:19:09Z,2015-11-10T21:19:09Z,2,2,"UnVubmluZyBmb3JldmVyIGlzIHVzZWZ1bCBmb3IgcHJvZmlsaW5nIGJ1dCBtYWtlcyB0aGVzZSBz
Y3JpcHRzIGxlc3MgdXNlZnVsIGZvcgptZWFzdXJlbWVudC4gIDopCg==
",1,2
2015-11-10T21:18:48Z,2015-11-10T21:48:35Z,2015-11-10T21:48:35Z,54,51,,1,2
2015-11-10T22:06:39Z,2015-11-10T22:11:45Z,2015-11-10T22:11:45Z,20,15,,2,2
2015-11-10T22:12:47Z,2015-11-10T22:36:12Z,2015-11-10T22:36:12Z,58,18,"Q29uc3RydWN0b3IgdGVhci1vZmZzIGFyZW4ndCBzdXBwb3J0ZWQgYnkgdGhlIGFuYWx5emVyIHll
dC4K
",1,2
2015-11-11T00:49:59Z,2015-11-11T20:50:43Z,2015-11-11T20:50:43Z,0,47,,5,2
2015-11-11T16:53:58Z,2015-11-11T17:10:05Z,2015-11-11T17:10:05Z,10,76,"U2hvd0JvdHRvbVNoZWV0IG5vdyBjbGVhcnMgaXRzIHBsYWNlaG9sZGVyIGFmdGVyIHRoZSBib3R0
b20gc2hlZXQgaGFzIGJlZW4gZGlzbWlzc2VkLgoKQWRkZWQgc3VwcG9ydCBmb3IgZ2VuZXJhdGlu
ZyBmbGluZyBnZXN0dXJlcyB0byBXaWRnZXRUZXN0ZXIuCg==
",1,2
2015-11-11T17:38:01Z,2015-11-11T17:56:29Z,2015-11-11T17:56:29Z,28,34,"VGhlIGlucHV0IHdpZGdldCBzY3JvbGxzLCBzbyBpdCBzaG91bGQgZ2l2ZSBpdHMgdGV4dCBsb29z
ZSBjb25zdHJhaW50cy4gIFRoYXQKd2F5IHRoZSB0ZXh0IGVuZHMgdXAgYmVpbmcgaXRzIGludHJp
bnNpYyBzaXplIGV2ZW4gaWYgcHV0IGluIGEgY29udGV4dCB3aXRoCnRpZ2h0IGNvbnN0cmFpbnRz
LgoKRml4ZXMgIzI5OAo=
",0,2
2015-03-27T22:08:59Z,,2015-03-31T21:42:03Z,1,1,,2,2
2015-04-15T18:17:00Z,,2015-04-15T19:32:20Z,4,3,,2,2
2015-04-15T18:18:00Z,,2015-04-15T18:31:32Z,3,1,,4,2
2015-05-02T14:12:42Z,,2015-05-02T14:14:39Z,1,1,,1,1
2015-05-03T06:18:48Z,,2015-05-04T20:16:56Z,1,1,"Q2hhbmdlZCBgQ3VycmVudGx5IHRoZSBTa3kgRW5naW5lIGFzc3VtZXMgdGhlIGVudHJ5IHBvaW50
IGZvciB5b3VyIGFwcGxpY2F0aW9uIGlzIGEgbWFpbiBmdW5jdGlvbiBpcyBsb2NhdGVkIGluc2lk
ZSBhIG1haW4uc2t5IGZpbGUgYXQgdGhlIHJvb3Qgb2YgdGhlIHBhY2thZ2VgIHRvIGBDdXJyZW50
bHkgdGhlIFNreSBFbmdpbmUgYXNzdW1lcyB0aGUgZW50cnkgcG9pbnQgZm9yIHlvdXIgYXBwbGlj
YXRpb24gaXMgYSBtYWluIGZ1bmN0aW9uIHdoaWNoIGlzIGxvY2F0ZWQgaW5zaWRlIGEgbWFpbi5z
a3kgZmlsZSBhdCB0aGUgcm9vdCBvZiB0aGUgcGFja2FnZWAuCg==
",1,2
2015-05-03T17:54:37Z,,2015-05-04T20:20:39Z,1,1,"QWRkIG1pc3Npbmcgc2VtaWNvbG9uLgo=
",1,2
2015-05-04T19:35:42Z,,2015-05-04T20:19:33Z,1,1,"VGhlIG1pc3Npbmcgc2VtaWNvbG9uIHdhcyBub3RlZCBkdXJpbmcgdGhlIFNreSBkZW1vIHByZXNl
bnRlZCBieSBFcmljIFNlaWRlbCAod3d3LnlvdXR1YmUuY29tL3dhdGNoP3Y9UG5JV2wzM1lNd0Ep
Lgo=
",2,3
2015-05-06T18:51:16Z,,2015-05-06T19:46:47Z,3,3,,1,2
2015-05-06T19:10:14Z,,2015-05-06T19:46:26Z,2,2,,2,2
2015-05-07T08:12:50Z,,2015-06-13T17:37:21Z,1,1,,1,2
2015-05-10T07:43:36Z,,2015-05-12T17:23:42Z,13,11,"SSB1cGRhdGVkIGRvY3VtZW50YXRpb24gZm9yIFdpbmRvd3MgdXNlcnMuCg==
",1,2
2015-05-14T18:29:49Z,,2015-06-13T17:35:49Z,1,1,,1,2
2015-11-01T16:45:52Z,,2015-11-03T05:56:27Z,1,1,,4,4
2015-11-03T05:57:33Z,2015-11-03T06:19:31Z,2015-11-03T06:19:31Z,0,2649,,0,2
2015-11-03T07:24:16Z,2015-11-05T06:06:32Z,2015-11-05T06:06:32Z,1,1,,4,3
2015-11-05T06:06:07Z,2015-11-05T06:10:09Z,2015-11-05T06:10:09Z,0,4719,,1,16
2015-11-05T07:44:44Z,2015-11-05T07:52:23Z,2015-11-05T07:52:23Z,4,52,,2,2
2015-11-05T08:20:55Z,2015-11-05T18:48:33Z,2015-11-05T18:48:33Z,0,41,"QGRldm9uY2FyZXcgCg==
",1,3
2015-11-05T23:39:47Z,2015-11-06T17:32:16Z,2015-11-06T17:32:16Z,41,69,"4oCmdHRlciBjb21tYW5kcwo=
",1,2
2015-11-06T21:30:12Z,2015-11-07T04:28:32Z,2015-11-07T04:28:32Z,297,56,,2,2
2015-11-07T05:00:43Z,2015-11-07T05:25:12Z,2015-11-07T05:25:12Z,6,13,"QWRkIGEgZmx1dHRlci55YW1sIGZpbGUgdG8gdGhlIGluaXQgdGVtcGxhdGUuIEBhYmFydGgsIGFy
ZSB0aGVzZSBub3cgcmVxdWlyZWQgZm9yIGFwcHM/IFBvc3NpYmx5IGJlY2FtZSBhIHJlcXVpcmVt
ZW50IHcvIHRoZSBtb3ZlIHRvIG5vdCB1c2luZyBhbiBodHRwIHNlcnZlci4K
",2,2
2015-11-07T07:37:27Z,2015-11-07T07:50:40Z,2015-11-07T07:50:40Z,116,170,"VGhpcyBwYXRjaCByZXdyaXRlcyB0aGUgcHVic3BlY3MgdG8gdXNlIGxvY2FsIHBhdGhzIGFuZCBh
ZGRzIHRlc3RpbmcgdG8gVHJhdmlzLgo=
",0,1
2015-11-07T08:00:22Z,2015-11-07T08:09:03Z,2015-11-07T08:09:03Z,12,12,"UmF0aGVyIHRoYW4gdXNpbmcgdGhlIEZsdXR0ZXIgdW5pdCB0ZXN0cyB0byB0ZXN0IEZMWCwgd2Ug
Y2FuIGp1c3QgdGVzdCBGTFgKZGlyZWN0bHkuIEFsc28sIGNsZWFuIHVwIHRoZSBkZXBlbmRlbmNp
ZXMgaW4gdGhlIHB1YnNwZWMgdG8gbWF0Y2ggdGhlIGNvZGUuCg==
",0,1
2015-11-07T09:29:52Z,2015-11-07T17:53:01Z,2015-11-07T17:53:01Z,13,2,"SXNzdWUgIzE5ODggcmVzdWx0cyBmcm9tIHJ1bi1hcyBub3Qgd29ya2luZyBvbiBzb21lIHBob25l
cywKYmVjYXVzZSBvZiBBbmRyb2lkIGlzc3VlIDU4MzczLgoKVGhpcyBjaGFuZ2UgcmVtb3ZlcyB0
aGUgbmVlZCBmb3IgcnVuLWFzIGZvciBydW5uaW5nCiJmbHV0dGVyIHN0YXJ0Ii4gSXQgaXMgc3Rp
bGwgbmVlZGVkIGZvciB0cmFjaW5nLgo=
",3,2
2015-11-07T23:02:57Z,2015-11-08T05:36:13Z,2015-11-08T05:36:13Z,11,38,,3,2
2015-11-08T03:03:59Z,2015-11-08T05:59:56Z,2015-11-08T05:59:56Z,12,21,"LSBmaXggcmVnZXggYGFkYiBkZXZpY2VzIC1sYCBwYXJzaW5nIGZvciBvbGRlciBhbmRyb2lkIGRl
dmljZXMKLSBtb3ZlIHRoZSB2ZXJzaW9uIGNoZWNrIGJhY2sgdG8gYW5kcm9pZCAxNyAoNC4yLngg
b2YgSmVsbHkgQmVhbikgLSBJIGxvYWRlZCB1cCBhIGZldyBmbHV0dGVyIHNhbXBsZSBhcHBzIG9u
IGEgdjE3IGRldmljZQotIHJlLXdvcmQgdGhlIGVycm9yIG1lc3NhZ2UgZm9yIG9sZGVyIGRldmlj
ZXMsIHNvIHRoYXQgaXQgaWRlbnRpZmllcyB0aGUgZGV2aWNlIHZlcnNpb24gYXMgdGhlIGlzc3Vl
LCBpbnN0ZWFkIG9mIHRoZSBhbmRyb2lkIHNkayB2ZXJzaW9uCgpGbHV0dGVyIGRpZG4ndCBsb2Fk
IHN1Y2Nlc3NmdWxseSBvbiB0aGUgdjE1IGRldmljZSBJIGhhdmUgKElDUykuIEkgZGlkbid0IHRl
c3Qgb24gdGhlIGZpcnN0IHZlcnNpb24gb2YgSmVsbHkgQmVhbiAodjE2LCA0LjEuMCkuIFNvOgot
IHYxNTogY3Jhc2gKLSB2MTY6ID8/Ci0gdjE3OiBzdWNjZXNzCg==
",9,4
2015-11-09T05:33:53Z,2015-11-09T06:11:09Z,2015-11-09T06:11:09Z,5,204,"VGhpcyBkb2N1bWVudCBkZXNjcmliZXMgdGhlIHdvcmtmbG93IGZvciBjb250cmlidXRpbmcgY29k
ZSB0byB0aGlzIHJlcG9zaXRvcnkuCg==
",2,2
2015-11-09T08:52:36Z,2015-11-09T17:11:38Z,2015-11-09T17:11:38Z,154,220,,3,2
2015-11-09T16:37:46Z,2015-11-09T18:44:47Z,2015-11-09T18:44:47Z,42,96,"RmxpbmdpbmcgYSBwZXJzaXN0ZW50IGJvdHRvbSBzaGVldCBkb3dud2FyZHMgZGlzbWlzc2VzIGl0
LCBwZXIgdGhlIE1hdGVyaWFsIHNwZWMuCgpUaGUgc2hvd0JvdHRvbVNoZWV0KCkgZnVuY3Rpb24g
bm93IHJldHVybnMgYSBGdXR1cmUsIGxpa2Ugc2hvd01vZGFsQm90dG9tU2hlZXQoKSBkb2VzLCBz
byB0aGF0IHlvdSBjYW4gZGlzY292ZXIgd2hlbiBpdCdzIGJlZW4gZGlzbWlzc2VkIC0gd2l0aCBu
YXZpZ2F0b3IucG9wKCkgLSBhbmQgd2l0aCB3aGF0IHZhbHVlLgoKRmFjdG9yZWQgdGhlIGRyYWcg
Z2VzdHVyZSBoYW5kbGluZyBjb2RlIGludG8gX0JvdHRvbVNoZWV0RHJhZ0NvbnRyb2xsZXIKClRo
aXMgQ0wgd2FzIGh0dHBzOi8vZ2l0aHViLmNvbS9mbHV0dGVyL2VuZ2luZS9wdWxsLzE5OTcK
",1,2
2015-11-09T19:12:47Z,2015-11-09T20:13:32Z,2015-11-09T20:13:32Z,2,10,"Tm93IHdlIHN1Z2dlc3QgdXNpbmcgLXQgdG8gc3BlY2lmeSB0aGUgbWFpbiBEYXJ0IGZpbGUuCgpG
aXhlcyAjNTMK
",1,2
2015-11-09T19:26:15Z,2015-11-10T20:26:42Z,2015-11-10T20:26:42Z,14,43,,3,2
2015-11-09T20:31:15Z,2015-11-10T18:27:28Z,2015-11-10T18:27:28Z,52,64,"VGhhdCB3YXkgd2UgY2FuIGNvbnRyb2wgaWYgd2Ugd2FudCB0byB1c2UgZGV2dG9vbHMgdG8gcnVu
IG9uIExpbnV4IGFuZAphbHNvIGNsZWFubHkgc2VwYXJhdGUgb3V0IHRoZSB0d28gdXNlcy4KClI9
QGphbWVzcgo=
",2,3
2015-11-09T21:16:43Z,2015-11-10T00:40:37Z,2015-11-10T00:40:37Z,2,72,"QWRkcmVzc2VzICMxMDQgCg==
",1,2
2015-11-09T21:32:55Z,2015-11-09T21:43:40Z,2015-11-09T21:43:40Z,17,25,"UHJldmlvdXNseSwgd2UgYXNzdW1lZCB0aGUgZmlyc3QgYnVpbGQgY29uZmlndXJhdGlvbiB3b3Vs
ZCBoYXZlIG9uZS4gTm93IHdlCmtlZXAgbG9va2luZyB1bnRpbCB3ZSBmaW5kIG9uZS4gQWxzbywg
cmUtb3JkZXJlZCB0aGUgY29uZmlndXJhdGlvbnMgc28gdGhhdAp5b3UnbGwgZ2V0IHRoZSBBbmRy
b2lkIG9uZSBpZiB5b3UgaGF2ZSBib3RoLCB3aGljaCBpcyBwcm9iYWJseSB3aGF0IHlvdSB3b3Vs
ZApleHBlY3QuCgpGaXhlcyAjMTAwCg==
",1,2
2015-11-10T00:34:35Z,2015-11-11T00:07:21Z,2015-11-11T00:07:21Z,57,105,,1,2
2015-11-10T00:44:24Z,2015-11-10T19:38:06Z,2015-11-10T19:38:06Z,83,98,"RmFjdG9yZWQgT3ZlcmxheVJvdXRlIG91dCBvZiB0aGUgbW9kYWwgYW5kIHBlcnNpc3RlbnQgYm90
dG9tIHNoZWV0IGNsYXNzZXMsIHNpbmNlIHRoZSBib3R0b20gc2hlZXQgY2xhc3NlcyBuZWVkIHRv
IGRyaXZlIHRoZSBwZXJmb3JtYW5jZS4KCkFkZGVkIGEgYm90dG9tIHNoZWV0IHRvIHRoZSBzdG9j
a3MgZGVtbzogbG9uZy1wcmVzcyBvbiBhIHN0b2NrIHNob3dzIGEgbW9kYWwgYm90dG9tIHNoZWV0
LgoKTWFkZSBBbmltYXRlZE1vZGFsQmFycmllciBwdWJsaWMuCg==
",1,2
2015-11-10T02:59:04Z,2015-11-10T18:09:11Z,2015-11-10T18:09:11Z,4,2,,1,2
2015-11-10T16:50:57Z,2015-11-10T18:43:06Z,2015-11-10T18:43:06Z,4,4,"LSBmaXggYSB3cyBpc3N1ZSBpbiB0aGUgc2FtcGxlIGFwcAotIHVwZGF0ZSBtZXRob2RzIG5hbWVz
IGZvciB0aGUgbWluLiByZXF1aXJlZCBhbmRyb2lkIHZlcnNpb24K
",1,2
2015-11-10T16:51:25Z,2015-11-10T18:56:49Z,2015-11-10T18:56:49Z,0,4,"VGVzdCBhIGZldyBtb3JlIHBhY2thZ2VzIG9uIHRyYXZpcyAoZmx1dHRlcl9zcHJpdGVzLCB1cGRh
dGVyKS4K
",1,2
2015-11-10T17:31:30Z,2015-11-10T17:35:59Z,2015-11-10T17:35:59Z,13,136,"LSBhbmltYXRpb25fYmVuY2guZGFydC4gVGhpcyBiZW5jaG1hcmsgbWVhc3VyZXMgdGhlIGZ1bGwg
bWFpbi10aHJlYWQgcGlwZWxpbmUKICBmb3IgdGlja2luZyB0aGUgZHJhd2VyIGVudHJhbmNlIGFu
ZCBleGl0IGFuaW1hdGlvbi4KICAtIGJ1aWxkX2JlbmNoLmRhcnQuIFRoaXMgYmVuY2htYXJrIG1l
YXN1cmVzIGEgZnVsbCBhcHAgcmVidWlsZCB3aGVuIHRoZXJlJ3Mgbm8KICAgIHN0YXRlIGNoYW5n
ZS4KICAtIGxheW91dF9iZW5jaC5kYXJ0LiBUaGlzIGJlbmNobWFyayBtZWFzdXJlcyBhIGZ1bGwg
cmVsYXlvdXQuCg==
",1,2
2015-11-10T17:45:19Z,2015-11-10T17:59:02Z,2015-11-10T17:59:02Z,8,11,,2,2
2015-11-10T20:12:33Z,2015-11-10T20:24:33Z,2015-11-10T20:24:33Z,4,5,"UHJldmlvdXNseSB3ZSB3b3VsZCB3YWxrIGZyb20gZXZlcnkgbm9kZSBpbiBsYXlvdXQgdG8gdGhl
IHJvb3QgdG8gbWFyayB0aGUgcm9vdAphcyBuZWVkaW5nIHBhaW50LiBOb3cgd2UgbGVhdmUgZGly
dHkgYml0cyB0aHJvdWdob3V0IHRoZSB0cmVlIHNvIHRoYXQgd2UgY2FuCmN1dCBvZmYgdGhlIHdh
bGsgYXMgc29vbiBhcyB3ZSBmaW5kIGEgZGlydHkgbm9kZS4K
",4,3
2015-11-10T20:33:51Z,2015-11-10T20:58:59Z,2015-11-10T20:58:59Z,21,22,"UGVyIFtjb252ZXJzYXRpb24gaGVyZV0oaHR0cHM6Ly9ncm91cHMuZ29vZ2xlLmNvbS9mb3J1bS8j
IXRvcGljL2ZsdXR0ZXItZGV2L0VwWXVfSXZZbDVzKS4KCkkgZG9uJ3Qga25vdyBpZiBpdCdzIHZp
YWJsZSB0byBtYWtlIHRoaXMgYSBjb21tYW5kIGZvciB0aGUgRmx1dHRlciB0b29sIGFzIHRoZSB0
b29sIG5lZWRzIGBwdWIgZ2V0YCBiZWZvcmUgaXQgY2FuIGJlIHJ1biBjcmVhdGluZyBhIGNoaWNr
ZW4gYW5kIGVnZyBwcm9ibGVtLgo=
",5,2
2015-11-10T21:08:52Z,2015-11-10T21:19:09Z,2015-11-10T21:19:09Z,2,2,"UnVubmluZyBmb3JldmVyIGlzIHVzZWZ1bCBmb3IgcHJvZmlsaW5nIGJ1dCBtYWtlcyB0aGVzZSBz
Y3JpcHRzIGxlc3MgdXNlZnVsIGZvcgptZWFzdXJlbWVudC4gIDopCg==
",1,2
2015-11-10T21:18:48Z,2015-11-10T21:48:35Z,2015-11-10T21:48:35Z,54,51,,1,2
2015-11-10T22:06:39Z,2015-11-10T22:11:45Z,2015-11-10T22:11:45Z,20,15,,2,2
2015-11-10T22:12:47Z,2015-11-10T22:36:12Z,2015-11-10T22:36:12Z,58,18,"Q29uc3RydWN0b3IgdGVhci1vZmZzIGFyZW4ndCBzdXBwb3J0ZWQgYnkgdGhlIGFuYWx5emVyIHll
dC4K
",1,2
2015-11-11T00:49:59Z,2015-11-11T20:50:43Z,2015-11-11T20:50:43Z,0,47,,5,2
2015-11-11T16:53:58Z,2015-11-11T17:10:05Z,2015-11-11T17:10:05Z,10,76,"U2hvd0JvdHRvbVNoZWV0IG5vdyBjbGVhcnMgaXRzIHBsYWNlaG9sZGVyIGFmdGVyIHRoZSBib3R0
b20gc2hlZXQgaGFzIGJlZW4gZGlzbWlzc2VkLgoKQWRkZWQgc3VwcG9ydCBmb3IgZ2VuZXJhdGlu
ZyBmbGluZyBnZXN0dXJlcyB0byBXaWRnZXRUZXN0ZXIuCg==
",1,2
2015-11-11T17:38:01Z,2015-11-11T17:56:29Z,2015-11-11T17:56:29Z,28,34,"VGhlIGlucHV0IHdpZGdldCBzY3JvbGxzLCBzbyBpdCBzaG91bGQgZ2l2ZSBpdHMgdGV4dCBsb29z
ZSBjb25zdHJhaW50cy4gIFRoYXQKd2F5IHRoZSB0ZXh0IGVuZHMgdXAgYmVpbmcgaXRzIGludHJp
bnNpYyBzaXplIGV2ZW4gaWYgcHV0IGluIGEgY29udGV4dCB3aXRoCnRpZ2h0IGNvbnN0cmFpbnRz
LgoKRml4ZXMgIzI5OAo=
",0,2
2015-03-27T22:08:59Z,,2015-03-31T21:42:03Z,1,1,,2,2
2015-04-15T18:17:00Z,,2015-04-15T19:32:20Z,4,3,,2,2
2015-04-15T18:18:00Z,,2015-04-15T18:31:32Z,3,1,,4,2
2015-05-02T14:12:42Z,,2015-05-02T14:14:39Z,1,1,,1,1
2015-05-03T06:18:48Z,,2015-05-04T20:16:56Z,1,1,"Q2hhbmdlZCBgQ3VycmVudGx5IHRoZSBTa3kgRW5naW5lIGFzc3VtZXMgdGhlIGVudHJ5IHBvaW50
IGZvciB5b3VyIGFwcGxpY2F0aW9uIGlzIGEgbWFpbiBmdW5jdGlvbiBpcyBsb2NhdGVkIGluc2lk
ZSBhIG1haW4uc2t5IGZpbGUgYXQgdGhlIHJvb3Qgb2YgdGhlIHBhY2thZ2VgIHRvIGBDdXJyZW50
bHkgdGhlIFNreSBFbmdpbmUgYXNzdW1lcyB0aGUgZW50cnkgcG9pbnQgZm9yIHlvdXIgYXBwbGlj
YXRpb24gaXMgYSBtYWluIGZ1bmN0aW9uIHdoaWNoIGlzIGxvY2F0ZWQgaW5zaWRlIGEgbWFpbi5z
a3kgZmlsZSBhdCB0aGUgcm9vdCBvZiB0aGUgcGFja2FnZWAuCg==
",1,2
2015-05-03T17:54:37Z,,2015-05-04T20:20:39Z,1,1,"QWRkIG1pc3Npbmcgc2VtaWNvbG9uLgo=
",1,2
2015-05-04T19:35:42Z,,2015-05-04T20:19:33Z,1,1,"VGhlIG1pc3Npbmcgc2VtaWNvbG9uIHdhcyBub3RlZCBkdXJpbmcgdGhlIFNreSBkZW1vIHByZXNl
bnRlZCBieSBFcmljIFNlaWRlbCAod3d3LnlvdXR1YmUuY29tL3dhdGNoP3Y9UG5JV2wzM1lNd0Ep
Lgo=
",2,3
2015-05-06T18:51:16Z,,2015-05-06T19:46:47Z,3,3,,1,2
2015-05-06T19:10:14Z,,2015-05-06T19:46:26Z,2,2,,2,2
2015-05-07T08:12:50Z,,2015-06-13T17:37:21Z,1,1,,1,2
2015-05-10T07:43:36Z,,2015-05-12T17:23:42Z,13,11,"SSB1cGRhdGVkIGRvY3VtZW50YXRpb24gZm9yIFdpbmRvd3MgdXNlcnMuCg==
",1,2
2015-05-14T18:29:49Z,,2015-06-13T17:35:49Z,1,1,,1,2
2015-11-01T16:45:52Z,,2015-11-03T05:56:27Z,1,1,,4,4
2015-11-03T05:57:33Z,2015-11-03T06:19:31Z,2015-11-03T06:19:31Z,0,2649,,0,2
2015-11-03T07:24:16Z,2015-11-05T06:06:32Z,2015-11-05T06:06:32Z,1,1,,4,3
2015-11-05T06:06:07Z,2015-11-05T06:10:09Z,2015-11-05T06:10:09Z,0,4719,,1,16
2015-11-05T07:44:44Z,2015-11-05T07:52:23Z,2015-11-05T07:52:23Z,4,52,,2,2
2015-11-05T08:20:55Z,2015-11-05T18:48:33Z,2015-11-05T18:48:33Z,0,41,"QGRldm9uY2FyZXcgCg==
",1,3
2015-11-05T23:39:47Z,2015-11-06T17:32:16Z,2015-11-06T17:32:16Z,41,69,"4oCmdHRlciBjb21tYW5kcwo=
",1,2
2015-11-06T21:30:12Z,2015-11-07T04:28:32Z,2015-11-07T04:28:32Z,297,56,,2,2
2015-11-07T05:00:43Z,2015-11-07T05:25:12Z,2015-11-07T05:25:12Z,6,13,"QWRkIGEgZmx1dHRlci55YW1sIGZpbGUgdG8gdGhlIGluaXQgdGVtcGxhdGUuIEBhYmFydGgsIGFy
ZSB0aGVzZSBub3cgcmVxdWlyZWQgZm9yIGFwcHM/IFBvc3NpYmx5IGJlY2FtZSBhIHJlcXVpcmVt
ZW50IHcvIHRoZSBtb3ZlIHRvIG5vdCB1c2luZyBhbiBodHRwIHNlcnZlci4K
",2,2
2015-11-07T07:37:27Z,2015-11-07T07:50:40Z,2015-11-07T07:50:40Z,116,170,"VGhpcyBwYXRjaCByZXdyaXRlcyB0aGUgcHVic3BlY3MgdG8gdXNlIGxvY2FsIHBhdGhzIGFuZCBh
ZGRzIHRlc3RpbmcgdG8gVHJhdmlzLgo=
",0,1
2015-11-07T08:00:22Z,2015-11-07T08:09:03Z,2015-11-07T08:09:03Z,12,12,"UmF0aGVyIHRoYW4gdXNpbmcgdGhlIEZsdXR0ZXIgdW5pdCB0ZXN0cyB0byB0ZXN0IEZMWCwgd2Ug
Y2FuIGp1c3QgdGVzdCBGTFgKZGlyZWN0bHkuIEFsc28sIGNsZWFuIHVwIHRoZSBkZXBlbmRlbmNp
ZXMgaW4gdGhlIHB1YnNwZWMgdG8gbWF0Y2ggdGhlIGNvZGUuCg==
",0,1
2015-11-07T09:29:52Z,2015-11-07T17:53:01Z,2015-11-07T17:53:01Z,13,2,"SXNzdWUgIzE5ODggcmVzdWx0cyBmcm9tIHJ1bi1hcyBub3Qgd29ya2luZyBvbiBzb21lIHBob25l
cywKYmVjYXVzZSBvZiBBbmRyb2lkIGlzc3VlIDU4MzczLgoKVGhpcyBjaGFuZ2UgcmVtb3ZlcyB0
aGUgbmVlZCBmb3IgcnVuLWFzIGZvciBydW5uaW5nCiJmbHV0dGVyIHN0YXJ0Ii4gSXQgaXMgc3Rp
bGwgbmVlZGVkIGZvciB0cmFjaW5nLgo=
",3,2
2015-11-07T23:02:57Z,2015-11-08T05:36:13Z,2015-11-08T05:36:13Z,11,38,,3,2
2015-11-08T03:03:59Z,2015-11-08T05:59:56Z,2015-11-08T05:59:56Z,12,21,"LSBmaXggcmVnZXggYGFkYiBkZXZpY2VzIC1sYCBwYXJzaW5nIGZvciBvbGRlciBhbmRyb2lkIGRl
dmljZXMKLSBtb3ZlIHRoZSB2ZXJzaW9uIGNoZWNrIGJhY2sgdG8gYW5kcm9pZCAxNyAoNC4yLngg
b2YgSmVsbHkgQmVhbikgLSBJIGxvYWRlZCB1cCBhIGZldyBmbHV0dGVyIHNhbXBsZSBhcHBzIG9u
IGEgdjE3IGRldmljZQotIHJlLXdvcmQgdGhlIGVycm9yIG1lc3NhZ2UgZm9yIG9sZGVyIGRldmlj
ZXMsIHNvIHRoYXQgaXQgaWRlbnRpZmllcyB0aGUgZGV2aWNlIHZlcnNpb24gYXMgdGhlIGlzc3Vl
LCBpbnN0ZWFkIG9mIHRoZSBhbmRyb2lkIHNkayB2ZXJzaW9uCgpGbHV0dGVyIGRpZG4ndCBsb2Fk
IHN1Y2Nlc3NmdWxseSBvbiB0aGUgdjE1IGRldmljZSBJIGhhdmUgKElDUykuIEkgZGlkbid0IHRl
c3Qgb24gdGhlIGZpcnN0IHZlcnNpb24gb2YgSmVsbHkgQmVhbiAodjE2LCA0LjEuMCkuIFNvOgot
IHYxNTogY3Jhc2gKLSB2MTY6ID8/Ci0gdjE3OiBzdWNjZXNzCg==
",9,4
2015-11-09T05:33:53Z,2015-11-09T06:11:09Z,2015-11-09T06:11:09Z,5,204,"VGhpcyBkb2N1bWVudCBkZXNjcmliZXMgdGhlIHdvcmtmbG93IGZvciBjb250cmlidXRpbmcgY29k
ZSB0byB0aGlzIHJlcG9zaXRvcnkuCg==
",2,2
2015-11-09T08:52:36Z,2015-11-09T17:11:38Z,2015-11-09T17:11:38Z,154,220,,3,2
2015-11-09T16:37:46Z,2015-11-09T18:44:47Z,2015-11-09T18:44:47Z,42,96,"RmxpbmdpbmcgYSBwZXJzaXN0ZW50IGJvdHRvbSBzaGVldCBkb3dud2FyZHMgZGlzbWlzc2VzIGl0
LCBwZXIgdGhlIE1hdGVyaWFsIHNwZWMuCgpUaGUgc2hvd0JvdHRvbVNoZWV0KCkgZnVuY3Rpb24g
bm93IHJldHVybnMgYSBGdXR1cmUsIGxpa2Ugc2hvd01vZGFsQm90dG9tU2hlZXQoKSBkb2VzLCBz
byB0aGF0IHlvdSBjYW4gZGlzY292ZXIgd2hlbiBpdCdzIGJlZW4gZGlzbWlzc2VkIC0gd2l0aCBu
YXZpZ2F0b3IucG9wKCkgLSBhbmQgd2l0aCB3aGF0IHZhbHVlLgoKRmFjdG9yZWQgdGhlIGRyYWcg
Z2VzdHVyZSBoYW5kbGluZyBjb2RlIGludG8gX0JvdHRvbVNoZWV0RHJhZ0NvbnRyb2xsZXIKClRo
aXMgQ0wgd2FzIGh0dHBzOi8vZ2l0aHViLmNvbS9mbHV0dGVyL2VuZ2luZS9wdWxsLzE5OTcK
",1,2
2015-11-09T19:12:47Z,2015-11-09T20:13:32Z,2015-11-09T20:13:32Z,2,10,"Tm93IHdlIHN1Z2dlc3QgdXNpbmcgLXQgdG8gc3BlY2lmeSB0aGUgbWFpbiBEYXJ0IGZpbGUuCgpG
aXhlcyAjNTMK
",1,2
2015-11-09T19:26:15Z,2015-11-10T20:26:42Z,2015-11-10T20:26:42Z,14,43,,3,2
2015-11-09T20:31:15Z,2015-11-10T18:27:28Z,2015-11-10T18:27:28Z,52,64,"VGhhdCB3YXkgd2UgY2FuIGNvbnRyb2wgaWYgd2Ugd2FudCB0byB1c2UgZGV2dG9vbHMgdG8gcnVu
IG9uIExpbnV4IGFuZAphbHNvIGNsZWFubHkgc2VwYXJhdGUgb3V0IHRoZSB0d28gdXNlcy4KClI9
QGphbWVzcgo=
",2,3
2015-11-09T21:16:43Z,2015-11-10T00:40:37Z,2015-11-10T00:40:37Z,2,72,"QWRkcmVzc2VzICMxMDQgCg==
",1,2
2015-11-09T21:32:55Z,2015-11-09T21:43:40Z,2015-11-09T21:43:40Z,17,25,"UHJldmlvdXNseSwgd2UgYXNzdW1lZCB0aGUgZmlyc3QgYnVpbGQgY29uZmlndXJhdGlvbiB3b3Vs
ZCBoYXZlIG9uZS4gTm93IHdlCmtlZXAgbG9va2luZyB1bnRpbCB3ZSBmaW5kIG9uZS4gQWxzbywg
cmUtb3JkZXJlZCB0aGUgY29uZmlndXJhdGlvbnMgc28gdGhhdAp5b3UnbGwgZ2V0IHRoZSBBbmRy
b2lkIG9uZSBpZiB5b3UgaGF2ZSBib3RoLCB3aGljaCBpcyBwcm9iYWJseSB3aGF0IHlvdSB3b3Vs
ZApleHBlY3QuCgpGaXhlcyAjMTAwCg==
",1,2
2015-11-10T00:34:35Z,2015-11-11T00:07:21Z,2015-11-11T00:07:21Z,57,105,,1,2
2015-11-10T00:44:24Z,2015-11-10T19:38:06Z,2015-11-10T19:38:06Z,83,98,"RmFjdG9yZWQgT3ZlcmxheVJvdXRlIG91dCBvZiB0aGUgbW9kYWwgYW5kIHBlcnNpc3RlbnQgYm90
dG9tIHNoZWV0IGNsYXNzZXMsIHNpbmNlIHRoZSBib3R0b20gc2hlZXQgY2xhc3NlcyBuZWVkIHRv
IGRyaXZlIHRoZSBwZXJmb3JtYW5jZS4KCkFkZGVkIGEgYm90dG9tIHNoZWV0IHRvIHRoZSBzdG9j
a3MgZGVtbzogbG9uZy1wcmVzcyBvbiBhIHN0b2NrIHNob3dzIGEgbW9kYWwgYm90dG9tIHNoZWV0
LgoKTWFkZSBBbmltYXRlZE1vZGFsQmFycmllciBwdWJsaWMuCg==
",1,2
2015-11-10T02:59:04Z,2015-11-10T18:09:11Z,2015-11-10T18:09:11Z,4,2,,1,2
2015-11-10T16:50:57Z,2015-11-10T18:43:06Z,2015-11-10T18:43:06Z,4,4,"LSBmaXggYSB3cyBpc3N1ZSBpbiB0aGUgc2FtcGxlIGFwcAotIHVwZGF0ZSBtZXRob2RzIG5hbWVz
IGZvciB0aGUgbWluLiByZXF1aXJlZCBhbmRyb2lkIHZlcnNpb24K
",1,2
2015-11-10T16:51:25Z,2015-11-10T18:56:49Z,2015-11-10T18:56:49Z,0,4,"VGVzdCBhIGZldyBtb3JlIHBhY2thZ2VzIG9uIHRyYXZpcyAoZmx1dHRlcl9zcHJpdGVzLCB1cGRh
dGVyKS4K
",1,2
2015-11-10T17:31:30Z,2015-11-10T17:35:59Z,2015-11-10T17:35:59Z,13,136,"LSBhbmltYXRpb25fYmVuY2guZGFydC4gVGhpcyBiZW5jaG1hcmsgbWVhc3VyZXMgdGhlIGZ1bGwg
bWFpbi10aHJlYWQgcGlwZWxpbmUKICBmb3IgdGlja2luZyB0aGUgZHJhd2VyIGVudHJhbmNlIGFu
ZCBleGl0IGFuaW1hdGlvbi4KICAtIGJ1aWxkX2JlbmNoLmRhcnQuIFRoaXMgYmVuY2htYXJrIG1l
YXN1cmVzIGEgZnVsbCBhcHAgcmVidWlsZCB3aGVuIHRoZXJlJ3Mgbm8KICAgIHN0YXRlIGNoYW5n
ZS4KICAtIGxheW91dF9iZW5jaC5kYXJ0LiBUaGlzIGJlbmNobWFyayBtZWFzdXJlcyBhIGZ1bGwg
cmVsYXlvdXQuCg==
",1,2
2015-11-10T17:45:19Z,2015-11-10T17:59:02Z,2015-11-10T17:59:02Z,8,11,,2,2
2015-11-10T20:12:33Z,2015-11-10T20:24:33Z,2015-11-10T20:24:33Z,4,5,"UHJldmlvdXNseSB3ZSB3b3VsZCB3YWxrIGZyb20gZXZlcnkgbm9kZSBpbiBsYXlvdXQgdG8gdGhl
IHJvb3QgdG8gbWFyayB0aGUgcm9vdAphcyBuZWVkaW5nIHBhaW50LiBOb3cgd2UgbGVhdmUgZGly
dHkgYml0cyB0aHJvdWdob3V0IHRoZSB0cmVlIHNvIHRoYXQgd2UgY2FuCmN1dCBvZmYgdGhlIHdh
bGsgYXMgc29vbiBhcyB3ZSBmaW5kIGEgZGlydHkgbm9kZS4K
",4,3
2015-11-10T20:33:51Z,2015-11-10T20:58:59Z,2015-11-10T20:58:59Z,21,22,"UGVyIFtjb252ZXJzYXRpb24gaGVyZV0oaHR0cHM6Ly9ncm91cHMuZ29vZ2xlLmNvbS9mb3J1bS8j
IXRvcGljL2ZsdXR0ZXItZGV2L0VwWXVfSXZZbDVzKS4KCkkgZG9uJ3Qga25vdyBpZiBpdCdzIHZp
YWJsZSB0byBtYWtlIHRoaXMgYSBjb21tYW5kIGZvciB0aGUgRmx1dHRlciB0b29sIGFzIHRoZSB0
b29sIG5lZWRzIGBwdWIgZ2V0YCBiZWZvcmUgaXQgY2FuIGJlIHJ1biBjcmVhdGluZyBhIGNoaWNr
ZW4gYW5kIGVnZyBwcm9ibGVtLgo=
",5,2
2015-11-10T21:08:52Z,2015-11-10T21:19:09Z,2015-11-10T21:19:09Z,2,2,"UnVubmluZyBmb3JldmVyIGlzIHVzZWZ1bCBmb3IgcHJvZmlsaW5nIGJ1dCBtYWtlcyB0aGVzZSBz
Y3JpcHRzIGxlc3MgdXNlZnVsIGZvcgptZWFzdXJlbWVudC4gIDopCg==
",1,2
2015-11-10T21:18:48Z,2015-11-10T21:48:35Z,2015-11-10T21:48:35Z,54,51,,1,2
2015-11-10T22:06:39Z,2015-11-10T22:11:45Z,2015-11-10T22:11:45Z,20,15,,2,2
2015-11-10T22:12:47Z,2015-11-10T22:36:12Z,2015-11-10T22:36:12Z,58,18,"Q29uc3RydWN0b3IgdGVhci1vZmZzIGFyZW4ndCBzdXBwb3J0ZWQgYnkgdGhlIGFuYWx5emVyIHll
dC4K
",1,2
2015-11-11T00:49:59Z,2015-11-11T20:50:43Z,2015-11-11T20:50:43Z,0,47,,5,2
2015-11-11T16:53:58Z,2015-11-11T17:10:05Z,2015-11-11T17:10:05Z,10,76,"U2hvd0JvdHRvbVNoZWV0IG5vdyBjbGVhcnMgaXRzIHBsYWNlaG9sZGVyIGFmdGVyIHRoZSBib3R0
b20gc2hlZXQgaGFzIGJlZW4gZGlzbWlzc2VkLgoKQWRkZWQgc3VwcG9ydCBmb3IgZ2VuZXJhdGlu
ZyBmbGluZyBnZXN0dXJlcyB0byBXaWRnZXRUZXN0ZXIuCg==
",1,2
2015-11-11T17:38:01Z,2015-11-11T17:56:29Z,2015-11-11T17:56:29Z,28,34,"VGhlIGlucHV0IHdpZGdldCBzY3JvbGxzLCBzbyBpdCBzaG91bGQgZ2l2ZSBpdHMgdGV4dCBsb29z
ZSBjb25zdHJhaW50cy4gIFRoYXQKd2F5IHRoZSB0ZXh0IGVuZHMgdXAgYmVpbmcgaXRzIGludHJp
bnNpYyBzaXplIGV2ZW4gaWYgcHV0IGluIGEgY29udGV4dCB3aXRoCnRpZ2h0IGNvbnN0cmFpbnRz
LgoKRml4ZXMgIzI5OAo=
",0,2
