created_at,merged_at,closed_at,deletion_count,additions_count,body,comment_count,participants_count
2018-06-04T11:46:43Z,,2018-06-25T14:35:05Z,1,1,,3,3
2018-06-08T11:36:30Z,2018-06-23T03:46:36Z,2018-06-23T03:46:36Z,1,1,"Zml4IHR5cG8=
",0,2
2018-07-08T11:27:01Z,,2018-10-01T20:07:15Z,21,923,"IyMjIFNlcGVyYXRlIFJFQURNRSBmaWxlcyBmb3IgRW5nbGlzaA0KUkVBRE5FLUVOLm1kIGlzIGlu
dHJvZHVjZWQgZm9yIGVuZ2xpc2ggcGVvcGxlLiBFYWNoIERheSBmb2xkZXIgKi5tZCBmaWxlIGlz
IHRyYW5zbGF0ZWQgaW50byBzZXBlcmF0ZSBlbmdsaXNoIHRyYW5zbGF0aW9uIGZpbGUuDQojIyMg
U2VwZXJhdGUgVHJhbnNsYXRpb24gZm9sZGVyIGZvciBjb2RlIGZpbGVzDQpJZiB0aGVyZSBpcyBt
b3JlIGNvZGUgdGhhdCBjYW4gbm90IGJlIHRyYW5zbGF0ZWQgaW4gdGhlIHNhbWUgZmlsZSB0aGVu
IGl0IGlzIHB1dCBpbnRvIGEgc3ViZm9sZGVyIGNhbGxlZCAiZW5nbGlzaCIsIG90aGVyd2lzZSB0
aGUgY29tbWVudHMgYXJlIHRyYW5zbGF0ZWQgYWxvbmcgd2l0aCBjaGluZXNlDQoNClRoaXMgaXMg
YSB0ZW1wbGF0ZSBmb3IgaG93IG9uZSBzaG91bGQgc3VibWl0IHRyYW5zbGF0aW9ucy4gUGxlYXNl
IGNvbnNpZGVyIHRoaXMuIEkgYW0gdGVhY2hpbmcgbXkgc3R1ZGVudHMgdGhpcyBjb3Vyc2UgYW5k
IGkgYW0gdHJhbnNsYXRpbmcgYXMgaSB0ZWFjaC4=
",3,3
2018-10-16T08:24:39Z,,2018-10-16T08:24:59Z,0,0,"5L+u5pS55pu05paw
",0,1
2019-01-29T02:01:56Z,2019-05-04T02:17:51Z,2019-05-04T02:17:51Z,1,1,"5L+u5aSN5LiA6KGM6ZSZ6K+v5Luj56CB
",1,2
2019-01-29T07:31:27Z,,2019-05-04T02:19:48Z,4,3,"5L+u5aSN6YOo5YiG5Luj56CB
",1,2
2019-02-20T13:51:46Z,2019-05-04T02:15:29Z,2019-05-04T02:15:29Z,2,2,,0,2
2019-04-17T07:40:10Z,,2019-04-26T15:15:36Z,1,1,"W2ZsYWtlOF0oaHR0cDovL2ZsYWtlOC5weWNxYS5vcmcpIHRlc3Rpbmcgb2YgaHR0cHM6Ly9naXRo
dWIuY29tL2phY2tmcnVlZC9QeXRob24tMTAwLURheXMgb24gUHl0aG9uIDMuNy4xDQoNCiQgX19m
bGFrZTggLiAtLWNvdW50IC0tc2VsZWN0PUU5LEY2MyxGNzIsRjgyIC0tc2hvdy1zb3VyY2UgLS1z
dGF0aXN0aWNzX18NCmBgYA0KLi9EYXkxNi0yMC9jb2RlL2V4YW1wbGUwMS5weToxOjE6IEU5OTkg
SW5kZW50YXRpb25FcnJvcjogdW5leHBlY3RlZCBpbmRlbnQNCiAiIiINCl4NCjEgICAgIEU5OTkg
SW5kZW50YXRpb25FcnJvcjogdW5leHBlY3RlZCBpbmRlbnQNCjENCmBgYA0KX19FOTAxLEU5OTks
RjgyMSxGODIyLEY4MjNfXyBhcmUgdGhlICJfc2hvd3N0b3BwZXJfIiBbZmxha2U4XShodHRwOi8v
Zmxha2U4LnB5Y3FhLm9yZykgaXNzdWVzIHRoYXQgY2FuIGhhbHQgdGhlIHJ1bnRpbWUgd2l0aCBh
IFN5bnRheEVycm9yLCBOYW1lRXJyb3IsIGV0Yy4gVGhlc2UgNSBhcmUgZGlmZmVyZW50IGZyb20g
bW9zdCBvdGhlciBmbGFrZTggaXNzdWVzIHdoaWNoIGFyZSBtZXJlbHkgInN0eWxlIHZpb2xhdGlv
bnMiIC0tIHVzZWZ1bCBmb3IgcmVhZGFiaWxpdHkgYnV0IHRoZXkgZG8gbm90IGVmZmVjdCBydW50
aW1lIHNhZmV0eS4NCiogRjgyMTogdW5kZWZpbmVkIG5hbWUgYG5hbWVgDQoqIEY4MjI6IHVuZGVm
aW5lZCBuYW1lIGBuYW1lYCBpbiBgX19hbGxfX2ANCiogRjgyMzogbG9jYWwgdmFyaWFibGUgbmFt
ZSByZWZlcmVuY2VkIGJlZm9yZSBhc3NpZ25tZW50DQoqIEU5MDE6IFN5bnRheEVycm9yIG9yIElu
ZGVudGF0aW9uRXJyb3INCiogRTk5OTogU3ludGF4RXJyb3IgLS0gZmFpbGVkIHRvIGNvbXBpbGUg
YSBmaWxlIGludG8gYW4gQWJzdHJhY3QgU3ludGF4IFRyZWU=
",3,2
2019-04-24T11:11:20Z,,2019-05-03T13:22:00Z,3,3,,2,4
2019-05-04T14:27:59Z,,2019-05-05T02:26:24Z,1,2,"RGF5IDA444CC5pe26ZKf57uD5Lmg77yM5bqU6K+l5byV5YWl5YyFDQpmcm9tIHRpbWUgaW1wb3J0
IHNsZWVw
",0,1
2019-05-05T04:23:01Z,,2019-05-06T16:05:18Z,3,3,"MS7pg6jliIbmloflrZfpl67popgNCjIubWFya2Rvd27or63ms5Ug5Y+M5rOi5rWq57q/fn4g5Li6
5Yig6Zmk57q/77yM5L2GZ2l0aHVi5a6e6ZmF5L2/55So5Y2V5rOi5rWq57q/5Y2z5Li65Yig6Zmk
57q/5pWI5p6c
",1,2
2019-05-06T03:42:30Z,,2019-05-06T16:09:07Z,3,3,"Zm9yIHRoZSBiZWdpbm5lciwgIGNoYW5nZSB0aGUgbWV0aG9kIG9mIHRoZSBjbGFzcyBDbG9jayAg
J19fc3RyX18nICBpbnRvICdzaG93JyAgYXMgdGhlIGV4YW1wbGUgY29kZSBkb2VzLg==
",1,2
2019-05-07T07:22:58Z,2019-05-18T15:36:57Z,2019-05-18T15:36:57Z,4,9,,0,2
2019-05-07T11:52:52Z,2019-05-08T09:22:51Z,2019-05-08T09:22:51Z,1,1,"56ys5LiA6aKY5pyJ5Lit5paH6K+t55eF77yf
",1,2
2019-05-07T14:52:04Z,,2019-05-18T15:36:05Z,2,2,"5oiR5oSf6KeJ4oCcXG7igJ3mlL7lnKjlgJLmlbDnrKzkuozooYzmr5TovoPlkIjnkIbjgII=
",0,2
2019-05-07T15:33:41Z,,2019-05-07T15:36:35Z,2,3,"5L+u5q2j5LqG5paH5qGj5Lit55qE5Lik5Liq5qCH6aKY77yM5Zyo5pyr5bC+5Yqg5LiK5LqGIGBy
ZXNgIOaWh+S7tuWkueS4reeahOWbvueJhw==
",0,1
2019-05-07T15:40:28Z,2019-05-08T09:21:46Z,2019-05-08T09:21:46Z,0,7,"5aKe5Yqg5LqGYW5hY29uZGHnmoTku4vnu40NCmFuYWNvbmRh5LiN5LuF5pyJ5Yqp5LqO5L6/5o23
55qE5LiA6ZSu5byP5a6J6KOF77yM6ICM5LiU5o+Q5L6b5LqG5YWF6Laz55qE5pWw5o2u56eR5a2m
55u45YWz5YyFIO+8jOWHj+WwkeS9v+eUqOmavuW6pg==
",0,2
2019-05-09T03:56:14Z,,2019-05-09T08:20:56Z,0,0,"IyBCdWcgRml4IExpc3Qg8J+Qmw0KMS4gKirkv67lpI3mlofmoaPkuK0gYOivtOaYjmDlrZfmrrXn
moTplJnor68sIOW5tue7n+S4gOS6huWFtuagvOW8jyoqDQoyLiAqKuS/ruato+S6humDqOWIhuih
qOagvOeahOagvOW8j+WPiua4suafk+mUmeivryoqDQozLiAqKuS/ruWkjeS6hkxhVGV45pWw5a2m
5YWs5byP55qE6ZSZ6K+vLCDmm7TmlLnkuLrlm77niYfmmL7npLoqKg0KNC4gKirkv67lpI3kuoZK
U09O5Luj56CB5Z2X55qE5riy5p+T6ZSZ6K+vKioNCg0K
",1,2
2019-05-09T10:01:47Z,,2019-05-18T15:37:25Z,0,1,,0,2
2019-05-09T10:03:59Z,2019-05-18T15:35:04Z,2019-05-18T15:35:04Z,52,52,"fuWImuWImuaJi+i0seeJiOacrOWbnua7mlBS6Ieq5YqoY2xvc2XkuoYuLi4g6YeN5pawUFLkuIDm
rKF+DQoNCiMgQnVnIEZpeCBMaXN0IPCfkJsNCjEuICoq5L+u5aSN5paH5qGj5LitIGDor7TmmI5g
5a2X5q6155qE6ZSZ6K+vLCDlubbnu5/kuIDkuoblhbbmoLzlvI8qKg0KICAgICAtIOS/ruWkjeS6
huaWh+aho+S4rSBgKiror7TmmI46Kipg5rKh5pyJ6KKr5q2j56Gu5riy5p+T5Li6ICoq6K+05piO
OioqIOeahOmUmeivrw0KICAgICAtIOaWh+aho+mHjOacieS4pOenjeS5puWGmeagvOW8jyxgICoq
6K+05piOKio6IGAg5ZKMIGAqKuivtOaYjjoqKmDmraTmrKHkv67lpI3ph4fnlKjnmoTmmK/lkI7k
uIDnp40s5LiN55+l6YGT5oKo5YW35L2T5piv5L2/55So5ZOq5LiA56eNLOaIluaYr+a3t+eUqCwg
5Liq5Lq66K6k5Li65pyA5aW96L+Y5piv5YGa5Yiw5qC85byP57uf5LiADQoyLiAqKuS/ruato+S6
humDqOWIhuihqOagvOeahOagvOW8j+WPiua4suafk+mUmeivryoqDQogICAgLSDkv67lpI3kuoZE
QVkyIOi/kOeul+espuihqOagvOS4reW8guaIluespuWPt+S7peWPiuWkjeWQiOi/kOeul+espuS4
pOagj+eahOa4suafk+mUmeivrw0KICAgIC0g6LCD5pW05LqGREFZMTIg5q2j5YiZ6KGo6L6+5byP
6KGo5qC855qE5qC85byPLOaYvuekuuabtOS4uuW3peaVtA0KMy4gKirkv67lpI3kuobmlbDlrabl
hazlvI/nmoTplJnor68sIOabtOaUueS4uuWbvueJh+aYvuekuioqDQogICAgLSDogIPomZHliLDl
m73lhoXnlKjmiLfnmoTnibnmrormgKcs5q2k5aSE5rKh5pyJ6YeH55So5a6J6KOF5o+S5Lu2LOWk
lumTvuWbvueJh+i/meS4pOenjeino+WGs+aWueW8jw0KNC4gKirkv67lpI3kuoZKU09O5Luj56CB
5Z2X55qE5riy5p+T6ZSZ6K+vKioNCiAgICAtIOS/ruWkjeS6hkpTT07lrZfmrrXooqvmuLLmn5Pm
iJDnuqLoibLlrZflnZfnmoTplJnor68NCg0KIyMgRmluYWxseSwgdGh4IGZvciB5b3VyIHNoYXJp
bmchISE6dGFkYTo6dGFkYTo6dGFkYTo=
",5,5
2019-05-10T03:25:55Z,,2019-05-18T15:35:22Z,3,31,"5L+u5q2j5LqG5paH5qGj5YaF57uD5LmgMuS4jeiDveS/neivgeavj+asoeeUn+aIkOeahOmqjOiv
geeggeeUseWtl+avjeWSjOaVsOWtl+WFseWQjOe7hOaIkOeahGJ1Zw0K6aqM6K+B55Sf5oiQ55qE
6aqM6K+B56CB5piv5ZCm5Li65pWw5a2X5LiO5a2X5q+N57uE5ZCI77yM5aaC5L2V5piv5bCx6L+U
5Zue6aqM6K+B56CB44CC5aaC5p6c5LiN5piv77yM6YeN5paw55Sf5oiQ44CC
",0,2
2019-05-10T07:43:24Z,,2019-05-18T15:32:07Z,1,1,"RGF5MTYtMjAvUHl0aG9u6K+t6KiA6L+b6Zi2Lm1k
",1,2
2019-05-12T05:51:38Z,,2019-05-18T15:30:28Z,3,3,"57yp6L+b5re35Lmx77yIdGFi5LiO56m65qC877yJ
",0,2
2019-05-12T06:19:43Z,,2019-05-18T15:29:27Z,2,4,,0,2
2019-05-12T07:26:46Z,,2019-05-18T15:29:08Z,2,2,"6JC95LqG5Y2K5Liq5ous5Y+3
",0,2
2019-05-12T07:41:51Z,,2019-05-18T15:28:59Z,1,2,"57uD5LmgMeacquWvvOWFpXRpbWXlupM=
",0,2
2019-05-14T09:01:40Z,2019-05-18T15:27:03Z,2019-05-18T15:27:03Z,0,9,"8J+RiyDkvaDlpb3vvIwNCuaIkeeahOS4reaWh+S4jeWlve+8jOWvueS4jei1t+OAgvCfmY8NCg0K
5oiR5Li6UHl0aG9uLTEwMC1EYXlz6YWN572u5LqGR2l0cG9k44CCDQpHaXRwb2TmlK/mjIHlhY3o
tLnmiZPnoIHlnKjnur/vvIzov5nlr7nliJ3lrabogIXmnInlpb3lpITjgIINCuivt+ivleS4gOiv
le+8mg0KDQpbIVtPcGVuIGluIEdpdHBvZF0oaHR0cHM6Ly9naXRwb2QuaW8vYnV0dG9uL29wZW4t
aW4tZ2l0cG9kLnN2ZyldKGh0dHBzOi8vZ2l0cG9kLmlvLyNodHRwczovL2dpdGh1Yi5jb20vamFu
a2Vyb21uZXMvUHl0aG9uLTEwMC1EYXlzKQ0KPGltZyB3aWR0aD0iMTU1MiIgYWx0PSJTY3JlZW5z
aG90IDIwMTktMDUtMTQgYXQgMTAgNDUgMTUiIHNyYz0iaHR0cHM6Ly91c2VyLWltYWdlcy5naXRo
dWJ1c2VyY29udGVudC5jb20vNTk5MjY4LzU3Njg0MDk0LTY3NGRiMTgwLTc2MzUtMTFlOS04YWU0
LTNkOWRlZGZmNDViNC5wbmciPg0K
",0,2
2019-05-14T13:32:18Z,2019-05-18T15:23:31Z,2019-05-18T15:23:31Z,0,0,"5qCH5YeG5bqT6YeM5pyJ5LiA5Liq5ZCN5Li6IHN0cmluZyDnmoTvvIzlnKjlvojlpJrljIXph4zv
vIjmr5TlpoIgcGlwIC0+IGxvZ2dpbmcg77yJ55So5LqG5a6D44CCDQrpibTkuo7vvIzov5nkuKrm
mK/pkojlr7nmlrDmiYvnmoTvvIzlj6/og73lnKjov5nkuKrmlofku7blpLnkuIvnlKggcGlwIOWu
ieijheWMhe+8jOWvvOiHtOWPkeeUnyBgSW1wb3J0RXJyb3JgDQoNCmBgYA0KZnJvbSBzdHJpbmcg
aW1wb3J0IFRlbXBsYXRlDQpJbXBvcnRFcnJvcjogY2Fubm90IGltcG9ydCBuYW1lICdUZW1wbGF0
ZScgZnJvbSAnc3RyaW5nJyAoL1VzZXIveHh4L1B5dGhvbi0xMDAtRGF5cy9EYXkwMS0xNS9EYXkw
Mi9jb2RlL3N0cmluZy5weSkNCmBgYA0KDQrlm6DmraTmlLnlkI3kuLogc3RyaW5ncy5weSDku6Xo
p4Tpgb/mraTplJnor6/jgII=
",1,2
2019-05-15T03:20:48Z,,2019-05-18T15:21:20Z,2,2,"5L+u5pS557uD5LmgMeS7o+eggemUmeivr++8muS4reaWh+WNoOeUqDPkvY3lrZfnrKY=
",0,2
2019-05-15T07:31:34Z,,2019-05-18T15:22:29Z,2,2,"5L+u5pS55Luj56CB5qC85byP6ZSZ6K+v
",1,2
2019-05-15T07:55:25Z,,2019-05-18T15:22:07Z,2,2,"bW9uZXktPWRlYnQgIG5vdCAgbW9uZXkrPWRlYnQ=
",0,2
2019-05-15T22:45:01Z,,2019-05-18T15:19:28Z,2,2,"5bCR5LqG5LiA5LiqJykn
",1,2
2019-05-16T02:15:30Z,,2019-05-18T15:19:03Z,1,1,,2,3
2019-05-16T02:17:41Z,,2019-05-18T15:18:27Z,1,2,"c2xlZXAoKSDlh73mlbAg5qih5Z2X5a+85YWl
",0,2
2019-05-16T02:48:13Z,,2019-05-18T15:17:57Z,2,1,,1,2
2019-05-16T16:20:42Z,2019-05-18T15:14:48Z,2019-05-18T15:14:48Z,2,2,"Z3JvdXAgYnkg5aSa5p2hIOWJjemdouimgeWKoGFueQ==
",1,2
2019-05-17T07:11:49Z,,2019-05-18T15:09:46Z,2,2,"5Ye95pWw5ZCN56ew5L+u5q2j
",2,3
2019-05-17T09:39:35Z,,2019-05-18T15:08:19Z,0,1,,0,2
2019-05-17T12:38:04Z,2019-05-18T15:06:51Z,2019-05-18T15:06:51Z,1,1,"56ysNDfooYznvLrlsJEgJykn
",1,2
2019-05-18T03:09:23Z,,2019-05-18T15:05:55Z,2,4,,0,2
2019-05-19T00:48:14Z,,2019-05-19T00:48:46Z,2,310,,0,1
2019-05-20T06:26:30Z,,2019-05-20T14:38:06Z,2,2,"Rml4ZWQgYnVnOiBtaXNzaW5nIHNwYWNlcw==
",1,2
2019-05-20T08:10:09Z,,2019-05-20T08:14:57Z,1,1,"5L+u5pS5bG9jYWx0aW1lKCk=
",0,1
2019-05-20T10:43:13Z,2019-05-20T14:37:22Z,2019-05-20T14:37:22Z,1,1,"5L+u5pS5IERheTAyIOivvueoi+S4reeahOeslOivr++8jOWBmuWmguS4i+S/ruaUue+8mg0KDQpg
YGANCuiuoeeul+acuuiDveWkhOeQhueahOaVsOaNruacieW+iOWkmuS4reexu+Weiw0KDQrmlLnk
uLrvvJoNCg0K6K6h566X5py66IO95aSE55CG55qE5pWw5o2u5pyJ5b6I5aSa56eN57G75Z6LDQpg
YGA=
",1,2
2019-05-22T07:05:30Z,,2019-08-16T08:51:40Z,4,3,,1,1
2019-06-01T14:02:16Z,,2023-04-15T12:25:25Z,3,2,,0,1
2019-06-02T08:07:33Z,,2019-06-12T23:58:54Z,1,1,"UmVtb3ZlIGFuZCBpZ25vcmUgYC5EU19TdG9yZWAgZ2VuZXJhdGVkIGZyb20gT1MgWC4NCg==
",0,1
2019-06-07T08:04:21Z,,2022-05-09T14:46:05Z,1,1,"5L+u5aSN56m65qC85pWw6ZSZ6K+v
",0,1
2019-06-14T07:10:35Z,,2023-01-23T01:56:13Z,0,0,"MjAxOTA2MTTku47ljp/kvZzogIXlpITmm7TmlrA=
",2,2
2019-06-20T01:25:23Z,,2019-06-25T06:58:56Z,1,1,"YHBpcDMgaW50YWxsIGp1cHl0ZXJgIC0+IGBwaXAzIGluc3RhbGwgLi4uLmA=
",0,1
2018-06-04T11:46:43Z,,2018-06-25T14:35:05Z,1,1,,3,3
2018-06-08T11:36:30Z,2018-06-23T03:46:36Z,2018-06-23T03:46:36Z,1,1,"Zml4IHR5cG8=
",0,2
2018-07-08T11:27:01Z,,2018-10-01T20:07:15Z,21,923,"IyMjIFNlcGVyYXRlIFJFQURNRSBmaWxlcyBmb3IgRW5nbGlzaA0KUkVBRE5FLUVOLm1kIGlzIGlu
dHJvZHVjZWQgZm9yIGVuZ2xpc2ggcGVvcGxlLiBFYWNoIERheSBmb2xkZXIgKi5tZCBmaWxlIGlz
IHRyYW5zbGF0ZWQgaW50byBzZXBlcmF0ZSBlbmdsaXNoIHRyYW5zbGF0aW9uIGZpbGUuDQojIyMg
U2VwZXJhdGUgVHJhbnNsYXRpb24gZm9sZGVyIGZvciBjb2RlIGZpbGVzDQpJZiB0aGVyZSBpcyBt
b3JlIGNvZGUgdGhhdCBjYW4gbm90IGJlIHRyYW5zbGF0ZWQgaW4gdGhlIHNhbWUgZmlsZSB0aGVu
IGl0IGlzIHB1dCBpbnRvIGEgc3ViZm9sZGVyIGNhbGxlZCAiZW5nbGlzaCIsIG90aGVyd2lzZSB0
aGUgY29tbWVudHMgYXJlIHRyYW5zbGF0ZWQgYWxvbmcgd2l0aCBjaGluZXNlDQoNClRoaXMgaXMg
YSB0ZW1wbGF0ZSBmb3IgaG93IG9uZSBzaG91bGQgc3VibWl0IHRyYW5zbGF0aW9ucy4gUGxlYXNl
IGNvbnNpZGVyIHRoaXMuIEkgYW0gdGVhY2hpbmcgbXkgc3R1ZGVudHMgdGhpcyBjb3Vyc2UgYW5k
IGkgYW0gdHJhbnNsYXRpbmcgYXMgaSB0ZWFjaC4=
",3,3
2018-10-16T08:24:39Z,,2018-10-16T08:24:59Z,0,0,"5L+u5pS55pu05paw
",0,1
2019-01-29T02:01:56Z,2019-05-04T02:17:51Z,2019-05-04T02:17:51Z,1,1,"5L+u5aSN5LiA6KGM6ZSZ6K+v5Luj56CB
",1,2
2019-01-29T07:31:27Z,,2019-05-04T02:19:48Z,4,3,"5L+u5aSN6YOo5YiG5Luj56CB
",1,2
2019-02-20T13:51:46Z,2019-05-04T02:15:29Z,2019-05-04T02:15:29Z,2,2,,0,2
2019-04-17T07:40:10Z,,2019-04-26T15:15:36Z,1,1,"W2ZsYWtlOF0oaHR0cDovL2ZsYWtlOC5weWNxYS5vcmcpIHRlc3Rpbmcgb2YgaHR0cHM6Ly9naXRo
dWIuY29tL2phY2tmcnVlZC9QeXRob24tMTAwLURheXMgb24gUHl0aG9uIDMuNy4xDQoNCiQgX19m
bGFrZTggLiAtLWNvdW50IC0tc2VsZWN0PUU5LEY2MyxGNzIsRjgyIC0tc2hvdy1zb3VyY2UgLS1z
dGF0aXN0aWNzX18NCmBgYA0KLi9EYXkxNi0yMC9jb2RlL2V4YW1wbGUwMS5weToxOjE6IEU5OTkg
SW5kZW50YXRpb25FcnJvcjogdW5leHBlY3RlZCBpbmRlbnQNCiAiIiINCl4NCjEgICAgIEU5OTkg
SW5kZW50YXRpb25FcnJvcjogdW5leHBlY3RlZCBpbmRlbnQNCjENCmBgYA0KX19FOTAxLEU5OTks
RjgyMSxGODIyLEY4MjNfXyBhcmUgdGhlICJfc2hvd3N0b3BwZXJfIiBbZmxha2U4XShodHRwOi8v
Zmxha2U4LnB5Y3FhLm9yZykgaXNzdWVzIHRoYXQgY2FuIGhhbHQgdGhlIHJ1bnRpbWUgd2l0aCBh
IFN5bnRheEVycm9yLCBOYW1lRXJyb3IsIGV0Yy4gVGhlc2UgNSBhcmUgZGlmZmVyZW50IGZyb20g
bW9zdCBvdGhlciBmbGFrZTggaXNzdWVzIHdoaWNoIGFyZSBtZXJlbHkgInN0eWxlIHZpb2xhdGlv
bnMiIC0tIHVzZWZ1bCBmb3IgcmVhZGFiaWxpdHkgYnV0IHRoZXkgZG8gbm90IGVmZmVjdCBydW50
aW1lIHNhZmV0eS4NCiogRjgyMTogdW5kZWZpbmVkIG5hbWUgYG5hbWVgDQoqIEY4MjI6IHVuZGVm
aW5lZCBuYW1lIGBuYW1lYCBpbiBgX19hbGxfX2ANCiogRjgyMzogbG9jYWwgdmFyaWFibGUgbmFt
ZSByZWZlcmVuY2VkIGJlZm9yZSBhc3NpZ25tZW50DQoqIEU5MDE6IFN5bnRheEVycm9yIG9yIElu
ZGVudGF0aW9uRXJyb3INCiogRTk5OTogU3ludGF4RXJyb3IgLS0gZmFpbGVkIHRvIGNvbXBpbGUg
YSBmaWxlIGludG8gYW4gQWJzdHJhY3QgU3ludGF4IFRyZWU=
",3,2
2019-04-24T11:11:20Z,,2019-05-03T13:22:00Z,3,3,,2,4
2019-05-04T14:27:59Z,,2019-05-05T02:26:24Z,1,2,"RGF5IDA444CC5pe26ZKf57uD5Lmg77yM5bqU6K+l5byV5YWl5YyFDQpmcm9tIHRpbWUgaW1wb3J0
IHNsZWVw
",0,1
2019-05-05T04:23:01Z,,2019-05-06T16:05:18Z,3,3,"MS7pg6jliIbmloflrZfpl67popgNCjIubWFya2Rvd27or63ms5Ug5Y+M5rOi5rWq57q/fn4g5Li6
5Yig6Zmk57q/77yM5L2GZ2l0aHVi5a6e6ZmF5L2/55So5Y2V5rOi5rWq57q/5Y2z5Li65Yig6Zmk
57q/5pWI5p6c
",1,2
2019-05-06T03:42:30Z,,2019-05-06T16:09:07Z,3,3,"Zm9yIHRoZSBiZWdpbm5lciwgIGNoYW5nZSB0aGUgbWV0aG9kIG9mIHRoZSBjbGFzcyBDbG9jayAg
J19fc3RyX18nICBpbnRvICdzaG93JyAgYXMgdGhlIGV4YW1wbGUgY29kZSBkb2VzLg==
",1,2
2019-05-07T07:22:58Z,2019-05-18T15:36:57Z,2019-05-18T15:36:57Z,4,9,,0,2
2019-05-07T11:52:52Z,2019-05-08T09:22:51Z,2019-05-08T09:22:51Z,1,1,"56ys5LiA6aKY5pyJ5Lit5paH6K+t55eF77yf
",1,2
2019-05-07T14:52:04Z,,2019-05-18T15:36:05Z,2,2,"5oiR5oSf6KeJ4oCcXG7igJ3mlL7lnKjlgJLmlbDnrKzkuozooYzmr5TovoPlkIjnkIbjgII=
",0,2
2019-05-07T15:33:41Z,,2019-05-07T15:36:35Z,2,3,"5L+u5q2j5LqG5paH5qGj5Lit55qE5Lik5Liq5qCH6aKY77yM5Zyo5pyr5bC+5Yqg5LiK5LqGIGBy
ZXNgIOaWh+S7tuWkueS4reeahOWbvueJhw==
",0,1
2019-05-07T15:40:28Z,2019-05-08T09:21:46Z,2019-05-08T09:21:46Z,0,7,"5aKe5Yqg5LqGYW5hY29uZGHnmoTku4vnu40NCmFuYWNvbmRh5LiN5LuF5pyJ5Yqp5LqO5L6/5o23
55qE5LiA6ZSu5byP5a6J6KOF77yM6ICM5LiU5o+Q5L6b5LqG5YWF6Laz55qE5pWw5o2u56eR5a2m
55u45YWz5YyFIO+8jOWHj+WwkeS9v+eUqOmavuW6pg==
",0,2
2019-05-09T03:56:14Z,,2019-05-09T08:20:56Z,0,0,"IyBCdWcgRml4IExpc3Qg8J+Qmw0KMS4gKirkv67lpI3mlofmoaPkuK0gYOivtOaYjmDlrZfmrrXn
moTplJnor68sIOW5tue7n+S4gOS6huWFtuagvOW8jyoqDQoyLiAqKuS/ruato+S6humDqOWIhuih
qOagvOeahOagvOW8j+WPiua4suafk+mUmeivryoqDQozLiAqKuS/ruWkjeS6hkxhVGV45pWw5a2m
5YWs5byP55qE6ZSZ6K+vLCDmm7TmlLnkuLrlm77niYfmmL7npLoqKg0KNC4gKirkv67lpI3kuoZK
U09O5Luj56CB5Z2X55qE5riy5p+T6ZSZ6K+vKioNCg0K
",1,2
2019-05-09T10:01:47Z,,2019-05-18T15:37:25Z,0,1,,0,2
2019-05-09T10:03:59Z,2019-05-18T15:35:04Z,2019-05-18T15:35:04Z,52,52,"fuWImuWImuaJi+i0seeJiOacrOWbnua7mlBS6Ieq5YqoY2xvc2XkuoYuLi4g6YeN5pawUFLkuIDm
rKF+DQoNCiMgQnVnIEZpeCBMaXN0IPCfkJsNCjEuICoq5L+u5aSN5paH5qGj5LitIGDor7TmmI5g
5a2X5q6155qE6ZSZ6K+vLCDlubbnu5/kuIDkuoblhbbmoLzlvI8qKg0KICAgICAtIOS/ruWkjeS6
huaWh+aho+S4rSBgKiror7TmmI46Kipg5rKh5pyJ6KKr5q2j56Gu5riy5p+T5Li6ICoq6K+05piO
OioqIOeahOmUmeivrw0KICAgICAtIOaWh+aho+mHjOacieS4pOenjeS5puWGmeagvOW8jyxgICoq
6K+05piOKio6IGAg5ZKMIGAqKuivtOaYjjoqKmDmraTmrKHkv67lpI3ph4fnlKjnmoTmmK/lkI7k
uIDnp40s5LiN55+l6YGT5oKo5YW35L2T5piv5L2/55So5ZOq5LiA56eNLOaIluaYr+a3t+eUqCwg
5Liq5Lq66K6k5Li65pyA5aW96L+Y5piv5YGa5Yiw5qC85byP57uf5LiADQoyLiAqKuS/ruato+S6
humDqOWIhuihqOagvOeahOagvOW8j+WPiua4suafk+mUmeivryoqDQogICAgLSDkv67lpI3kuoZE
QVkyIOi/kOeul+espuihqOagvOS4reW8guaIluespuWPt+S7peWPiuWkjeWQiOi/kOeul+espuS4
pOagj+eahOa4suafk+mUmeivrw0KICAgIC0g6LCD5pW05LqGREFZMTIg5q2j5YiZ6KGo6L6+5byP
6KGo5qC855qE5qC85byPLOaYvuekuuabtOS4uuW3peaVtA0KMy4gKirkv67lpI3kuobmlbDlrabl
hazlvI/nmoTplJnor68sIOabtOaUueS4uuWbvueJh+aYvuekuioqDQogICAgLSDogIPomZHliLDl
m73lhoXnlKjmiLfnmoTnibnmrormgKcs5q2k5aSE5rKh5pyJ6YeH55So5a6J6KOF5o+S5Lu2LOWk
lumTvuWbvueJh+i/meS4pOenjeino+WGs+aWueW8jw0KNC4gKirkv67lpI3kuoZKU09O5Luj56CB
5Z2X55qE5riy5p+T6ZSZ6K+vKioNCiAgICAtIOS/ruWkjeS6hkpTT07lrZfmrrXooqvmuLLmn5Pm
iJDnuqLoibLlrZflnZfnmoTplJnor68NCg0KIyMgRmluYWxseSwgdGh4IGZvciB5b3VyIHNoYXJp
bmchISE6dGFkYTo6dGFkYTo6dGFkYTo=
",5,5
2019-05-10T03:25:55Z,,2019-05-18T15:35:22Z,3,31,"5L+u5q2j5LqG5paH5qGj5YaF57uD5LmgMuS4jeiDveS/neivgeavj+asoeeUn+aIkOeahOmqjOiv
geeggeeUseWtl+avjeWSjOaVsOWtl+WFseWQjOe7hOaIkOeahGJ1Zw0K6aqM6K+B55Sf5oiQ55qE
6aqM6K+B56CB5piv5ZCm5Li65pWw5a2X5LiO5a2X5q+N57uE5ZCI77yM5aaC5L2V5piv5bCx6L+U
5Zue6aqM6K+B56CB44CC5aaC5p6c5LiN5piv77yM6YeN5paw55Sf5oiQ44CC
",0,2
2019-05-10T07:43:24Z,,2019-05-18T15:32:07Z,1,1,"RGF5MTYtMjAvUHl0aG9u6K+t6KiA6L+b6Zi2Lm1k
",1,2
2019-05-12T05:51:38Z,,2019-05-18T15:30:28Z,3,3,"57yp6L+b5re35Lmx77yIdGFi5LiO56m65qC877yJ
",0,2
2019-05-12T06:19:43Z,,2019-05-18T15:29:27Z,2,4,,0,2
2019-05-12T07:26:46Z,,2019-05-18T15:29:08Z,2,2,"6JC95LqG5Y2K5Liq5ous5Y+3
",0,2
2019-05-12T07:41:51Z,,2019-05-18T15:28:59Z,1,2,"57uD5LmgMeacquWvvOWFpXRpbWXlupM=
",0,2
2019-05-14T09:01:40Z,2019-05-18T15:27:03Z,2019-05-18T15:27:03Z,0,9,"8J+RiyDkvaDlpb3vvIwNCuaIkeeahOS4reaWh+S4jeWlve+8jOWvueS4jei1t+OAgvCfmY8NCg0K
5oiR5Li6UHl0aG9uLTEwMC1EYXlz6YWN572u5LqGR2l0cG9k44CCDQpHaXRwb2TmlK/mjIHlhY3o
tLnmiZPnoIHlnKjnur/vvIzov5nlr7nliJ3lrabogIXmnInlpb3lpITjgIINCuivt+ivleS4gOiv
le+8mg0KDQpbIVtPcGVuIGluIEdpdHBvZF0oaHR0cHM6Ly9naXRwb2QuaW8vYnV0dG9uL29wZW4t
aW4tZ2l0cG9kLnN2ZyldKGh0dHBzOi8vZ2l0cG9kLmlvLyNodHRwczovL2dpdGh1Yi5jb20vamFu
a2Vyb21uZXMvUHl0aG9uLTEwMC1EYXlzKQ0KPGltZyB3aWR0aD0iMTU1MiIgYWx0PSJTY3JlZW5z
aG90IDIwMTktMDUtMTQgYXQgMTAgNDUgMTUiIHNyYz0iaHR0cHM6Ly91c2VyLWltYWdlcy5naXRo
dWJ1c2VyY29udGVudC5jb20vNTk5MjY4LzU3Njg0MDk0LTY3NGRiMTgwLTc2MzUtMTFlOS04YWU0
LTNkOWRlZGZmNDViNC5wbmciPg0K
",0,2
2019-05-14T13:32:18Z,2019-05-18T15:23:31Z,2019-05-18T15:23:31Z,0,0,"5qCH5YeG5bqT6YeM5pyJ5LiA5Liq5ZCN5Li6IHN0cmluZyDnmoTvvIzlnKjlvojlpJrljIXph4zv
vIjmr5TlpoIgcGlwIC0+IGxvZ2dpbmcg77yJ55So5LqG5a6D44CCDQrpibTkuo7vvIzov5nkuKrm
mK/pkojlr7nmlrDmiYvnmoTvvIzlj6/og73lnKjov5nkuKrmlofku7blpLnkuIvnlKggcGlwIOWu
ieijheWMhe+8jOWvvOiHtOWPkeeUnyBgSW1wb3J0RXJyb3JgDQoNCmBgYA0KZnJvbSBzdHJpbmcg
aW1wb3J0IFRlbXBsYXRlDQpJbXBvcnRFcnJvcjogY2Fubm90IGltcG9ydCBuYW1lICdUZW1wbGF0
ZScgZnJvbSAnc3RyaW5nJyAoL1VzZXIveHh4L1B5dGhvbi0xMDAtRGF5cy9EYXkwMS0xNS9EYXkw
Mi9jb2RlL3N0cmluZy5weSkNCmBgYA0KDQrlm6DmraTmlLnlkI3kuLogc3RyaW5ncy5weSDku6Xo
p4Tpgb/mraTplJnor6/jgII=
",1,2
2019-05-15T03:20:48Z,,2019-05-18T15:21:20Z,2,2,"5L+u5pS557uD5LmgMeS7o+eggemUmeivr++8muS4reaWh+WNoOeUqDPkvY3lrZfnrKY=
",0,2
2019-05-15T07:31:34Z,,2019-05-18T15:22:29Z,2,2,"5L+u5pS55Luj56CB5qC85byP6ZSZ6K+v
",1,2
2019-05-15T07:55:25Z,,2019-05-18T15:22:07Z,2,2,"bW9uZXktPWRlYnQgIG5vdCAgbW9uZXkrPWRlYnQ=
",0,2
2019-05-15T22:45:01Z,,2019-05-18T15:19:28Z,2,2,"5bCR5LqG5LiA5LiqJykn
",1,2
2019-05-16T02:15:30Z,,2019-05-18T15:19:03Z,1,1,,2,3
2019-05-16T02:17:41Z,,2019-05-18T15:18:27Z,1,2,"c2xlZXAoKSDlh73mlbAg5qih5Z2X5a+85YWl
",0,2
2019-05-16T02:48:13Z,,2019-05-18T15:17:57Z,2,1,,1,2
2019-05-16T16:20:42Z,2019-05-18T15:14:48Z,2019-05-18T15:14:48Z,2,2,"Z3JvdXAgYnkg5aSa5p2hIOWJjemdouimgeWKoGFueQ==
",1,2
2019-05-17T07:11:49Z,,2019-05-18T15:09:46Z,2,2,"5Ye95pWw5ZCN56ew5L+u5q2j
",2,3
2019-05-17T09:39:35Z,,2019-05-18T15:08:19Z,0,1,,0,2
2019-05-17T12:38:04Z,2019-05-18T15:06:51Z,2019-05-18T15:06:51Z,1,1,"56ysNDfooYznvLrlsJEgJykn
",1,2
2019-05-18T03:09:23Z,,2019-05-18T15:05:55Z,2,4,,0,2
2019-05-19T00:48:14Z,,2019-05-19T00:48:46Z,2,310,,0,1
2019-05-20T06:26:30Z,,2019-05-20T14:38:06Z,2,2,"Rml4ZWQgYnVnOiBtaXNzaW5nIHNwYWNlcw==
",1,2
2019-05-20T08:10:09Z,,2019-05-20T08:14:57Z,1,1,"5L+u5pS5bG9jYWx0aW1lKCk=
",0,1
2019-05-20T10:43:13Z,2019-05-20T14:37:22Z,2019-05-20T14:37:22Z,1,1,"5L+u5pS5IERheTAyIOivvueoi+S4reeahOeslOivr++8jOWBmuWmguS4i+S/ruaUue+8mg0KDQpg
YGANCuiuoeeul+acuuiDveWkhOeQhueahOaVsOaNruacieW+iOWkmuS4reexu+Weiw0KDQrmlLnk
uLrvvJoNCg0K6K6h566X5py66IO95aSE55CG55qE5pWw5o2u5pyJ5b6I5aSa56eN57G75Z6LDQpg
YGA=
",1,2
2019-05-22T07:05:30Z,,2019-08-16T08:51:40Z,4,3,,1,1
2019-06-01T14:02:16Z,,2023-04-15T12:25:25Z,3,2,,0,1
2019-06-02T08:07:33Z,,2019-06-12T23:58:54Z,1,1,"UmVtb3ZlIGFuZCBpZ25vcmUgYC5EU19TdG9yZWAgZ2VuZXJhdGVkIGZyb20gT1MgWC4NCg==
",0,1
2019-06-07T08:04:21Z,,2022-05-09T14:46:05Z,1,1,"5L+u5aSN56m65qC85pWw6ZSZ6K+v
",0,1
2019-06-14T07:10:35Z,,2023-01-23T01:56:13Z,0,0,"MjAxOTA2MTTku47ljp/kvZzogIXlpITmm7TmlrA=
",2,2
2019-06-20T01:25:23Z,,2019-06-25T06:58:56Z,1,1,"YHBpcDMgaW50YWxsIGp1cHl0ZXJgIC0+IGBwaXAzIGluc3RhbGwgLi4uLmA=
",0,1
2018-06-04T11:46:43Z,,2018-06-25T14:35:05Z,1,1,,3,3
2018-06-08T11:36:30Z,2018-06-23T03:46:36Z,2018-06-23T03:46:36Z,1,1,"Zml4IHR5cG8=
",0,2
2018-07-08T11:27:01Z,,2018-10-01T20:07:15Z,21,923,"IyMjIFNlcGVyYXRlIFJFQURNRSBmaWxlcyBmb3IgRW5nbGlzaA0KUkVBRE5FLUVOLm1kIGlzIGlu
dHJvZHVjZWQgZm9yIGVuZ2xpc2ggcGVvcGxlLiBFYWNoIERheSBmb2xkZXIgKi5tZCBmaWxlIGlz
IHRyYW5zbGF0ZWQgaW50byBzZXBlcmF0ZSBlbmdsaXNoIHRyYW5zbGF0aW9uIGZpbGUuDQojIyMg
U2VwZXJhdGUgVHJhbnNsYXRpb24gZm9sZGVyIGZvciBjb2RlIGZpbGVzDQpJZiB0aGVyZSBpcyBt
b3JlIGNvZGUgdGhhdCBjYW4gbm90IGJlIHRyYW5zbGF0ZWQgaW4gdGhlIHNhbWUgZmlsZSB0aGVu
IGl0IGlzIHB1dCBpbnRvIGEgc3ViZm9sZGVyIGNhbGxlZCAiZW5nbGlzaCIsIG90aGVyd2lzZSB0
aGUgY29tbWVudHMgYXJlIHRyYW5zbGF0ZWQgYWxvbmcgd2l0aCBjaGluZXNlDQoNClRoaXMgaXMg
YSB0ZW1wbGF0ZSBmb3IgaG93IG9uZSBzaG91bGQgc3VibWl0IHRyYW5zbGF0aW9ucy4gUGxlYXNl
IGNvbnNpZGVyIHRoaXMuIEkgYW0gdGVhY2hpbmcgbXkgc3R1ZGVudHMgdGhpcyBjb3Vyc2UgYW5k
IGkgYW0gdHJhbnNsYXRpbmcgYXMgaSB0ZWFjaC4=
",3,3
2018-10-16T08:24:39Z,,2018-10-16T08:24:59Z,0,0,"5L+u5pS55pu05paw
",0,1
2019-01-29T02:01:56Z,2019-05-04T02:17:51Z,2019-05-04T02:17:51Z,1,1,"5L+u5aSN5LiA6KGM6ZSZ6K+v5Luj56CB
",1,2
2019-01-29T07:31:27Z,,2019-05-04T02:19:48Z,4,3,"5L+u5aSN6YOo5YiG5Luj56CB
",1,2
2019-02-20T13:51:46Z,2019-05-04T02:15:29Z,2019-05-04T02:15:29Z,2,2,,0,2
2019-04-17T07:40:10Z,,2019-04-26T15:15:36Z,1,1,"W2ZsYWtlOF0oaHR0cDovL2ZsYWtlOC5weWNxYS5vcmcpIHRlc3Rpbmcgb2YgaHR0cHM6Ly9naXRo
dWIuY29tL2phY2tmcnVlZC9QeXRob24tMTAwLURheXMgb24gUHl0aG9uIDMuNy4xDQoNCiQgX19m
bGFrZTggLiAtLWNvdW50IC0tc2VsZWN0PUU5LEY2MyxGNzIsRjgyIC0tc2hvdy1zb3VyY2UgLS1z
dGF0aXN0aWNzX18NCmBgYA0KLi9EYXkxNi0yMC9jb2RlL2V4YW1wbGUwMS5weToxOjE6IEU5OTkg
SW5kZW50YXRpb25FcnJvcjogdW5leHBlY3RlZCBpbmRlbnQNCiAiIiINCl4NCjEgICAgIEU5OTkg
SW5kZW50YXRpb25FcnJvcjogdW5leHBlY3RlZCBpbmRlbnQNCjENCmBgYA0KX19FOTAxLEU5OTks
RjgyMSxGODIyLEY4MjNfXyBhcmUgdGhlICJfc2hvd3N0b3BwZXJfIiBbZmxha2U4XShodHRwOi8v
Zmxha2U4LnB5Y3FhLm9yZykgaXNzdWVzIHRoYXQgY2FuIGhhbHQgdGhlIHJ1bnRpbWUgd2l0aCBh
IFN5bnRheEVycm9yLCBOYW1lRXJyb3IsIGV0Yy4gVGhlc2UgNSBhcmUgZGlmZmVyZW50IGZyb20g
bW9zdCBvdGhlciBmbGFrZTggaXNzdWVzIHdoaWNoIGFyZSBtZXJlbHkgInN0eWxlIHZpb2xhdGlv
bnMiIC0tIHVzZWZ1bCBmb3IgcmVhZGFiaWxpdHkgYnV0IHRoZXkgZG8gbm90IGVmZmVjdCBydW50
aW1lIHNhZmV0eS4NCiogRjgyMTogdW5kZWZpbmVkIG5hbWUgYG5hbWVgDQoqIEY4MjI6IHVuZGVm
aW5lZCBuYW1lIGBuYW1lYCBpbiBgX19hbGxfX2ANCiogRjgyMzogbG9jYWwgdmFyaWFibGUgbmFt
ZSByZWZlcmVuY2VkIGJlZm9yZSBhc3NpZ25tZW50DQoqIEU5MDE6IFN5bnRheEVycm9yIG9yIElu
ZGVudGF0aW9uRXJyb3INCiogRTk5OTogU3ludGF4RXJyb3IgLS0gZmFpbGVkIHRvIGNvbXBpbGUg
YSBmaWxlIGludG8gYW4gQWJzdHJhY3QgU3ludGF4IFRyZWU=
",3,2
2019-04-24T11:11:20Z,,2019-05-03T13:22:00Z,3,3,,2,4
2019-05-04T14:27:59Z,,2019-05-05T02:26:24Z,1,2,"RGF5IDA444CC5pe26ZKf57uD5Lmg77yM5bqU6K+l5byV5YWl5YyFDQpmcm9tIHRpbWUgaW1wb3J0
IHNsZWVw
",0,1
2019-05-05T04:23:01Z,,2019-05-06T16:05:18Z,3,3,"MS7pg6jliIbmloflrZfpl67popgNCjIubWFya2Rvd27or63ms5Ug5Y+M5rOi5rWq57q/fn4g5Li6
5Yig6Zmk57q/77yM5L2GZ2l0aHVi5a6e6ZmF5L2/55So5Y2V5rOi5rWq57q/5Y2z5Li65Yig6Zmk
57q/5pWI5p6c
",1,2
2019-05-06T03:42:30Z,,2019-05-06T16:09:07Z,3,3,"Zm9yIHRoZSBiZWdpbm5lciwgIGNoYW5nZSB0aGUgbWV0aG9kIG9mIHRoZSBjbGFzcyBDbG9jayAg
J19fc3RyX18nICBpbnRvICdzaG93JyAgYXMgdGhlIGV4YW1wbGUgY29kZSBkb2VzLg==
",1,2
2019-05-07T07:22:58Z,2019-05-18T15:36:57Z,2019-05-18T15:36:57Z,4,9,,0,2
2019-05-07T11:52:52Z,2019-05-08T09:22:51Z,2019-05-08T09:22:51Z,1,1,"56ys5LiA6aKY5pyJ5Lit5paH6K+t55eF77yf
",1,2
2019-05-07T14:52:04Z,,2019-05-18T15:36:05Z,2,2,"5oiR5oSf6KeJ4oCcXG7igJ3mlL7lnKjlgJLmlbDnrKzkuozooYzmr5TovoPlkIjnkIbjgII=
",0,2
2019-05-07T15:33:41Z,,2019-05-07T15:36:35Z,2,3,"5L+u5q2j5LqG5paH5qGj5Lit55qE5Lik5Liq5qCH6aKY77yM5Zyo5pyr5bC+5Yqg5LiK5LqGIGBy
ZXNgIOaWh+S7tuWkueS4reeahOWbvueJhw==
",0,1
2019-05-07T15:40:28Z,2019-05-08T09:21:46Z,2019-05-08T09:21:46Z,0,7,"5aKe5Yqg5LqGYW5hY29uZGHnmoTku4vnu40NCmFuYWNvbmRh5LiN5LuF5pyJ5Yqp5LqO5L6/5o23
55qE5LiA6ZSu5byP5a6J6KOF77yM6ICM5LiU5o+Q5L6b5LqG5YWF6Laz55qE5pWw5o2u56eR5a2m
55u45YWz5YyFIO+8jOWHj+WwkeS9v+eUqOmavuW6pg==
",0,2
2019-05-09T03:56:14Z,,2019-05-09T08:20:56Z,0,0,"IyBCdWcgRml4IExpc3Qg8J+Qmw0KMS4gKirkv67lpI3mlofmoaPkuK0gYOivtOaYjmDlrZfmrrXn
moTplJnor68sIOW5tue7n+S4gOS6huWFtuagvOW8jyoqDQoyLiAqKuS/ruato+S6humDqOWIhuih
qOagvOeahOagvOW8j+WPiua4suafk+mUmeivryoqDQozLiAqKuS/ruWkjeS6hkxhVGV45pWw5a2m
5YWs5byP55qE6ZSZ6K+vLCDmm7TmlLnkuLrlm77niYfmmL7npLoqKg0KNC4gKirkv67lpI3kuoZK
U09O5Luj56CB5Z2X55qE5riy5p+T6ZSZ6K+vKioNCg0K
",1,2
2019-05-09T10:01:47Z,,2019-05-18T15:37:25Z,0,1,,0,2
2019-05-09T10:03:59Z,2019-05-18T15:35:04Z,2019-05-18T15:35:04Z,52,52,"fuWImuWImuaJi+i0seeJiOacrOWbnua7mlBS6Ieq5YqoY2xvc2XkuoYuLi4g6YeN5pawUFLkuIDm
rKF+DQoNCiMgQnVnIEZpeCBMaXN0IPCfkJsNCjEuICoq5L+u5aSN5paH5qGj5LitIGDor7TmmI5g
5a2X5q6155qE6ZSZ6K+vLCDlubbnu5/kuIDkuoblhbbmoLzlvI8qKg0KICAgICAtIOS/ruWkjeS6
huaWh+aho+S4rSBgKiror7TmmI46Kipg5rKh5pyJ6KKr5q2j56Gu5riy5p+T5Li6ICoq6K+05piO
OioqIOeahOmUmeivrw0KICAgICAtIOaWh+aho+mHjOacieS4pOenjeS5puWGmeagvOW8jyxgICoq
6K+05piOKio6IGAg5ZKMIGAqKuivtOaYjjoqKmDmraTmrKHkv67lpI3ph4fnlKjnmoTmmK/lkI7k
uIDnp40s5LiN55+l6YGT5oKo5YW35L2T5piv5L2/55So5ZOq5LiA56eNLOaIluaYr+a3t+eUqCwg
5Liq5Lq66K6k5Li65pyA5aW96L+Y5piv5YGa5Yiw5qC85byP57uf5LiADQoyLiAqKuS/ruato+S6
humDqOWIhuihqOagvOeahOagvOW8j+WPiua4suafk+mUmeivryoqDQogICAgLSDkv67lpI3kuoZE
QVkyIOi/kOeul+espuihqOagvOS4reW8guaIluespuWPt+S7peWPiuWkjeWQiOi/kOeul+espuS4
pOagj+eahOa4suafk+mUmeivrw0KICAgIC0g6LCD5pW05LqGREFZMTIg5q2j5YiZ6KGo6L6+5byP
6KGo5qC855qE5qC85byPLOaYvuekuuabtOS4uuW3peaVtA0KMy4gKirkv67lpI3kuobmlbDlrabl
hazlvI/nmoTplJnor68sIOabtOaUueS4uuWbvueJh+aYvuekuioqDQogICAgLSDogIPomZHliLDl
m73lhoXnlKjmiLfnmoTnibnmrormgKcs5q2k5aSE5rKh5pyJ6YeH55So5a6J6KOF5o+S5Lu2LOWk
lumTvuWbvueJh+i/meS4pOenjeino+WGs+aWueW8jw0KNC4gKirkv67lpI3kuoZKU09O5Luj56CB
5Z2X55qE5riy5p+T6ZSZ6K+vKioNCiAgICAtIOS/ruWkjeS6hkpTT07lrZfmrrXooqvmuLLmn5Pm
iJDnuqLoibLlrZflnZfnmoTplJnor68NCg0KIyMgRmluYWxseSwgdGh4IGZvciB5b3VyIHNoYXJp
bmchISE6dGFkYTo6dGFkYTo6dGFkYTo=
",5,5
2019-05-10T03:25:55Z,,2019-05-18T15:35:22Z,3,31,"5L+u5q2j5LqG5paH5qGj5YaF57uD5LmgMuS4jeiDveS/neivgeavj+asoeeUn+aIkOeahOmqjOiv
geeggeeUseWtl+avjeWSjOaVsOWtl+WFseWQjOe7hOaIkOeahGJ1Zw0K6aqM6K+B55Sf5oiQ55qE
6aqM6K+B56CB5piv5ZCm5Li65pWw5a2X5LiO5a2X5q+N57uE5ZCI77yM5aaC5L2V5piv5bCx6L+U
5Zue6aqM6K+B56CB44CC5aaC5p6c5LiN5piv77yM6YeN5paw55Sf5oiQ44CC
",0,2
2019-05-10T07:43:24Z,,2019-05-18T15:32:07Z,1,1,"RGF5MTYtMjAvUHl0aG9u6K+t6KiA6L+b6Zi2Lm1k
",1,2
2019-05-12T05:51:38Z,,2019-05-18T15:30:28Z,3,3,"57yp6L+b5re35Lmx77yIdGFi5LiO56m65qC877yJ
",0,2
2019-05-12T06:19:43Z,,2019-05-18T15:29:27Z,2,4,,0,2
2019-05-12T07:26:46Z,,2019-05-18T15:29:08Z,2,2,"6JC95LqG5Y2K5Liq5ous5Y+3
",0,2
2019-05-12T07:41:51Z,,2019-05-18T15:28:59Z,1,2,"57uD5LmgMeacquWvvOWFpXRpbWXlupM=
",0,2
2019-05-14T09:01:40Z,2019-05-18T15:27:03Z,2019-05-18T15:27:03Z,0,9,"8J+RiyDkvaDlpb3vvIwNCuaIkeeahOS4reaWh+S4jeWlve+8jOWvueS4jei1t+OAgvCfmY8NCg0K
5oiR5Li6UHl0aG9uLTEwMC1EYXlz6YWN572u5LqGR2l0cG9k44CCDQpHaXRwb2TmlK/mjIHlhY3o
tLnmiZPnoIHlnKjnur/vvIzov5nlr7nliJ3lrabogIXmnInlpb3lpITjgIINCuivt+ivleS4gOiv
le+8mg0KDQpbIVtPcGVuIGluIEdpdHBvZF0oaHR0cHM6Ly9naXRwb2QuaW8vYnV0dG9uL29wZW4t
aW4tZ2l0cG9kLnN2ZyldKGh0dHBzOi8vZ2l0cG9kLmlvLyNodHRwczovL2dpdGh1Yi5jb20vamFu
a2Vyb21uZXMvUHl0aG9uLTEwMC1EYXlzKQ0KPGltZyB3aWR0aD0iMTU1MiIgYWx0PSJTY3JlZW5z
aG90IDIwMTktMDUtMTQgYXQgMTAgNDUgMTUiIHNyYz0iaHR0cHM6Ly91c2VyLWltYWdlcy5naXRo
dWJ1c2VyY29udGVudC5jb20vNTk5MjY4LzU3Njg0MDk0LTY3NGRiMTgwLTc2MzUtMTFlOS04YWU0
LTNkOWRlZGZmNDViNC5wbmciPg0K
",0,2
2019-05-14T13:32:18Z,2019-05-18T15:23:31Z,2019-05-18T15:23:31Z,0,0,"5qCH5YeG5bqT6YeM5pyJ5LiA5Liq5ZCN5Li6IHN0cmluZyDnmoTvvIzlnKjlvojlpJrljIXph4zv
vIjmr5TlpoIgcGlwIC0+IGxvZ2dpbmcg77yJ55So5LqG5a6D44CCDQrpibTkuo7vvIzov5nkuKrm
mK/pkojlr7nmlrDmiYvnmoTvvIzlj6/og73lnKjov5nkuKrmlofku7blpLnkuIvnlKggcGlwIOWu
ieijheWMhe+8jOWvvOiHtOWPkeeUnyBgSW1wb3J0RXJyb3JgDQoNCmBgYA0KZnJvbSBzdHJpbmcg
aW1wb3J0IFRlbXBsYXRlDQpJbXBvcnRFcnJvcjogY2Fubm90IGltcG9ydCBuYW1lICdUZW1wbGF0
ZScgZnJvbSAnc3RyaW5nJyAoL1VzZXIveHh4L1B5dGhvbi0xMDAtRGF5cy9EYXkwMS0xNS9EYXkw
Mi9jb2RlL3N0cmluZy5weSkNCmBgYA0KDQrlm6DmraTmlLnlkI3kuLogc3RyaW5ncy5weSDku6Xo
p4Tpgb/mraTplJnor6/jgII=
",1,2
2019-05-15T03:20:48Z,,2019-05-18T15:21:20Z,2,2,"5L+u5pS557uD5LmgMeS7o+eggemUmeivr++8muS4reaWh+WNoOeUqDPkvY3lrZfnrKY=
",0,2
2019-05-15T07:31:34Z,,2019-05-18T15:22:29Z,2,2,"5L+u5pS55Luj56CB5qC85byP6ZSZ6K+v
",1,2
2019-05-15T07:55:25Z,,2019-05-18T15:22:07Z,2,2,"bW9uZXktPWRlYnQgIG5vdCAgbW9uZXkrPWRlYnQ=
",0,2
2019-05-15T22:45:01Z,,2019-05-18T15:19:28Z,2,2,"5bCR5LqG5LiA5LiqJykn
",1,2
2019-05-16T02:15:30Z,,2019-05-18T15:19:03Z,1,1,,2,3
2019-05-16T02:17:41Z,,2019-05-18T15:18:27Z,1,2,"c2xlZXAoKSDlh73mlbAg5qih5Z2X5a+85YWl
",0,2
2019-05-16T02:48:13Z,,2019-05-18T15:17:57Z,2,1,,1,2
2019-05-16T16:20:42Z,2019-05-18T15:14:48Z,2019-05-18T15:14:48Z,2,2,"Z3JvdXAgYnkg5aSa5p2hIOWJjemdouimgeWKoGFueQ==
",1,2
2019-05-17T07:11:49Z,,2019-05-18T15:09:46Z,2,2,"5Ye95pWw5ZCN56ew5L+u5q2j
",2,3
2019-05-17T09:39:35Z,,2019-05-18T15:08:19Z,0,1,,0,2
2019-05-17T12:38:04Z,2019-05-18T15:06:51Z,2019-05-18T15:06:51Z,1,1,"56ysNDfooYznvLrlsJEgJykn
",1,2
2019-05-18T03:09:23Z,,2019-05-18T15:05:55Z,2,4,,0,2
2019-05-19T00:48:14Z,,2019-05-19T00:48:46Z,2,310,,0,1
2019-05-20T06:26:30Z,,2019-05-20T14:38:06Z,2,2,"Rml4ZWQgYnVnOiBtaXNzaW5nIHNwYWNlcw==
",1,2
2019-05-20T08:10:09Z,,2019-05-20T08:14:57Z,1,1,"5L+u5pS5bG9jYWx0aW1lKCk=
",0,1
2019-05-20T10:43:13Z,2019-05-20T14:37:22Z,2019-05-20T14:37:22Z,1,1,"5L+u5pS5IERheTAyIOivvueoi+S4reeahOeslOivr++8jOWBmuWmguS4i+S/ruaUue+8mg0KDQpg
YGANCuiuoeeul+acuuiDveWkhOeQhueahOaVsOaNruacieW+iOWkmuS4reexu+Weiw0KDQrmlLnk
uLrvvJoNCg0K6K6h566X5py66IO95aSE55CG55qE5pWw5o2u5pyJ5b6I5aSa56eN57G75Z6LDQpg
YGA=
",1,2
2019-05-22T07:05:30Z,,2019-08-16T08:51:40Z,4,3,,1,1
2019-06-01T14:02:16Z,,2023-04-15T12:25:25Z,3,2,,0,1
2019-06-02T08:07:33Z,,2019-06-12T23:58:54Z,1,1,"UmVtb3ZlIGFuZCBpZ25vcmUgYC5EU19TdG9yZWAgZ2VuZXJhdGVkIGZyb20gT1MgWC4NCg==
",0,1
2019-06-07T08:04:21Z,,2022-05-09T14:46:05Z,1,1,"5L+u5aSN56m65qC85pWw6ZSZ6K+v
",0,1
2019-06-14T07:10:35Z,,2023-01-23T01:56:13Z,0,0,"MjAxOTA2MTTku47ljp/kvZzogIXlpITmm7TmlrA=
",2,2
2019-06-20T01:25:23Z,,2019-06-25T06:58:56Z,1,1,"YHBpcDMgaW50YWxsIGp1cHl0ZXJgIC0+IGBwaXAzIGluc3RhbGwgLi4uLmA=
",0,1
2018-06-04T11:46:43Z,,2018-06-25T14:35:05Z,1,1,,3,3
2018-06-08T11:36:30Z,2018-06-23T03:46:36Z,2018-06-23T03:46:36Z,1,1,"Zml4IHR5cG8=
",0,2
2018-07-08T11:27:01Z,,2018-10-01T20:07:15Z,21,923,"IyMjIFNlcGVyYXRlIFJFQURNRSBmaWxlcyBmb3IgRW5nbGlzaA0KUkVBRE5FLUVOLm1kIGlzIGlu
dHJvZHVjZWQgZm9yIGVuZ2xpc2ggcGVvcGxlLiBFYWNoIERheSBmb2xkZXIgKi5tZCBmaWxlIGlz
IHRyYW5zbGF0ZWQgaW50byBzZXBlcmF0ZSBlbmdsaXNoIHRyYW5zbGF0aW9uIGZpbGUuDQojIyMg
U2VwZXJhdGUgVHJhbnNsYXRpb24gZm9sZGVyIGZvciBjb2RlIGZpbGVzDQpJZiB0aGVyZSBpcyBt
b3JlIGNvZGUgdGhhdCBjYW4gbm90IGJlIHRyYW5zbGF0ZWQgaW4gdGhlIHNhbWUgZmlsZSB0aGVu
IGl0IGlzIHB1dCBpbnRvIGEgc3ViZm9sZGVyIGNhbGxlZCAiZW5nbGlzaCIsIG90aGVyd2lzZSB0
aGUgY29tbWVudHMgYXJlIHRyYW5zbGF0ZWQgYWxvbmcgd2l0aCBjaGluZXNlDQoNClRoaXMgaXMg
YSB0ZW1wbGF0ZSBmb3IgaG93IG9uZSBzaG91bGQgc3VibWl0IHRyYW5zbGF0aW9ucy4gUGxlYXNl
IGNvbnNpZGVyIHRoaXMuIEkgYW0gdGVhY2hpbmcgbXkgc3R1ZGVudHMgdGhpcyBjb3Vyc2UgYW5k
IGkgYW0gdHJhbnNsYXRpbmcgYXMgaSB0ZWFjaC4=
",3,3
2018-10-16T08:24:39Z,,2018-10-16T08:24:59Z,0,0,"5L+u5pS55pu05paw
",0,1
2019-01-29T02:01:56Z,2019-05-04T02:17:51Z,2019-05-04T02:17:51Z,1,1,"5L+u5aSN5LiA6KGM6ZSZ6K+v5Luj56CB
",1,2
2019-01-29T07:31:27Z,,2019-05-04T02:19:48Z,4,3,"5L+u5aSN6YOo5YiG5Luj56CB
",1,2
2019-02-20T13:51:46Z,2019-05-04T02:15:29Z,2019-05-04T02:15:29Z,2,2,,0,2
2019-04-17T07:40:10Z,,2019-04-26T15:15:36Z,1,1,"W2ZsYWtlOF0oaHR0cDovL2ZsYWtlOC5weWNxYS5vcmcpIHRlc3Rpbmcgb2YgaHR0cHM6Ly9naXRo
dWIuY29tL2phY2tmcnVlZC9QeXRob24tMTAwLURheXMgb24gUHl0aG9uIDMuNy4xDQoNCiQgX19m
bGFrZTggLiAtLWNvdW50IC0tc2VsZWN0PUU5LEY2MyxGNzIsRjgyIC0tc2hvdy1zb3VyY2UgLS1z
dGF0aXN0aWNzX18NCmBgYA0KLi9EYXkxNi0yMC9jb2RlL2V4YW1wbGUwMS5weToxOjE6IEU5OTkg
SW5kZW50YXRpb25FcnJvcjogdW5leHBlY3RlZCBpbmRlbnQNCiAiIiINCl4NCjEgICAgIEU5OTkg
SW5kZW50YXRpb25FcnJvcjogdW5leHBlY3RlZCBpbmRlbnQNCjENCmBgYA0KX19FOTAxLEU5OTks
RjgyMSxGODIyLEY4MjNfXyBhcmUgdGhlICJfc2hvd3N0b3BwZXJfIiBbZmxha2U4XShodHRwOi8v
Zmxha2U4LnB5Y3FhLm9yZykgaXNzdWVzIHRoYXQgY2FuIGhhbHQgdGhlIHJ1bnRpbWUgd2l0aCBh
IFN5bnRheEVycm9yLCBOYW1lRXJyb3IsIGV0Yy4gVGhlc2UgNSBhcmUgZGlmZmVyZW50IGZyb20g
bW9zdCBvdGhlciBmbGFrZTggaXNzdWVzIHdoaWNoIGFyZSBtZXJlbHkgInN0eWxlIHZpb2xhdGlv
bnMiIC0tIHVzZWZ1bCBmb3IgcmVhZGFiaWxpdHkgYnV0IHRoZXkgZG8gbm90IGVmZmVjdCBydW50
aW1lIHNhZmV0eS4NCiogRjgyMTogdW5kZWZpbmVkIG5hbWUgYG5hbWVgDQoqIEY4MjI6IHVuZGVm
aW5lZCBuYW1lIGBuYW1lYCBpbiBgX19hbGxfX2ANCiogRjgyMzogbG9jYWwgdmFyaWFibGUgbmFt
ZSByZWZlcmVuY2VkIGJlZm9yZSBhc3NpZ25tZW50DQoqIEU5MDE6IFN5bnRheEVycm9yIG9yIElu
ZGVudGF0aW9uRXJyb3INCiogRTk5OTogU3ludGF4RXJyb3IgLS0gZmFpbGVkIHRvIGNvbXBpbGUg
YSBmaWxlIGludG8gYW4gQWJzdHJhY3QgU3ludGF4IFRyZWU=
",3,2
2019-04-24T11:11:20Z,,2019-05-03T13:22:00Z,3,3,,2,4
2019-05-04T14:27:59Z,,2019-05-05T02:26:24Z,1,2,"RGF5IDA444CC5pe26ZKf57uD5Lmg77yM5bqU6K+l5byV5YWl5YyFDQpmcm9tIHRpbWUgaW1wb3J0
IHNsZWVw
",0,1
2019-05-05T04:23:01Z,,2019-05-06T16:05:18Z,3,3,"MS7pg6jliIbmloflrZfpl67popgNCjIubWFya2Rvd27or63ms5Ug5Y+M5rOi5rWq57q/fn4g5Li6
5Yig6Zmk57q/77yM5L2GZ2l0aHVi5a6e6ZmF5L2/55So5Y2V5rOi5rWq57q/5Y2z5Li65Yig6Zmk
57q/5pWI5p6c
",1,2
2019-05-06T03:42:30Z,,2019-05-06T16:09:07Z,3,3,"Zm9yIHRoZSBiZWdpbm5lciwgIGNoYW5nZSB0aGUgbWV0aG9kIG9mIHRoZSBjbGFzcyBDbG9jayAg
J19fc3RyX18nICBpbnRvICdzaG93JyAgYXMgdGhlIGV4YW1wbGUgY29kZSBkb2VzLg==
",1,2
2019-05-07T07:22:58Z,2019-05-18T15:36:57Z,2019-05-18T15:36:57Z,4,9,,0,2
2019-05-07T11:52:52Z,2019-05-08T09:22:51Z,2019-05-08T09:22:51Z,1,1,"56ys5LiA6aKY5pyJ5Lit5paH6K+t55eF77yf
",1,2
2019-05-07T14:52:04Z,,2019-05-18T15:36:05Z,2,2,"5oiR5oSf6KeJ4oCcXG7igJ3mlL7lnKjlgJLmlbDnrKzkuozooYzmr5TovoPlkIjnkIbjgII=
",0,2
2019-05-07T15:33:41Z,,2019-05-07T15:36:35Z,2,3,"5L+u5q2j5LqG5paH5qGj5Lit55qE5Lik5Liq5qCH6aKY77yM5Zyo5pyr5bC+5Yqg5LiK5LqGIGBy
ZXNgIOaWh+S7tuWkueS4reeahOWbvueJhw==
",0,1
2019-05-07T15:40:28Z,2019-05-08T09:21:46Z,2019-05-08T09:21:46Z,0,7,"5aKe5Yqg5LqGYW5hY29uZGHnmoTku4vnu40NCmFuYWNvbmRh5LiN5LuF5pyJ5Yqp5LqO5L6/5o23
55qE5LiA6ZSu5byP5a6J6KOF77yM6ICM5LiU5o+Q5L6b5LqG5YWF6Laz55qE5pWw5o2u56eR5a2m
55u45YWz5YyFIO+8jOWHj+WwkeS9v+eUqOmavuW6pg==
",0,2
2019-05-09T03:56:14Z,,2019-05-09T08:20:56Z,0,0,"IyBCdWcgRml4IExpc3Qg8J+Qmw0KMS4gKirkv67lpI3mlofmoaPkuK0gYOivtOaYjmDlrZfmrrXn
moTplJnor68sIOW5tue7n+S4gOS6huWFtuagvOW8jyoqDQoyLiAqKuS/ruato+S6humDqOWIhuih
qOagvOeahOagvOW8j+WPiua4suafk+mUmeivryoqDQozLiAqKuS/ruWkjeS6hkxhVGV45pWw5a2m
5YWs5byP55qE6ZSZ6K+vLCDmm7TmlLnkuLrlm77niYfmmL7npLoqKg0KNC4gKirkv67lpI3kuoZK
U09O5Luj56CB5Z2X55qE5riy5p+T6ZSZ6K+vKioNCg0K
",1,2
2019-05-09T10:01:47Z,,2019-05-18T15:37:25Z,0,1,,0,2
2019-05-09T10:03:59Z,2019-05-18T15:35:04Z,2019-05-18T15:35:04Z,52,52,"fuWImuWImuaJi+i0seeJiOacrOWbnua7mlBS6Ieq5YqoY2xvc2XkuoYuLi4g6YeN5pawUFLkuIDm
rKF+DQoNCiMgQnVnIEZpeCBMaXN0IPCfkJsNCjEuICoq5L+u5aSN5paH5qGj5LitIGDor7TmmI5g
5a2X5q6155qE6ZSZ6K+vLCDlubbnu5/kuIDkuoblhbbmoLzlvI8qKg0KICAgICAtIOS/ruWkjeS6
huaWh+aho+S4rSBgKiror7TmmI46Kipg5rKh5pyJ6KKr5q2j56Gu5riy5p+T5Li6ICoq6K+05piO
OioqIOeahOmUmeivrw0KICAgICAtIOaWh+aho+mHjOacieS4pOenjeS5puWGmeagvOW8jyxgICoq
6K+05piOKio6IGAg5ZKMIGAqKuivtOaYjjoqKmDmraTmrKHkv67lpI3ph4fnlKjnmoTmmK/lkI7k
uIDnp40s5LiN55+l6YGT5oKo5YW35L2T5piv5L2/55So5ZOq5LiA56eNLOaIluaYr+a3t+eUqCwg
5Liq5Lq66K6k5Li65pyA5aW96L+Y5piv5YGa5Yiw5qC85byP57uf5LiADQoyLiAqKuS/ruato+S6
humDqOWIhuihqOagvOeahOagvOW8j+WPiua4suafk+mUmeivryoqDQogICAgLSDkv67lpI3kuoZE
QVkyIOi/kOeul+espuihqOagvOS4reW8guaIluespuWPt+S7peWPiuWkjeWQiOi/kOeul+espuS4
pOagj+eahOa4suafk+mUmeivrw0KICAgIC0g6LCD5pW05LqGREFZMTIg5q2j5YiZ6KGo6L6+5byP
6KGo5qC855qE5qC85byPLOaYvuekuuabtOS4uuW3peaVtA0KMy4gKirkv67lpI3kuobmlbDlrabl
hazlvI/nmoTplJnor68sIOabtOaUueS4uuWbvueJh+aYvuekuioqDQogICAgLSDogIPomZHliLDl
m73lhoXnlKjmiLfnmoTnibnmrormgKcs5q2k5aSE5rKh5pyJ6YeH55So5a6J6KOF5o+S5Lu2LOWk
lumTvuWbvueJh+i/meS4pOenjeino+WGs+aWueW8jw0KNC4gKirkv67lpI3kuoZKU09O5Luj56CB
5Z2X55qE5riy5p+T6ZSZ6K+vKioNCiAgICAtIOS/ruWkjeS6hkpTT07lrZfmrrXooqvmuLLmn5Pm
iJDnuqLoibLlrZflnZfnmoTplJnor68NCg0KIyMgRmluYWxseSwgdGh4IGZvciB5b3VyIHNoYXJp
bmchISE6dGFkYTo6dGFkYTo6dGFkYTo=
",5,5
2019-05-10T03:25:55Z,,2019-05-18T15:35:22Z,3,31,"5L+u5q2j5LqG5paH5qGj5YaF57uD5LmgMuS4jeiDveS/neivgeavj+asoeeUn+aIkOeahOmqjOiv
geeggeeUseWtl+avjeWSjOaVsOWtl+WFseWQjOe7hOaIkOeahGJ1Zw0K6aqM6K+B55Sf5oiQ55qE
6aqM6K+B56CB5piv5ZCm5Li65pWw5a2X5LiO5a2X5q+N57uE5ZCI77yM5aaC5L2V5piv5bCx6L+U
5Zue6aqM6K+B56CB44CC5aaC5p6c5LiN5piv77yM6YeN5paw55Sf5oiQ44CC
",0,2
2019-05-10T07:43:24Z,,2019-05-18T15:32:07Z,1,1,"RGF5MTYtMjAvUHl0aG9u6K+t6KiA6L+b6Zi2Lm1k
",1,2
2019-05-12T05:51:38Z,,2019-05-18T15:30:28Z,3,3,"57yp6L+b5re35Lmx77yIdGFi5LiO56m65qC877yJ
",0,2
2019-05-12T06:19:43Z,,2019-05-18T15:29:27Z,2,4,,0,2
2019-05-12T07:26:46Z,,2019-05-18T15:29:08Z,2,2,"6JC95LqG5Y2K5Liq5ous5Y+3
",0,2
2019-05-12T07:41:51Z,,2019-05-18T15:28:59Z,1,2,"57uD5LmgMeacquWvvOWFpXRpbWXlupM=
",0,2
2019-05-14T09:01:40Z,2019-05-18T15:27:03Z,2019-05-18T15:27:03Z,0,9,"8J+RiyDkvaDlpb3vvIwNCuaIkeeahOS4reaWh+S4jeWlve+8jOWvueS4jei1t+OAgvCfmY8NCg0K
5oiR5Li6UHl0aG9uLTEwMC1EYXlz6YWN572u5LqGR2l0cG9k44CCDQpHaXRwb2TmlK/mjIHlhY3o
tLnmiZPnoIHlnKjnur/vvIzov5nlr7nliJ3lrabogIXmnInlpb3lpITjgIINCuivt+ivleS4gOiv
le+8mg0KDQpbIVtPcGVuIGluIEdpdHBvZF0oaHR0cHM6Ly9naXRwb2QuaW8vYnV0dG9uL29wZW4t
aW4tZ2l0cG9kLnN2ZyldKGh0dHBzOi8vZ2l0cG9kLmlvLyNodHRwczovL2dpdGh1Yi5jb20vamFu
a2Vyb21uZXMvUHl0aG9uLTEwMC1EYXlzKQ0KPGltZyB3aWR0aD0iMTU1MiIgYWx0PSJTY3JlZW5z
aG90IDIwMTktMDUtMTQgYXQgMTAgNDUgMTUiIHNyYz0iaHR0cHM6Ly91c2VyLWltYWdlcy5naXRo
dWJ1c2VyY29udGVudC5jb20vNTk5MjY4LzU3Njg0MDk0LTY3NGRiMTgwLTc2MzUtMTFlOS04YWU0
LTNkOWRlZGZmNDViNC5wbmciPg0K
",0,2
2019-05-14T13:32:18Z,2019-05-18T15:23:31Z,2019-05-18T15:23:31Z,0,0,"5qCH5YeG5bqT6YeM5pyJ5LiA5Liq5ZCN5Li6IHN0cmluZyDnmoTvvIzlnKjlvojlpJrljIXph4zv
vIjmr5TlpoIgcGlwIC0+IGxvZ2dpbmcg77yJ55So5LqG5a6D44CCDQrpibTkuo7vvIzov5nkuKrm
mK/pkojlr7nmlrDmiYvnmoTvvIzlj6/og73lnKjov5nkuKrmlofku7blpLnkuIvnlKggcGlwIOWu
ieijheWMhe+8jOWvvOiHtOWPkeeUnyBgSW1wb3J0RXJyb3JgDQoNCmBgYA0KZnJvbSBzdHJpbmcg
aW1wb3J0IFRlbXBsYXRlDQpJbXBvcnRFcnJvcjogY2Fubm90IGltcG9ydCBuYW1lICdUZW1wbGF0
ZScgZnJvbSAnc3RyaW5nJyAoL1VzZXIveHh4L1B5dGhvbi0xMDAtRGF5cy9EYXkwMS0xNS9EYXkw
Mi9jb2RlL3N0cmluZy5weSkNCmBgYA0KDQrlm6DmraTmlLnlkI3kuLogc3RyaW5ncy5weSDku6Xo
p4Tpgb/mraTplJnor6/jgII=
",1,2
2019-05-15T03:20:48Z,,2019-05-18T15:21:20Z,2,2,"5L+u5pS557uD5LmgMeS7o+eggemUmeivr++8muS4reaWh+WNoOeUqDPkvY3lrZfnrKY=
",0,2
2019-05-15T07:31:34Z,,2019-05-18T15:22:29Z,2,2,"5L+u5pS55Luj56CB5qC85byP6ZSZ6K+v
",1,2
2019-05-15T07:55:25Z,,2019-05-18T15:22:07Z,2,2,"bW9uZXktPWRlYnQgIG5vdCAgbW9uZXkrPWRlYnQ=
",0,2
2019-05-15T22:45:01Z,,2019-05-18T15:19:28Z,2,2,"5bCR5LqG5LiA5LiqJykn
",1,2
2019-05-16T02:15:30Z,,2019-05-18T15:19:03Z,1,1,,2,3
2019-05-16T02:17:41Z,,2019-05-18T15:18:27Z,1,2,"c2xlZXAoKSDlh73mlbAg5qih5Z2X5a+85YWl
",0,2
2019-05-16T02:48:13Z,,2019-05-18T15:17:57Z,2,1,,1,2
2019-05-16T16:20:42Z,2019-05-18T15:14:48Z,2019-05-18T15:14:48Z,2,2,"Z3JvdXAgYnkg5aSa5p2hIOWJjemdouimgeWKoGFueQ==
",1,2
2019-05-17T07:11:49Z,,2019-05-18T15:09:46Z,2,2,"5Ye95pWw5ZCN56ew5L+u5q2j
",2,3
2019-05-17T09:39:35Z,,2019-05-18T15:08:19Z,0,1,,0,2
2019-05-17T12:38:04Z,2019-05-18T15:06:51Z,2019-05-18T15:06:51Z,1,1,"56ysNDfooYznvLrlsJEgJykn
",1,2
2019-05-18T03:09:23Z,,2019-05-18T15:05:55Z,2,4,,0,2
2019-05-19T00:48:14Z,,2019-05-19T00:48:46Z,2,310,,0,1
2019-05-20T06:26:30Z,,2019-05-20T14:38:06Z,2,2,"Rml4ZWQgYnVnOiBtaXNzaW5nIHNwYWNlcw==
",1,2
2019-05-20T08:10:09Z,,2019-05-20T08:14:57Z,1,1,"5L+u5pS5bG9jYWx0aW1lKCk=
",0,1
2019-05-20T10:43:13Z,2019-05-20T14:37:22Z,2019-05-20T14:37:22Z,1,1,"5L+u5pS5IERheTAyIOivvueoi+S4reeahOeslOivr++8jOWBmuWmguS4i+S/ruaUue+8mg0KDQpg
YGANCuiuoeeul+acuuiDveWkhOeQhueahOaVsOaNruacieW+iOWkmuS4reexu+Weiw0KDQrmlLnk
uLrvvJoNCg0K6K6h566X5py66IO95aSE55CG55qE5pWw5o2u5pyJ5b6I5aSa56eN57G75Z6LDQpg
YGA=
",1,2
2019-05-22T07:05:30Z,,2019-08-16T08:51:40Z,4,3,,1,1
2019-06-01T14:02:16Z,,2023-04-15T12:25:25Z,3,2,,0,1
2019-06-02T08:07:33Z,,2019-06-12T23:58:54Z,1,1,"UmVtb3ZlIGFuZCBpZ25vcmUgYC5EU19TdG9yZWAgZ2VuZXJhdGVkIGZyb20gT1MgWC4NCg==
",0,1
2019-06-07T08:04:21Z,,2022-05-09T14:46:05Z,1,1,"5L+u5aSN56m65qC85pWw6ZSZ6K+v
",0,1
2019-06-14T07:10:35Z,,2023-01-23T01:56:13Z,0,0,"MjAxOTA2MTTku47ljp/kvZzogIXlpITmm7TmlrA=
",2,2
2019-06-20T01:25:23Z,,2019-06-25T06:58:56Z,1,1,"YHBpcDMgaW50YWxsIGp1cHl0ZXJgIC0+IGBwaXAzIGluc3RhbGwgLi4uLmA=
",0,1
2018-06-04T11:46:43Z,,2018-06-25T14:35:05Z,1,1,,3,3
2018-06-08T11:36:30Z,2018-06-23T03:46:36Z,2018-06-23T03:46:36Z,1,1,"Zml4IHR5cG8=
",0,2
2018-07-08T11:27:01Z,,2018-10-01T20:07:15Z,21,923,"IyMjIFNlcGVyYXRlIFJFQURNRSBmaWxlcyBmb3IgRW5nbGlzaA0KUkVBRE5FLUVOLm1kIGlzIGlu
dHJvZHVjZWQgZm9yIGVuZ2xpc2ggcGVvcGxlLiBFYWNoIERheSBmb2xkZXIgKi5tZCBmaWxlIGlz
IHRyYW5zbGF0ZWQgaW50byBzZXBlcmF0ZSBlbmdsaXNoIHRyYW5zbGF0aW9uIGZpbGUuDQojIyMg
U2VwZXJhdGUgVHJhbnNsYXRpb24gZm9sZGVyIGZvciBjb2RlIGZpbGVzDQpJZiB0aGVyZSBpcyBt
b3JlIGNvZGUgdGhhdCBjYW4gbm90IGJlIHRyYW5zbGF0ZWQgaW4gdGhlIHNhbWUgZmlsZSB0aGVu
IGl0IGlzIHB1dCBpbnRvIGEgc3ViZm9sZGVyIGNhbGxlZCAiZW5nbGlzaCIsIG90aGVyd2lzZSB0
aGUgY29tbWVudHMgYXJlIHRyYW5zbGF0ZWQgYWxvbmcgd2l0aCBjaGluZXNlDQoNClRoaXMgaXMg
YSB0ZW1wbGF0ZSBmb3IgaG93IG9uZSBzaG91bGQgc3VibWl0IHRyYW5zbGF0aW9ucy4gUGxlYXNl
IGNvbnNpZGVyIHRoaXMuIEkgYW0gdGVhY2hpbmcgbXkgc3R1ZGVudHMgdGhpcyBjb3Vyc2UgYW5k
IGkgYW0gdHJhbnNsYXRpbmcgYXMgaSB0ZWFjaC4=
",3,3
2018-10-16T08:24:39Z,,2018-10-16T08:24:59Z,0,0,"5L+u5pS55pu05paw
",0,1
2019-01-29T02:01:56Z,2019-05-04T02:17:51Z,2019-05-04T02:17:51Z,1,1,"5L+u5aSN5LiA6KGM6ZSZ6K+v5Luj56CB
",1,2
2019-01-29T07:31:27Z,,2019-05-04T02:19:48Z,4,3,"5L+u5aSN6YOo5YiG5Luj56CB
",1,2
2019-02-20T13:51:46Z,2019-05-04T02:15:29Z,2019-05-04T02:15:29Z,2,2,,0,2
2019-04-17T07:40:10Z,,2019-04-26T15:15:36Z,1,1,"W2ZsYWtlOF0oaHR0cDovL2ZsYWtlOC5weWNxYS5vcmcpIHRlc3Rpbmcgb2YgaHR0cHM6Ly9naXRo
dWIuY29tL2phY2tmcnVlZC9QeXRob24tMTAwLURheXMgb24gUHl0aG9uIDMuNy4xDQoNCiQgX19m
bGFrZTggLiAtLWNvdW50IC0tc2VsZWN0PUU5LEY2MyxGNzIsRjgyIC0tc2hvdy1zb3VyY2UgLS1z
dGF0aXN0aWNzX18NCmBgYA0KLi9EYXkxNi0yMC9jb2RlL2V4YW1wbGUwMS5weToxOjE6IEU5OTkg
SW5kZW50YXRpb25FcnJvcjogdW5leHBlY3RlZCBpbmRlbnQNCiAiIiINCl4NCjEgICAgIEU5OTkg
SW5kZW50YXRpb25FcnJvcjogdW5leHBlY3RlZCBpbmRlbnQNCjENCmBgYA0KX19FOTAxLEU5OTks
RjgyMSxGODIyLEY4MjNfXyBhcmUgdGhlICJfc2hvd3N0b3BwZXJfIiBbZmxha2U4XShodHRwOi8v
Zmxha2U4LnB5Y3FhLm9yZykgaXNzdWVzIHRoYXQgY2FuIGhhbHQgdGhlIHJ1bnRpbWUgd2l0aCBh
IFN5bnRheEVycm9yLCBOYW1lRXJyb3IsIGV0Yy4gVGhlc2UgNSBhcmUgZGlmZmVyZW50IGZyb20g
bW9zdCBvdGhlciBmbGFrZTggaXNzdWVzIHdoaWNoIGFyZSBtZXJlbHkgInN0eWxlIHZpb2xhdGlv
bnMiIC0tIHVzZWZ1bCBmb3IgcmVhZGFiaWxpdHkgYnV0IHRoZXkgZG8gbm90IGVmZmVjdCBydW50
aW1lIHNhZmV0eS4NCiogRjgyMTogdW5kZWZpbmVkIG5hbWUgYG5hbWVgDQoqIEY4MjI6IHVuZGVm
aW5lZCBuYW1lIGBuYW1lYCBpbiBgX19hbGxfX2ANCiogRjgyMzogbG9jYWwgdmFyaWFibGUgbmFt
ZSByZWZlcmVuY2VkIGJlZm9yZSBhc3NpZ25tZW50DQoqIEU5MDE6IFN5bnRheEVycm9yIG9yIElu
ZGVudGF0aW9uRXJyb3INCiogRTk5OTogU3ludGF4RXJyb3IgLS0gZmFpbGVkIHRvIGNvbXBpbGUg
YSBmaWxlIGludG8gYW4gQWJzdHJhY3QgU3ludGF4IFRyZWU=
",3,2
2019-04-24T11:11:20Z,,2019-05-03T13:22:00Z,3,3,,2,4
2019-05-04T14:27:59Z,,2019-05-05T02:26:24Z,1,2,"RGF5IDA444CC5pe26ZKf57uD5Lmg77yM5bqU6K+l5byV5YWl5YyFDQpmcm9tIHRpbWUgaW1wb3J0
IHNsZWVw
",0,1
2019-05-05T04:23:01Z,,2019-05-06T16:05:18Z,3,3,"MS7pg6jliIbmloflrZfpl67popgNCjIubWFya2Rvd27or63ms5Ug5Y+M5rOi5rWq57q/fn4g5Li6
5Yig6Zmk57q/77yM5L2GZ2l0aHVi5a6e6ZmF5L2/55So5Y2V5rOi5rWq57q/5Y2z5Li65Yig6Zmk
57q/5pWI5p6c
",1,2
2019-05-06T03:42:30Z,,2019-05-06T16:09:07Z,3,3,"Zm9yIHRoZSBiZWdpbm5lciwgIGNoYW5nZSB0aGUgbWV0aG9kIG9mIHRoZSBjbGFzcyBDbG9jayAg
J19fc3RyX18nICBpbnRvICdzaG93JyAgYXMgdGhlIGV4YW1wbGUgY29kZSBkb2VzLg==
",1,2
2019-05-07T07:22:58Z,2019-05-18T15:36:57Z,2019-05-18T15:36:57Z,4,9,,0,2
2019-05-07T11:52:52Z,2019-05-08T09:22:51Z,2019-05-08T09:22:51Z,1,1,"56ys5LiA6aKY5pyJ5Lit5paH6K+t55eF77yf
",1,2
2019-05-07T14:52:04Z,,2019-05-18T15:36:05Z,2,2,"5oiR5oSf6KeJ4oCcXG7igJ3mlL7lnKjlgJLmlbDnrKzkuozooYzmr5TovoPlkIjnkIbjgII=
",0,2
2019-05-07T15:33:41Z,,2019-05-07T15:36:35Z,2,3,"5L+u5q2j5LqG5paH5qGj5Lit55qE5Lik5Liq5qCH6aKY77yM5Zyo5pyr5bC+5Yqg5LiK5LqGIGBy
ZXNgIOaWh+S7tuWkueS4reeahOWbvueJhw==
",0,1
2019-05-07T15:40:28Z,2019-05-08T09:21:46Z,2019-05-08T09:21:46Z,0,7,"5aKe5Yqg5LqGYW5hY29uZGHnmoTku4vnu40NCmFuYWNvbmRh5LiN5LuF5pyJ5Yqp5LqO5L6/5o23
55qE5LiA6ZSu5byP5a6J6KOF77yM6ICM5LiU5o+Q5L6b5LqG5YWF6Laz55qE5pWw5o2u56eR5a2m
55u45YWz5YyFIO+8jOWHj+WwkeS9v+eUqOmavuW6pg==
",0,2
2019-05-09T03:56:14Z,,2019-05-09T08:20:56Z,0,0,"IyBCdWcgRml4IExpc3Qg8J+Qmw0KMS4gKirkv67lpI3mlofmoaPkuK0gYOivtOaYjmDlrZfmrrXn
moTplJnor68sIOW5tue7n+S4gOS6huWFtuagvOW8jyoqDQoyLiAqKuS/ruato+S6humDqOWIhuih
qOagvOeahOagvOW8j+WPiua4suafk+mUmeivryoqDQozLiAqKuS/ruWkjeS6hkxhVGV45pWw5a2m
5YWs5byP55qE6ZSZ6K+vLCDmm7TmlLnkuLrlm77niYfmmL7npLoqKg0KNC4gKirkv67lpI3kuoZK
U09O5Luj56CB5Z2X55qE5riy5p+T6ZSZ6K+vKioNCg0K
",1,2
2019-05-09T10:01:47Z,,2019-05-18T15:37:25Z,0,1,,0,2
2019-05-09T10:03:59Z,2019-05-18T15:35:04Z,2019-05-18T15:35:04Z,52,52,"fuWImuWImuaJi+i0seeJiOacrOWbnua7mlBS6Ieq5YqoY2xvc2XkuoYuLi4g6YeN5pawUFLkuIDm
rKF+DQoNCiMgQnVnIEZpeCBMaXN0IPCfkJsNCjEuICoq5L+u5aSN5paH5qGj5LitIGDor7TmmI5g
5a2X5q6155qE6ZSZ6K+vLCDlubbnu5/kuIDkuoblhbbmoLzlvI8qKg0KICAgICAtIOS/ruWkjeS6
huaWh+aho+S4rSBgKiror7TmmI46Kipg5rKh5pyJ6KKr5q2j56Gu5riy5p+T5Li6ICoq6K+05piO
OioqIOeahOmUmeivrw0KICAgICAtIOaWh+aho+mHjOacieS4pOenjeS5puWGmeagvOW8jyxgICoq
6K+05piOKio6IGAg5ZKMIGAqKuivtOaYjjoqKmDmraTmrKHkv67lpI3ph4fnlKjnmoTmmK/lkI7k
uIDnp40s5LiN55+l6YGT5oKo5YW35L2T5piv5L2/55So5ZOq5LiA56eNLOaIluaYr+a3t+eUqCwg
5Liq5Lq66K6k5Li65pyA5aW96L+Y5piv5YGa5Yiw5qC85byP57uf5LiADQoyLiAqKuS/ruato+S6
humDqOWIhuihqOagvOeahOagvOW8j+WPiua4suafk+mUmeivryoqDQogICAgLSDkv67lpI3kuoZE
QVkyIOi/kOeul+espuihqOagvOS4reW8guaIluespuWPt+S7peWPiuWkjeWQiOi/kOeul+espuS4
pOagj+eahOa4suafk+mUmeivrw0KICAgIC0g6LCD5pW05LqGREFZMTIg5q2j5YiZ6KGo6L6+5byP
6KGo5qC855qE5qC85byPLOaYvuekuuabtOS4uuW3peaVtA0KMy4gKirkv67lpI3kuobmlbDlrabl
hazlvI/nmoTplJnor68sIOabtOaUueS4uuWbvueJh+aYvuekuioqDQogICAgLSDogIPomZHliLDl
m73lhoXnlKjmiLfnmoTnibnmrormgKcs5q2k5aSE5rKh5pyJ6YeH55So5a6J6KOF5o+S5Lu2LOWk
lumTvuWbvueJh+i/meS4pOenjeino+WGs+aWueW8jw0KNC4gKirkv67lpI3kuoZKU09O5Luj56CB
5Z2X55qE5riy5p+T6ZSZ6K+vKioNCiAgICAtIOS/ruWkjeS6hkpTT07lrZfmrrXooqvmuLLmn5Pm
iJDnuqLoibLlrZflnZfnmoTplJnor68NCg0KIyMgRmluYWxseSwgdGh4IGZvciB5b3VyIHNoYXJp
bmchISE6dGFkYTo6dGFkYTo6dGFkYTo=
",5,5
2019-05-10T03:25:55Z,,2019-05-18T15:35:22Z,3,31,"5L+u5q2j5LqG5paH5qGj5YaF57uD5LmgMuS4jeiDveS/neivgeavj+asoeeUn+aIkOeahOmqjOiv
geeggeeUseWtl+avjeWSjOaVsOWtl+WFseWQjOe7hOaIkOeahGJ1Zw0K6aqM6K+B55Sf5oiQ55qE
6aqM6K+B56CB5piv5ZCm5Li65pWw5a2X5LiO5a2X5q+N57uE5ZCI77yM5aaC5L2V5piv5bCx6L+U
5Zue6aqM6K+B56CB44CC5aaC5p6c5LiN5piv77yM6YeN5paw55Sf5oiQ44CC
",0,2
2019-05-10T07:43:24Z,,2019-05-18T15:32:07Z,1,1,"RGF5MTYtMjAvUHl0aG9u6K+t6KiA6L+b6Zi2Lm1k
",1,2
2019-05-12T05:51:38Z,,2019-05-18T15:30:28Z,3,3,"57yp6L+b5re35Lmx77yIdGFi5LiO56m65qC877yJ
",0,2
2019-05-12T06:19:43Z,,2019-05-18T15:29:27Z,2,4,,0,2
2019-05-12T07:26:46Z,,2019-05-18T15:29:08Z,2,2,"6JC95LqG5Y2K5Liq5ous5Y+3
",0,2
2019-05-12T07:41:51Z,,2019-05-18T15:28:59Z,1,2,"57uD5LmgMeacquWvvOWFpXRpbWXlupM=
",0,2
2019-05-14T09:01:40Z,2019-05-18T15:27:03Z,2019-05-18T15:27:03Z,0,9,"8J+RiyDkvaDlpb3vvIwNCuaIkeeahOS4reaWh+S4jeWlve+8jOWvueS4jei1t+OAgvCfmY8NCg0K
5oiR5Li6UHl0aG9uLTEwMC1EYXlz6YWN572u5LqGR2l0cG9k44CCDQpHaXRwb2TmlK/mjIHlhY3o
tLnmiZPnoIHlnKjnur/vvIzov5nlr7nliJ3lrabogIXmnInlpb3lpITjgIINCuivt+ivleS4gOiv
le+8mg0KDQpbIVtPcGVuIGluIEdpdHBvZF0oaHR0cHM6Ly9naXRwb2QuaW8vYnV0dG9uL29wZW4t
aW4tZ2l0cG9kLnN2ZyldKGh0dHBzOi8vZ2l0cG9kLmlvLyNodHRwczovL2dpdGh1Yi5jb20vamFu
a2Vyb21uZXMvUHl0aG9uLTEwMC1EYXlzKQ0KPGltZyB3aWR0aD0iMTU1MiIgYWx0PSJTY3JlZW5z
aG90IDIwMTktMDUtMTQgYXQgMTAgNDUgMTUiIHNyYz0iaHR0cHM6Ly91c2VyLWltYWdlcy5naXRo
dWJ1c2VyY29udGVudC5jb20vNTk5MjY4LzU3Njg0MDk0LTY3NGRiMTgwLTc2MzUtMTFlOS04YWU0
LTNkOWRlZGZmNDViNC5wbmciPg0K
",0,2
2019-05-14T13:32:18Z,2019-05-18T15:23:31Z,2019-05-18T15:23:31Z,0,0,"5qCH5YeG5bqT6YeM5pyJ5LiA5Liq5ZCN5Li6IHN0cmluZyDnmoTvvIzlnKjlvojlpJrljIXph4zv
vIjmr5TlpoIgcGlwIC0+IGxvZ2dpbmcg77yJ55So5LqG5a6D44CCDQrpibTkuo7vvIzov5nkuKrm
mK/pkojlr7nmlrDmiYvnmoTvvIzlj6/og73lnKjov5nkuKrmlofku7blpLnkuIvnlKggcGlwIOWu
ieijheWMhe+8jOWvvOiHtOWPkeeUnyBgSW1wb3J0RXJyb3JgDQoNCmBgYA0KZnJvbSBzdHJpbmcg
aW1wb3J0IFRlbXBsYXRlDQpJbXBvcnRFcnJvcjogY2Fubm90IGltcG9ydCBuYW1lICdUZW1wbGF0
ZScgZnJvbSAnc3RyaW5nJyAoL1VzZXIveHh4L1B5dGhvbi0xMDAtRGF5cy9EYXkwMS0xNS9EYXkw
Mi9jb2RlL3N0cmluZy5weSkNCmBgYA0KDQrlm6DmraTmlLnlkI3kuLogc3RyaW5ncy5weSDku6Xo
p4Tpgb/mraTplJnor6/jgII=
",1,2
2019-05-15T03:20:48Z,,2019-05-18T15:21:20Z,2,2,"5L+u5pS557uD5LmgMeS7o+eggemUmeivr++8muS4reaWh+WNoOeUqDPkvY3lrZfnrKY=
",0,2
2019-05-15T07:31:34Z,,2019-05-18T15:22:29Z,2,2,"5L+u5pS55Luj56CB5qC85byP6ZSZ6K+v
",1,2
2019-05-15T07:55:25Z,,2019-05-18T15:22:07Z,2,2,"bW9uZXktPWRlYnQgIG5vdCAgbW9uZXkrPWRlYnQ=
",0,2
2019-05-15T22:45:01Z,,2019-05-18T15:19:28Z,2,2,"5bCR5LqG5LiA5LiqJykn
",1,2
2019-05-16T02:15:30Z,,2019-05-18T15:19:03Z,1,1,,2,3
2019-05-16T02:17:41Z,,2019-05-18T15:18:27Z,1,2,"c2xlZXAoKSDlh73mlbAg5qih5Z2X5a+85YWl
",0,2
2019-05-16T02:48:13Z,,2019-05-18T15:17:57Z,2,1,,1,2
2019-05-16T16:20:42Z,2019-05-18T15:14:48Z,2019-05-18T15:14:48Z,2,2,"Z3JvdXAgYnkg5aSa5p2hIOWJjemdouimgeWKoGFueQ==
",1,2
2019-05-17T07:11:49Z,,2019-05-18T15:09:46Z,2,2,"5Ye95pWw5ZCN56ew5L+u5q2j
",2,3
2019-05-17T09:39:35Z,,2019-05-18T15:08:19Z,0,1,,0,2
2019-05-17T12:38:04Z,2019-05-18T15:06:51Z,2019-05-18T15:06:51Z,1,1,"56ysNDfooYznvLrlsJEgJykn
",1,2
2019-05-18T03:09:23Z,,2019-05-18T15:05:55Z,2,4,,0,2
2019-05-19T00:48:14Z,,2019-05-19T00:48:46Z,2,310,,0,1
2019-05-20T06:26:30Z,,2019-05-20T14:38:06Z,2,2,"Rml4ZWQgYnVnOiBtaXNzaW5nIHNwYWNlcw==
",1,2
2019-05-20T08:10:09Z,,2019-05-20T08:14:57Z,1,1,"5L+u5pS5bG9jYWx0aW1lKCk=
",0,1
2019-05-20T10:43:13Z,2019-05-20T14:37:22Z,2019-05-20T14:37:22Z,1,1,"5L+u5pS5IERheTAyIOivvueoi+S4reeahOeslOivr++8jOWBmuWmguS4i+S/ruaUue+8mg0KDQpg
YGANCuiuoeeul+acuuiDveWkhOeQhueahOaVsOaNruacieW+iOWkmuS4reexu+Weiw0KDQrmlLnk
uLrvvJoNCg0K6K6h566X5py66IO95aSE55CG55qE5pWw5o2u5pyJ5b6I5aSa56eN57G75Z6LDQpg
YGA=
",1,2
2019-05-22T07:05:30Z,,2019-08-16T08:51:40Z,4,3,,1,1
2019-06-01T14:02:16Z,,2023-04-15T12:25:25Z,3,2,,0,1
2019-06-02T08:07:33Z,,2019-06-12T23:58:54Z,1,1,"UmVtb3ZlIGFuZCBpZ25vcmUgYC5EU19TdG9yZWAgZ2VuZXJhdGVkIGZyb20gT1MgWC4NCg==
",0,1
2019-06-07T08:04:21Z,,2022-05-09T14:46:05Z,1,1,"5L+u5aSN56m65qC85pWw6ZSZ6K+v
",0,1
2019-06-14T07:10:35Z,,2023-01-23T01:56:13Z,0,0,"MjAxOTA2MTTku47ljp/kvZzogIXlpITmm7TmlrA=
",2,2
2019-06-20T01:25:23Z,,2019-06-25T06:58:56Z,1,1,"YHBpcDMgaW50YWxsIGp1cHl0ZXJgIC0+IGBwaXAzIGluc3RhbGwgLi4uLmA=
",0,1
2018-06-04T11:46:43Z,,2018-06-25T14:35:05Z,1,1,,3,3
2018-06-08T11:36:30Z,2018-06-23T03:46:36Z,2018-06-23T03:46:36Z,1,1,"Zml4IHR5cG8=
",0,2
2018-07-08T11:27:01Z,,2018-10-01T20:07:15Z,21,923,"IyMjIFNlcGVyYXRlIFJFQURNRSBmaWxlcyBmb3IgRW5nbGlzaA0KUkVBRE5FLUVOLm1kIGlzIGlu
dHJvZHVjZWQgZm9yIGVuZ2xpc2ggcGVvcGxlLiBFYWNoIERheSBmb2xkZXIgKi5tZCBmaWxlIGlz
IHRyYW5zbGF0ZWQgaW50byBzZXBlcmF0ZSBlbmdsaXNoIHRyYW5zbGF0aW9uIGZpbGUuDQojIyMg
U2VwZXJhdGUgVHJhbnNsYXRpb24gZm9sZGVyIGZvciBjb2RlIGZpbGVzDQpJZiB0aGVyZSBpcyBt
b3JlIGNvZGUgdGhhdCBjYW4gbm90IGJlIHRyYW5zbGF0ZWQgaW4gdGhlIHNhbWUgZmlsZSB0aGVu
IGl0IGlzIHB1dCBpbnRvIGEgc3ViZm9sZGVyIGNhbGxlZCAiZW5nbGlzaCIsIG90aGVyd2lzZSB0
aGUgY29tbWVudHMgYXJlIHRyYW5zbGF0ZWQgYWxvbmcgd2l0aCBjaGluZXNlDQoNClRoaXMgaXMg
YSB0ZW1wbGF0ZSBmb3IgaG93IG9uZSBzaG91bGQgc3VibWl0IHRyYW5zbGF0aW9ucy4gUGxlYXNl
IGNvbnNpZGVyIHRoaXMuIEkgYW0gdGVhY2hpbmcgbXkgc3R1ZGVudHMgdGhpcyBjb3Vyc2UgYW5k
IGkgYW0gdHJhbnNsYXRpbmcgYXMgaSB0ZWFjaC4=
",3,3
2018-10-16T08:24:39Z,,2018-10-16T08:24:59Z,0,0,"5L+u5pS55pu05paw
",0,1
2019-01-29T02:01:56Z,2019-05-04T02:17:51Z,2019-05-04T02:17:51Z,1,1,"5L+u5aSN5LiA6KGM6ZSZ6K+v5Luj56CB
",1,2
2019-01-29T07:31:27Z,,2019-05-04T02:19:48Z,4,3,"5L+u5aSN6YOo5YiG5Luj56CB
",1,2
2019-02-20T13:51:46Z,2019-05-04T02:15:29Z,2019-05-04T02:15:29Z,2,2,,0,2
2019-04-17T07:40:10Z,,2019-04-26T15:15:36Z,1,1,"W2ZsYWtlOF0oaHR0cDovL2ZsYWtlOC5weWNxYS5vcmcpIHRlc3Rpbmcgb2YgaHR0cHM6Ly9naXRo
dWIuY29tL2phY2tmcnVlZC9QeXRob24tMTAwLURheXMgb24gUHl0aG9uIDMuNy4xDQoNCiQgX19m
bGFrZTggLiAtLWNvdW50IC0tc2VsZWN0PUU5LEY2MyxGNzIsRjgyIC0tc2hvdy1zb3VyY2UgLS1z
dGF0aXN0aWNzX18NCmBgYA0KLi9EYXkxNi0yMC9jb2RlL2V4YW1wbGUwMS5weToxOjE6IEU5OTkg
SW5kZW50YXRpb25FcnJvcjogdW5leHBlY3RlZCBpbmRlbnQNCiAiIiINCl4NCjEgICAgIEU5OTkg
SW5kZW50YXRpb25FcnJvcjogdW5leHBlY3RlZCBpbmRlbnQNCjENCmBgYA0KX19FOTAxLEU5OTks
RjgyMSxGODIyLEY4MjNfXyBhcmUgdGhlICJfc2hvd3N0b3BwZXJfIiBbZmxha2U4XShodHRwOi8v
Zmxha2U4LnB5Y3FhLm9yZykgaXNzdWVzIHRoYXQgY2FuIGhhbHQgdGhlIHJ1bnRpbWUgd2l0aCBh
IFN5bnRheEVycm9yLCBOYW1lRXJyb3IsIGV0Yy4gVGhlc2UgNSBhcmUgZGlmZmVyZW50IGZyb20g
bW9zdCBvdGhlciBmbGFrZTggaXNzdWVzIHdoaWNoIGFyZSBtZXJlbHkgInN0eWxlIHZpb2xhdGlv
bnMiIC0tIHVzZWZ1bCBmb3IgcmVhZGFiaWxpdHkgYnV0IHRoZXkgZG8gbm90IGVmZmVjdCBydW50
aW1lIHNhZmV0eS4NCiogRjgyMTogdW5kZWZpbmVkIG5hbWUgYG5hbWVgDQoqIEY4MjI6IHVuZGVm
aW5lZCBuYW1lIGBuYW1lYCBpbiBgX19hbGxfX2ANCiogRjgyMzogbG9jYWwgdmFyaWFibGUgbmFt
ZSByZWZlcmVuY2VkIGJlZm9yZSBhc3NpZ25tZW50DQoqIEU5MDE6IFN5bnRheEVycm9yIG9yIElu
ZGVudGF0aW9uRXJyb3INCiogRTk5OTogU3ludGF4RXJyb3IgLS0gZmFpbGVkIHRvIGNvbXBpbGUg
YSBmaWxlIGludG8gYW4gQWJzdHJhY3QgU3ludGF4IFRyZWU=
",3,2
2019-04-24T11:11:20Z,,2019-05-03T13:22:00Z,3,3,,2,4
2019-05-04T14:27:59Z,,2019-05-05T02:26:24Z,1,2,"RGF5IDA444CC5pe26ZKf57uD5Lmg77yM5bqU6K+l5byV5YWl5YyFDQpmcm9tIHRpbWUgaW1wb3J0
IHNsZWVw
",0,1
2019-05-05T04:23:01Z,,2019-05-06T16:05:18Z,3,3,"MS7pg6jliIbmloflrZfpl67popgNCjIubWFya2Rvd27or63ms5Ug5Y+M5rOi5rWq57q/fn4g5Li6
5Yig6Zmk57q/77yM5L2GZ2l0aHVi5a6e6ZmF5L2/55So5Y2V5rOi5rWq57q/5Y2z5Li65Yig6Zmk
57q/5pWI5p6c
",1,2
2019-05-06T03:42:30Z,,2019-05-06T16:09:07Z,3,3,"Zm9yIHRoZSBiZWdpbm5lciwgIGNoYW5nZSB0aGUgbWV0aG9kIG9mIHRoZSBjbGFzcyBDbG9jayAg
J19fc3RyX18nICBpbnRvICdzaG93JyAgYXMgdGhlIGV4YW1wbGUgY29kZSBkb2VzLg==
",1,2
2019-05-07T07:22:58Z,2019-05-18T15:36:57Z,2019-05-18T15:36:57Z,4,9,,0,2
2019-05-07T11:52:52Z,2019-05-08T09:22:51Z,2019-05-08T09:22:51Z,1,1,"56ys5LiA6aKY5pyJ5Lit5paH6K+t55eF77yf
",1,2
2019-05-07T14:52:04Z,,2019-05-18T15:36:05Z,2,2,"5oiR5oSf6KeJ4oCcXG7igJ3mlL7lnKjlgJLmlbDnrKzkuozooYzmr5TovoPlkIjnkIbjgII=
",0,2
2019-05-07T15:33:41Z,,2019-05-07T15:36:35Z,2,3,"5L+u5q2j5LqG5paH5qGj5Lit55qE5Lik5Liq5qCH6aKY77yM5Zyo5pyr5bC+5Yqg5LiK5LqGIGBy
ZXNgIOaWh+S7tuWkueS4reeahOWbvueJhw==
",0,1
2019-05-07T15:40:28Z,2019-05-08T09:21:46Z,2019-05-08T09:21:46Z,0,7,"5aKe5Yqg5LqGYW5hY29uZGHnmoTku4vnu40NCmFuYWNvbmRh5LiN5LuF5pyJ5Yqp5LqO5L6/5o23
55qE5LiA6ZSu5byP5a6J6KOF77yM6ICM5LiU5o+Q5L6b5LqG5YWF6Laz55qE5pWw5o2u56eR5a2m
55u45YWz5YyFIO+8jOWHj+WwkeS9v+eUqOmavuW6pg==
",0,2
2019-05-09T03:56:14Z,,2019-05-09T08:20:56Z,0,0,"IyBCdWcgRml4IExpc3Qg8J+Qmw0KMS4gKirkv67lpI3mlofmoaPkuK0gYOivtOaYjmDlrZfmrrXn
moTplJnor68sIOW5tue7n+S4gOS6huWFtuagvOW8jyoqDQoyLiAqKuS/ruato+S6humDqOWIhuih
qOagvOeahOagvOW8j+WPiua4suafk+mUmeivryoqDQozLiAqKuS/ruWkjeS6hkxhVGV45pWw5a2m
5YWs5byP55qE6ZSZ6K+vLCDmm7TmlLnkuLrlm77niYfmmL7npLoqKg0KNC4gKirkv67lpI3kuoZK
U09O5Luj56CB5Z2X55qE5riy5p+T6ZSZ6K+vKioNCg0K
",1,2
2019-05-09T10:01:47Z,,2019-05-18T15:37:25Z,0,1,,0,2
2019-05-09T10:03:59Z,2019-05-18T15:35:04Z,2019-05-18T15:35:04Z,52,52,"fuWImuWImuaJi+i0seeJiOacrOWbnua7mlBS6Ieq5YqoY2xvc2XkuoYuLi4g6YeN5pawUFLkuIDm
rKF+DQoNCiMgQnVnIEZpeCBMaXN0IPCfkJsNCjEuICoq5L+u5aSN5paH5qGj5LitIGDor7TmmI5g
5a2X5q6155qE6ZSZ6K+vLCDlubbnu5/kuIDkuoblhbbmoLzlvI8qKg0KICAgICAtIOS/ruWkjeS6
huaWh+aho+S4rSBgKiror7TmmI46Kipg5rKh5pyJ6KKr5q2j56Gu5riy5p+T5Li6ICoq6K+05piO
OioqIOeahOmUmeivrw0KICAgICAtIOaWh+aho+mHjOacieS4pOenjeS5puWGmeagvOW8jyxgICoq
6K+05piOKio6IGAg5ZKMIGAqKuivtOaYjjoqKmDmraTmrKHkv67lpI3ph4fnlKjnmoTmmK/lkI7k
uIDnp40s5LiN55+l6YGT5oKo5YW35L2T5piv5L2/55So5ZOq5LiA56eNLOaIluaYr+a3t+eUqCwg
5Liq5Lq66K6k5Li65pyA5aW96L+Y5piv5YGa5Yiw5qC85byP57uf5LiADQoyLiAqKuS/ruato+S6
humDqOWIhuihqOagvOeahOagvOW8j+WPiua4suafk+mUmeivryoqDQogICAgLSDkv67lpI3kuoZE
QVkyIOi/kOeul+espuihqOagvOS4reW8guaIluespuWPt+S7peWPiuWkjeWQiOi/kOeul+espuS4
pOagj+eahOa4suafk+mUmeivrw0KICAgIC0g6LCD5pW05LqGREFZMTIg5q2j5YiZ6KGo6L6+5byP
6KGo5qC855qE5qC85byPLOaYvuekuuabtOS4uuW3peaVtA0KMy4gKirkv67lpI3kuobmlbDlrabl
hazlvI/nmoTplJnor68sIOabtOaUueS4uuWbvueJh+aYvuekuioqDQogICAgLSDogIPomZHliLDl
m73lhoXnlKjmiLfnmoTnibnmrormgKcs5q2k5aSE5rKh5pyJ6YeH55So5a6J6KOF5o+S5Lu2LOWk
lumTvuWbvueJh+i/meS4pOenjeino+WGs+aWueW8jw0KNC4gKirkv67lpI3kuoZKU09O5Luj56CB
5Z2X55qE5riy5p+T6ZSZ6K+vKioNCiAgICAtIOS/ruWkjeS6hkpTT07lrZfmrrXooqvmuLLmn5Pm
iJDnuqLoibLlrZflnZfnmoTplJnor68NCg0KIyMgRmluYWxseSwgdGh4IGZvciB5b3VyIHNoYXJp
bmchISE6dGFkYTo6dGFkYTo6dGFkYTo=
",5,5
2019-05-10T03:25:55Z,,2019-05-18T15:35:22Z,3,31,"5L+u5q2j5LqG5paH5qGj5YaF57uD5LmgMuS4jeiDveS/neivgeavj+asoeeUn+aIkOeahOmqjOiv
geeggeeUseWtl+avjeWSjOaVsOWtl+WFseWQjOe7hOaIkOeahGJ1Zw0K6aqM6K+B55Sf5oiQ55qE
6aqM6K+B56CB5piv5ZCm5Li65pWw5a2X5LiO5a2X5q+N57uE5ZCI77yM5aaC5L2V5piv5bCx6L+U
5Zue6aqM6K+B56CB44CC5aaC5p6c5LiN5piv77yM6YeN5paw55Sf5oiQ44CC
",0,2
2019-05-10T07:43:24Z,,2019-05-18T15:32:07Z,1,1,"RGF5MTYtMjAvUHl0aG9u6K+t6KiA6L+b6Zi2Lm1k
",1,2
2019-05-12T05:51:38Z,,2019-05-18T15:30:28Z,3,3,"57yp6L+b5re35Lmx77yIdGFi5LiO56m65qC877yJ
",0,2
2019-05-12T06:19:43Z,,2019-05-18T15:29:27Z,2,4,,0,2
2019-05-12T07:26:46Z,,2019-05-18T15:29:08Z,2,2,"6JC95LqG5Y2K5Liq5ous5Y+3
",0,2
2019-05-12T07:41:51Z,,2019-05-18T15:28:59Z,1,2,"57uD5LmgMeacquWvvOWFpXRpbWXlupM=
",0,2
2019-05-14T09:01:40Z,2019-05-18T15:27:03Z,2019-05-18T15:27:03Z,0,9,"8J+RiyDkvaDlpb3vvIwNCuaIkeeahOS4reaWh+S4jeWlve+8jOWvueS4jei1t+OAgvCfmY8NCg0K
5oiR5Li6UHl0aG9uLTEwMC1EYXlz6YWN572u5LqGR2l0cG9k44CCDQpHaXRwb2TmlK/mjIHlhY3o
tLnmiZPnoIHlnKjnur/vvIzov5nlr7nliJ3lrabogIXmnInlpb3lpITjgIINCuivt+ivleS4gOiv
le+8mg0KDQpbIVtPcGVuIGluIEdpdHBvZF0oaHR0cHM6Ly9naXRwb2QuaW8vYnV0dG9uL29wZW4t
aW4tZ2l0cG9kLnN2ZyldKGh0dHBzOi8vZ2l0cG9kLmlvLyNodHRwczovL2dpdGh1Yi5jb20vamFu
a2Vyb21uZXMvUHl0aG9uLTEwMC1EYXlzKQ0KPGltZyB3aWR0aD0iMTU1MiIgYWx0PSJTY3JlZW5z
aG90IDIwMTktMDUtMTQgYXQgMTAgNDUgMTUiIHNyYz0iaHR0cHM6Ly91c2VyLWltYWdlcy5naXRo
dWJ1c2VyY29udGVudC5jb20vNTk5MjY4LzU3Njg0MDk0LTY3NGRiMTgwLTc2MzUtMTFlOS04YWU0
LTNkOWRlZGZmNDViNC5wbmciPg0K
",0,2
2019-05-14T13:32:18Z,2019-05-18T15:23:31Z,2019-05-18T15:23:31Z,0,0,"5qCH5YeG5bqT6YeM5pyJ5LiA5Liq5ZCN5Li6IHN0cmluZyDnmoTvvIzlnKjlvojlpJrljIXph4zv
vIjmr5TlpoIgcGlwIC0+IGxvZ2dpbmcg77yJ55So5LqG5a6D44CCDQrpibTkuo7vvIzov5nkuKrm
mK/pkojlr7nmlrDmiYvnmoTvvIzlj6/og73lnKjov5nkuKrmlofku7blpLnkuIvnlKggcGlwIOWu
ieijheWMhe+8jOWvvOiHtOWPkeeUnyBgSW1wb3J0RXJyb3JgDQoNCmBgYA0KZnJvbSBzdHJpbmcg
aW1wb3J0IFRlbXBsYXRlDQpJbXBvcnRFcnJvcjogY2Fubm90IGltcG9ydCBuYW1lICdUZW1wbGF0
ZScgZnJvbSAnc3RyaW5nJyAoL1VzZXIveHh4L1B5dGhvbi0xMDAtRGF5cy9EYXkwMS0xNS9EYXkw
Mi9jb2RlL3N0cmluZy5weSkNCmBgYA0KDQrlm6DmraTmlLnlkI3kuLogc3RyaW5ncy5weSDku6Xo
p4Tpgb/mraTplJnor6/jgII=
",1,2
2019-05-15T03:20:48Z,,2019-05-18T15:21:20Z,2,2,"5L+u5pS557uD5LmgMeS7o+eggemUmeivr++8muS4reaWh+WNoOeUqDPkvY3lrZfnrKY=
",0,2
2019-05-15T07:31:34Z,,2019-05-18T15:22:29Z,2,2,"5L+u5pS55Luj56CB5qC85byP6ZSZ6K+v
",1,2
2019-05-15T07:55:25Z,,2019-05-18T15:22:07Z,2,2,"bW9uZXktPWRlYnQgIG5vdCAgbW9uZXkrPWRlYnQ=
",0,2
2019-05-15T22:45:01Z,,2019-05-18T15:19:28Z,2,2,"5bCR5LqG5LiA5LiqJykn
",1,2
2019-05-16T02:15:30Z,,2019-05-18T15:19:03Z,1,1,,2,3
2019-05-16T02:17:41Z,,2019-05-18T15:18:27Z,1,2,"c2xlZXAoKSDlh73mlbAg5qih5Z2X5a+85YWl
",0,2
2019-05-16T02:48:13Z,,2019-05-18T15:17:57Z,2,1,,1,2
2019-05-16T16:20:42Z,2019-05-18T15:14:48Z,2019-05-18T15:14:48Z,2,2,"Z3JvdXAgYnkg5aSa5p2hIOWJjemdouimgeWKoGFueQ==
",1,2
2019-05-17T07:11:49Z,,2019-05-18T15:09:46Z,2,2,"5Ye95pWw5ZCN56ew5L+u5q2j
",2,3
2019-05-17T09:39:35Z,,2019-05-18T15:08:19Z,0,1,,0,2
2019-05-17T12:38:04Z,2019-05-18T15:06:51Z,2019-05-18T15:06:51Z,1,1,"56ysNDfooYznvLrlsJEgJykn
",1,2
2019-05-18T03:09:23Z,,2019-05-18T15:05:55Z,2,4,,0,2
2019-05-19T00:48:14Z,,2019-05-19T00:48:46Z,2,310,,0,1
2019-05-20T06:26:30Z,,2019-05-20T14:38:06Z,2,2,"Rml4ZWQgYnVnOiBtaXNzaW5nIHNwYWNlcw==
",1,2
2019-05-20T08:10:09Z,,2019-05-20T08:14:57Z,1,1,"5L+u5pS5bG9jYWx0aW1lKCk=
",0,1
2019-05-20T10:43:13Z,2019-05-20T14:37:22Z,2019-05-20T14:37:22Z,1,1,"5L+u5pS5IERheTAyIOivvueoi+S4reeahOeslOivr++8jOWBmuWmguS4i+S/ruaUue+8mg0KDQpg
YGANCuiuoeeul+acuuiDveWkhOeQhueahOaVsOaNruacieW+iOWkmuS4reexu+Weiw0KDQrmlLnk
uLrvvJoNCg0K6K6h566X5py66IO95aSE55CG55qE5pWw5o2u5pyJ5b6I5aSa56eN57G75Z6LDQpg
YGA=
",1,2
2019-05-22T07:05:30Z,,2019-08-16T08:51:40Z,4,3,,1,1
2019-06-01T14:02:16Z,,2023-04-15T12:25:25Z,3,2,,0,1
2019-06-02T08:07:33Z,,2019-06-12T23:58:54Z,1,1,"UmVtb3ZlIGFuZCBpZ25vcmUgYC5EU19TdG9yZWAgZ2VuZXJhdGVkIGZyb20gT1MgWC4NCg==
",0,1
2019-06-07T08:04:21Z,,2022-05-09T14:46:05Z,1,1,"5L+u5aSN56m65qC85pWw6ZSZ6K+v
",0,1
2019-06-14T07:10:35Z,,2023-01-23T01:56:13Z,0,0,"MjAxOTA2MTTku47ljp/kvZzogIXlpITmm7TmlrA=
",2,2
2019-06-20T01:25:23Z,,2019-06-25T06:58:56Z,1,1,"YHBpcDMgaW50YWxsIGp1cHl0ZXJgIC0+IGBwaXAzIGluc3RhbGwgLi4uLmA=
",0,1
2018-06-04T11:46:43Z,,2018-06-25T14:35:05Z,1,1,,3,3
2018-06-08T11:36:30Z,2018-06-23T03:46:36Z,2018-06-23T03:46:36Z,1,1,"Zml4IHR5cG8=
",0,2
2018-07-08T11:27:01Z,,2018-10-01T20:07:15Z,21,923,"IyMjIFNlcGVyYXRlIFJFQURNRSBmaWxlcyBmb3IgRW5nbGlzaA0KUkVBRE5FLUVOLm1kIGlzIGlu
dHJvZHVjZWQgZm9yIGVuZ2xpc2ggcGVvcGxlLiBFYWNoIERheSBmb2xkZXIgKi5tZCBmaWxlIGlz
IHRyYW5zbGF0ZWQgaW50byBzZXBlcmF0ZSBlbmdsaXNoIHRyYW5zbGF0aW9uIGZpbGUuDQojIyMg
U2VwZXJhdGUgVHJhbnNsYXRpb24gZm9sZGVyIGZvciBjb2RlIGZpbGVzDQpJZiB0aGVyZSBpcyBt
b3JlIGNvZGUgdGhhdCBjYW4gbm90IGJlIHRyYW5zbGF0ZWQgaW4gdGhlIHNhbWUgZmlsZSB0aGVu
IGl0IGlzIHB1dCBpbnRvIGEgc3ViZm9sZGVyIGNhbGxlZCAiZW5nbGlzaCIsIG90aGVyd2lzZSB0
aGUgY29tbWVudHMgYXJlIHRyYW5zbGF0ZWQgYWxvbmcgd2l0aCBjaGluZXNlDQoNClRoaXMgaXMg
YSB0ZW1wbGF0ZSBmb3IgaG93IG9uZSBzaG91bGQgc3VibWl0IHRyYW5zbGF0aW9ucy4gUGxlYXNl
IGNvbnNpZGVyIHRoaXMuIEkgYW0gdGVhY2hpbmcgbXkgc3R1ZGVudHMgdGhpcyBjb3Vyc2UgYW5k
IGkgYW0gdHJhbnNsYXRpbmcgYXMgaSB0ZWFjaC4=
",3,3
2018-10-16T08:24:39Z,,2018-10-16T08:24:59Z,0,0,"5L+u5pS55pu05paw
",0,1
2019-01-29T02:01:56Z,2019-05-04T02:17:51Z,2019-05-04T02:17:51Z,1,1,"5L+u5aSN5LiA6KGM6ZSZ6K+v5Luj56CB
",1,2
2019-01-29T07:31:27Z,,2019-05-04T02:19:48Z,4,3,"5L+u5aSN6YOo5YiG5Luj56CB
",1,2
2019-02-20T13:51:46Z,2019-05-04T02:15:29Z,2019-05-04T02:15:29Z,2,2,,0,2
2019-04-17T07:40:10Z,,2019-04-26T15:15:36Z,1,1,"W2ZsYWtlOF0oaHR0cDovL2ZsYWtlOC5weWNxYS5vcmcpIHRlc3Rpbmcgb2YgaHR0cHM6Ly9naXRo
dWIuY29tL2phY2tmcnVlZC9QeXRob24tMTAwLURheXMgb24gUHl0aG9uIDMuNy4xDQoNCiQgX19m
bGFrZTggLiAtLWNvdW50IC0tc2VsZWN0PUU5LEY2MyxGNzIsRjgyIC0tc2hvdy1zb3VyY2UgLS1z
dGF0aXN0aWNzX18NCmBgYA0KLi9EYXkxNi0yMC9jb2RlL2V4YW1wbGUwMS5weToxOjE6IEU5OTkg
SW5kZW50YXRpb25FcnJvcjogdW5leHBlY3RlZCBpbmRlbnQNCiAiIiINCl4NCjEgICAgIEU5OTkg
SW5kZW50YXRpb25FcnJvcjogdW5leHBlY3RlZCBpbmRlbnQNCjENCmBgYA0KX19FOTAxLEU5OTks
RjgyMSxGODIyLEY4MjNfXyBhcmUgdGhlICJfc2hvd3N0b3BwZXJfIiBbZmxha2U4XShodHRwOi8v
Zmxha2U4LnB5Y3FhLm9yZykgaXNzdWVzIHRoYXQgY2FuIGhhbHQgdGhlIHJ1bnRpbWUgd2l0aCBh
IFN5bnRheEVycm9yLCBOYW1lRXJyb3IsIGV0Yy4gVGhlc2UgNSBhcmUgZGlmZmVyZW50IGZyb20g
bW9zdCBvdGhlciBmbGFrZTggaXNzdWVzIHdoaWNoIGFyZSBtZXJlbHkgInN0eWxlIHZpb2xhdGlv
bnMiIC0tIHVzZWZ1bCBmb3IgcmVhZGFiaWxpdHkgYnV0IHRoZXkgZG8gbm90IGVmZmVjdCBydW50
aW1lIHNhZmV0eS4NCiogRjgyMTogdW5kZWZpbmVkIG5hbWUgYG5hbWVgDQoqIEY4MjI6IHVuZGVm
aW5lZCBuYW1lIGBuYW1lYCBpbiBgX19hbGxfX2ANCiogRjgyMzogbG9jYWwgdmFyaWFibGUgbmFt
ZSByZWZlcmVuY2VkIGJlZm9yZSBhc3NpZ25tZW50DQoqIEU5MDE6IFN5bnRheEVycm9yIG9yIElu
ZGVudGF0aW9uRXJyb3INCiogRTk5OTogU3ludGF4RXJyb3IgLS0gZmFpbGVkIHRvIGNvbXBpbGUg
YSBmaWxlIGludG8gYW4gQWJzdHJhY3QgU3ludGF4IFRyZWU=
",3,2
2019-04-24T11:11:20Z,,2019-05-03T13:22:00Z,3,3,,2,4
2019-05-04T14:27:59Z,,2019-05-05T02:26:24Z,1,2,"RGF5IDA444CC5pe26ZKf57uD5Lmg77yM5bqU6K+l5byV5YWl5YyFDQpmcm9tIHRpbWUgaW1wb3J0
IHNsZWVw
",0,1
2019-05-05T04:23:01Z,,2019-05-06T16:05:18Z,3,3,"MS7pg6jliIbmloflrZfpl67popgNCjIubWFya2Rvd27or63ms5Ug5Y+M5rOi5rWq57q/fn4g5Li6
5Yig6Zmk57q/77yM5L2GZ2l0aHVi5a6e6ZmF5L2/55So5Y2V5rOi5rWq57q/5Y2z5Li65Yig6Zmk
57q/5pWI5p6c
",1,2
2019-05-06T03:42:30Z,,2019-05-06T16:09:07Z,3,3,"Zm9yIHRoZSBiZWdpbm5lciwgIGNoYW5nZSB0aGUgbWV0aG9kIG9mIHRoZSBjbGFzcyBDbG9jayAg
J19fc3RyX18nICBpbnRvICdzaG93JyAgYXMgdGhlIGV4YW1wbGUgY29kZSBkb2VzLg==
",1,2
2019-05-07T07:22:58Z,2019-05-18T15:36:57Z,2019-05-18T15:36:57Z,4,9,,0,2
2019-05-07T11:52:52Z,2019-05-08T09:22:51Z,2019-05-08T09:22:51Z,1,1,"56ys5LiA6aKY5pyJ5Lit5paH6K+t55eF77yf
",1,2
2019-05-07T14:52:04Z,,2019-05-18T15:36:05Z,2,2,"5oiR5oSf6KeJ4oCcXG7igJ3mlL7lnKjlgJLmlbDnrKzkuozooYzmr5TovoPlkIjnkIbjgII=
",0,2
2019-05-07T15:33:41Z,,2019-05-07T15:36:35Z,2,3,"5L+u5q2j5LqG5paH5qGj5Lit55qE5Lik5Liq5qCH6aKY77yM5Zyo5pyr5bC+5Yqg5LiK5LqGIGBy
ZXNgIOaWh+S7tuWkueS4reeahOWbvueJhw==
",0,1
2019-05-07T15:40:28Z,2019-05-08T09:21:46Z,2019-05-08T09:21:46Z,0,7,"5aKe5Yqg5LqGYW5hY29uZGHnmoTku4vnu40NCmFuYWNvbmRh5LiN5LuF5pyJ5Yqp5LqO5L6/5o23
55qE5LiA6ZSu5byP5a6J6KOF77yM6ICM5LiU5o+Q5L6b5LqG5YWF6Laz55qE5pWw5o2u56eR5a2m
55u45YWz5YyFIO+8jOWHj+WwkeS9v+eUqOmavuW6pg==
",0,2
2019-05-09T03:56:14Z,,2019-05-09T08:20:56Z,0,0,"IyBCdWcgRml4IExpc3Qg8J+Qmw0KMS4gKirkv67lpI3mlofmoaPkuK0gYOivtOaYjmDlrZfmrrXn
moTplJnor68sIOW5tue7n+S4gOS6huWFtuagvOW8jyoqDQoyLiAqKuS/ruato+S6humDqOWIhuih
qOagvOeahOagvOW8j+WPiua4suafk+mUmeivryoqDQozLiAqKuS/ruWkjeS6hkxhVGV45pWw5a2m
5YWs5byP55qE6ZSZ6K+vLCDmm7TmlLnkuLrlm77niYfmmL7npLoqKg0KNC4gKirkv67lpI3kuoZK
U09O5Luj56CB5Z2X55qE5riy5p+T6ZSZ6K+vKioNCg0K
",1,2
2019-05-09T10:01:47Z,,2019-05-18T15:37:25Z,0,1,,0,2
2019-05-09T10:03:59Z,2019-05-18T15:35:04Z,2019-05-18T15:35:04Z,52,52,"fuWImuWImuaJi+i0seeJiOacrOWbnua7mlBS6Ieq5YqoY2xvc2XkuoYuLi4g6YeN5pawUFLkuIDm
rKF+DQoNCiMgQnVnIEZpeCBMaXN0IPCfkJsNCjEuICoq5L+u5aSN5paH5qGj5LitIGDor7TmmI5g
5a2X5q6155qE6ZSZ6K+vLCDlubbnu5/kuIDkuoblhbbmoLzlvI8qKg0KICAgICAtIOS/ruWkjeS6
huaWh+aho+S4rSBgKiror7TmmI46Kipg5rKh5pyJ6KKr5q2j56Gu5riy5p+T5Li6ICoq6K+05piO
OioqIOeahOmUmeivrw0KICAgICAtIOaWh+aho+mHjOacieS4pOenjeS5puWGmeagvOW8jyxgICoq
6K+05piOKio6IGAg5ZKMIGAqKuivtOaYjjoqKmDmraTmrKHkv67lpI3ph4fnlKjnmoTmmK/lkI7k
uIDnp40s5LiN55+l6YGT5oKo5YW35L2T5piv5L2/55So5ZOq5LiA56eNLOaIluaYr+a3t+eUqCwg
5Liq5Lq66K6k5Li65pyA5aW96L+Y5piv5YGa5Yiw5qC85byP57uf5LiADQoyLiAqKuS/ruato+S6
humDqOWIhuihqOagvOeahOagvOW8j+WPiua4suafk+mUmeivryoqDQogICAgLSDkv67lpI3kuoZE
QVkyIOi/kOeul+espuihqOagvOS4reW8guaIluespuWPt+S7peWPiuWkjeWQiOi/kOeul+espuS4
pOagj+eahOa4suafk+mUmeivrw0KICAgIC0g6LCD5pW05LqGREFZMTIg5q2j5YiZ6KGo6L6+5byP
6KGo5qC855qE5qC85byPLOaYvuekuuabtOS4uuW3peaVtA0KMy4gKirkv67lpI3kuobmlbDlrabl
hazlvI/nmoTplJnor68sIOabtOaUueS4uuWbvueJh+aYvuekuioqDQogICAgLSDogIPomZHliLDl
m73lhoXnlKjmiLfnmoTnibnmrormgKcs5q2k5aSE5rKh5pyJ6YeH55So5a6J6KOF5o+S5Lu2LOWk
lumTvuWbvueJh+i/meS4pOenjeino+WGs+aWueW8jw0KNC4gKirkv67lpI3kuoZKU09O5Luj56CB
5Z2X55qE5riy5p+T6ZSZ6K+vKioNCiAgICAtIOS/ruWkjeS6hkpTT07lrZfmrrXooqvmuLLmn5Pm
iJDnuqLoibLlrZflnZfnmoTplJnor68NCg0KIyMgRmluYWxseSwgdGh4IGZvciB5b3VyIHNoYXJp
bmchISE6dGFkYTo6dGFkYTo6dGFkYTo=
",5,5
2019-05-10T03:25:55Z,,2019-05-18T15:35:22Z,3,31,"5L+u5q2j5LqG5paH5qGj5YaF57uD5LmgMuS4jeiDveS/neivgeavj+asoeeUn+aIkOeahOmqjOiv
geeggeeUseWtl+avjeWSjOaVsOWtl+WFseWQjOe7hOaIkOeahGJ1Zw0K6aqM6K+B55Sf5oiQ55qE
6aqM6K+B56CB5piv5ZCm5Li65pWw5a2X5LiO5a2X5q+N57uE5ZCI77yM5aaC5L2V5piv5bCx6L+U
5Zue6aqM6K+B56CB44CC5aaC5p6c5LiN5piv77yM6YeN5paw55Sf5oiQ44CC
",0,2
2019-05-10T07:43:24Z,,2019-05-18T15:32:07Z,1,1,"RGF5MTYtMjAvUHl0aG9u6K+t6KiA6L+b6Zi2Lm1k
",1,2
2019-05-12T05:51:38Z,,2019-05-18T15:30:28Z,3,3,"57yp6L+b5re35Lmx77yIdGFi5LiO56m65qC877yJ
",0,2
2019-05-12T06:19:43Z,,2019-05-18T15:29:27Z,2,4,,0,2
2019-05-12T07:26:46Z,,2019-05-18T15:29:08Z,2,2,"6JC95LqG5Y2K5Liq5ous5Y+3
",0,2
2019-05-12T07:41:51Z,,2019-05-18T15:28:59Z,1,2,"57uD5LmgMeacquWvvOWFpXRpbWXlupM=
",0,2
2019-05-14T09:01:40Z,2019-05-18T15:27:03Z,2019-05-18T15:27:03Z,0,9,"8J+RiyDkvaDlpb3vvIwNCuaIkeeahOS4reaWh+S4jeWlve+8jOWvueS4jei1t+OAgvCfmY8NCg0K
5oiR5Li6UHl0aG9uLTEwMC1EYXlz6YWN572u5LqGR2l0cG9k44CCDQpHaXRwb2TmlK/mjIHlhY3o
tLnmiZPnoIHlnKjnur/vvIzov5nlr7nliJ3lrabogIXmnInlpb3lpITjgIINCuivt+ivleS4gOiv
le+8mg0KDQpbIVtPcGVuIGluIEdpdHBvZF0oaHR0cHM6Ly9naXRwb2QuaW8vYnV0dG9uL29wZW4t
aW4tZ2l0cG9kLnN2ZyldKGh0dHBzOi8vZ2l0cG9kLmlvLyNodHRwczovL2dpdGh1Yi5jb20vamFu
a2Vyb21uZXMvUHl0aG9uLTEwMC1EYXlzKQ0KPGltZyB3aWR0aD0iMTU1MiIgYWx0PSJTY3JlZW5z
aG90IDIwMTktMDUtMTQgYXQgMTAgNDUgMTUiIHNyYz0iaHR0cHM6Ly91c2VyLWltYWdlcy5naXRo
dWJ1c2VyY29udGVudC5jb20vNTk5MjY4LzU3Njg0MDk0LTY3NGRiMTgwLTc2MzUtMTFlOS04YWU0
LTNkOWRlZGZmNDViNC5wbmciPg0K
",0,2
2019-05-14T13:32:18Z,2019-05-18T15:23:31Z,2019-05-18T15:23:31Z,0,0,"5qCH5YeG5bqT6YeM5pyJ5LiA5Liq5ZCN5Li6IHN0cmluZyDnmoTvvIzlnKjlvojlpJrljIXph4zv
vIjmr5TlpoIgcGlwIC0+IGxvZ2dpbmcg77yJ55So5LqG5a6D44CCDQrpibTkuo7vvIzov5nkuKrm
mK/pkojlr7nmlrDmiYvnmoTvvIzlj6/og73lnKjov5nkuKrmlofku7blpLnkuIvnlKggcGlwIOWu
ieijheWMhe+8jOWvvOiHtOWPkeeUnyBgSW1wb3J0RXJyb3JgDQoNCmBgYA0KZnJvbSBzdHJpbmcg
aW1wb3J0IFRlbXBsYXRlDQpJbXBvcnRFcnJvcjogY2Fubm90IGltcG9ydCBuYW1lICdUZW1wbGF0
ZScgZnJvbSAnc3RyaW5nJyAoL1VzZXIveHh4L1B5dGhvbi0xMDAtRGF5cy9EYXkwMS0xNS9EYXkw
Mi9jb2RlL3N0cmluZy5weSkNCmBgYA0KDQrlm6DmraTmlLnlkI3kuLogc3RyaW5ncy5weSDku6Xo
p4Tpgb/mraTplJnor6/jgII=
",1,2
2019-05-15T03:20:48Z,,2019-05-18T15:21:20Z,2,2,"5L+u5pS557uD5LmgMeS7o+eggemUmeivr++8muS4reaWh+WNoOeUqDPkvY3lrZfnrKY=
",0,2
2019-05-15T07:31:34Z,,2019-05-18T15:22:29Z,2,2,"5L+u5pS55Luj56CB5qC85byP6ZSZ6K+v
",1,2
2019-05-15T07:55:25Z,,2019-05-18T15:22:07Z,2,2,"bW9uZXktPWRlYnQgIG5vdCAgbW9uZXkrPWRlYnQ=
",0,2
2019-05-15T22:45:01Z,,2019-05-18T15:19:28Z,2,2,"5bCR5LqG5LiA5LiqJykn
",1,2
2019-05-16T02:15:30Z,,2019-05-18T15:19:03Z,1,1,,2,3
2019-05-16T02:17:41Z,,2019-05-18T15:18:27Z,1,2,"c2xlZXAoKSDlh73mlbAg5qih5Z2X5a+85YWl
",0,2
2019-05-16T02:48:13Z,,2019-05-18T15:17:57Z,2,1,,1,2
2019-05-16T16:20:42Z,2019-05-18T15:14:48Z,2019-05-18T15:14:48Z,2,2,"Z3JvdXAgYnkg5aSa5p2hIOWJjemdouimgeWKoGFueQ==
",1,2
2019-05-17T07:11:49Z,,2019-05-18T15:09:46Z,2,2,"5Ye95pWw5ZCN56ew5L+u5q2j
",2,3
2019-05-17T09:39:35Z,,2019-05-18T15:08:19Z,0,1,,0,2
2019-05-17T12:38:04Z,2019-05-18T15:06:51Z,2019-05-18T15:06:51Z,1,1,"56ysNDfooYznvLrlsJEgJykn
",1,2
2019-05-18T03:09:23Z,,2019-05-18T15:05:55Z,2,4,,0,2
2019-05-19T00:48:14Z,,2019-05-19T00:48:46Z,2,310,,0,1
2019-05-20T06:26:30Z,,2019-05-20T14:38:06Z,2,2,"Rml4ZWQgYnVnOiBtaXNzaW5nIHNwYWNlcw==
",1,2
2019-05-20T08:10:09Z,,2019-05-20T08:14:57Z,1,1,"5L+u5pS5bG9jYWx0aW1lKCk=
",0,1
2019-05-20T10:43:13Z,2019-05-20T14:37:22Z,2019-05-20T14:37:22Z,1,1,"5L+u5pS5IERheTAyIOivvueoi+S4reeahOeslOivr++8jOWBmuWmguS4i+S/ruaUue+8mg0KDQpg
YGANCuiuoeeul+acuuiDveWkhOeQhueahOaVsOaNruacieW+iOWkmuS4reexu+Weiw0KDQrmlLnk
uLrvvJoNCg0K6K6h566X5py66IO95aSE55CG55qE5pWw5o2u5pyJ5b6I5aSa56eN57G75Z6LDQpg
YGA=
",1,2
2019-05-22T07:05:30Z,,2019-08-16T08:51:40Z,4,3,,1,1
2019-06-01T14:02:16Z,,2023-04-15T12:25:25Z,3,2,,0,1
2019-06-02T08:07:33Z,,2019-06-12T23:58:54Z,1,1,"UmVtb3ZlIGFuZCBpZ25vcmUgYC5EU19TdG9yZWAgZ2VuZXJhdGVkIGZyb20gT1MgWC4NCg==
",0,1
2019-06-07T08:04:21Z,,2022-05-09T14:46:05Z,1,1,"5L+u5aSN56m65qC85pWw6ZSZ6K+v
",0,1
2019-06-14T07:10:35Z,,2023-01-23T01:56:13Z,0,0,"MjAxOTA2MTTku47ljp/kvZzogIXlpITmm7TmlrA=
",2,2
2019-06-20T01:25:23Z,,2019-06-25T06:58:56Z,1,1,"YHBpcDMgaW50YWxsIGp1cHl0ZXJgIC0+IGBwaXAzIGluc3RhbGwgLi4uLmA=
",0,1
