2014-01-20T10:53:48Z,2014-01-20T10:57:28Z,2014-01-20T10:57:28Z,1,1,,1,4
2014-01-23T17:50:31Z,2014-01-23T18:06:50Z,2014-01-23T18:06:50Z,1,1,"RU9NLgo=
",1,3
2014-01-23T18:36:29Z,2014-01-23T18:39:24Z,2014-01-23T18:39:24Z,1,1,,1,3
2014-01-23T23:09:13Z,2014-01-24T04:27:34Z,2014-01-24T04:27:34Z,1,2,,1,4
2014-01-24T12:32:26Z,2014-01-24T13:23:04Z,2014-01-24T13:23:04Z,2,2,"SWYgJ25vdycgaXMgbm90IGluICdkYXRhJywgdGhlIHJlc3VsdCBpcyAtMSwgc28gaXQgc2hvdWxk
IGJlICc+PSAwJyAuLi4K
",1,4
2014-01-24T13:13:38Z,2014-01-24T13:16:54Z,2014-01-24T13:16:54Z,0,1,,1,3
2014-01-24T17:11:32Z,,2014-09-29T11:27:45Z,6,8,"SXQncyByZWZlcmVuY2VkIGZyb20gZWxhc3RpYyBzZWFyY2ggbWV0cmljcyBpbXBvcnQgYW5kIG5v
dCBkZWZpbmVkIGluIHNldHRpbmdzLgo=
",1,3
2014-01-27T01:11:26Z,2014-01-27T07:33:43Z,2014-01-27T07:33:43Z,2,2,"c2VlIGh0dHA6Ly9ncmFwaGl0ZS5yZWFkdGhlZG9jcy5vcmcvZW4vMC45LngvZnVuY3Rpb25zLmh0
bWwjZ3JhcGhpdGUucmVuZGVyLmZ1bmN0aW9ucy5kZXJpdmF0aXZlCg==
",2,4
2014-01-27T19:03:05Z,2014-01-28T11:37:35Z,2014-01-28T11:37:35Z,3,4,,5,3
2014-01-31T14:46:47Z,,2014-02-01T08:54:49Z,7,19,"VGhpcyBpcyBhIFBSIGZvciAjMjQgd2hpY2ggYWxsb3dzIHNlYXJjaCB0byB3b3JrIHdpdGggYW4g
RWxhc3RpY1NlYXJjaCBjbHVzdGVyIHRoYXQgaGFzIHRoZSBfYWxsIG9wdGlvbiBkaXNhYmxlZC4K
",3,3
2014-01-31T20:42:51Z,2014-02-01T07:45:48Z,2014-02-01T07:45:48Z,17,40,"SSBhZGRlZCBiYXNpYyBhdXRoZW50aWNhdGlvbiBmb3IgZWxhc3RpY3NlYXJjaC4KCkFsc28gSSBj
cmVhdGVkIGEgc2FtcGxlIG5naW54IGNvbmYgaG93IHRvIHNldHVwIG5naW54OiBodHRwczovL2dp
c3QuZ2l0aHViLmNvbS9vcm9jZS84NzQyNzA0Cg==
",2,3
2014-02-03T08:54:45Z,2014-02-05T12:28:38Z,2014-02-05T12:28:38Z,0,7,"aGksCm5ldyB0byBncmFmYW5hIGFuZCBuZXcgdG8gZ2l0aHViLiBqdXN0IGFkZGVkIHRoaXMgZnVu
Y3Rpb24gd2hpY2ggaXMgYXZhaWxhYmxlIGluIGdyYXBoaXRlLiBpZiBpdCdzIGdvb2QgaSdsbCB0
cnkgdG8gY29udHJpYnV0ZSBzb21lIG1vcmUuCmFuZHJlCg==
",0,3
2014-02-05T18:03:05Z,2014-02-05T18:16:02Z,2014-02-05T18:16:02Z,4,4,"VGhpcyBoYXBwZW5zIGlmIHlvdSBoYXZlIGtpYmFuYSBvbiAva2liYW5hIGFuZCBncmFmYW5hIG9u
IC9ncmFmYW5hLCByZXN1bHRpbmcgaW4gc29tZSBiYWQgcmVkaXJlY3RzCg==
",1,3
2014-02-09T09:14:31Z,2014-02-09T12:41:12Z,2014-02-09T12:41:12Z,2,7,"U29tZXRpbWVzIHlvdSB3YW50IHRvIGV4cHJlc3MgJ2xlc3MgaXMgd29yc2UnIHRocmVzaG9sZHMu
IFRoYXQgbWVhbnMgc2V0dGluZyB0aGUgZXJyb3IgdGhyZXNob2xkIGJlbG93IHRoZSB3YXJuaW5n
IHRocmVzaG9sZC4gVGhlIHByb2JsZW0gd2FzLCB0aGF0IHRoZSBlcnJvciBtYXJraW5nIGFsd2F5
cyB3ZW50IHVwIHRvICtJbmZpbml0eS4gQ29uY2VybnMgMTY1OTlhMDdhOTM2NTY5YmZhYWJiY2M1
N2NmODA4N2EwMTEzMmNmYS4K
",3,5
2014-02-11T11:49:46Z,2014-02-11T16:16:26Z,2014-02-11T16:16:26Z,2,2,"Li4uZm9yIHN1bW1hcml6ZSBncmFwaGl0ZSBmdW5jdGlvbgo=
",3,3
2014-02-21T18:21:39Z,2014-02-21T19:06:22Z,2014-02-21T19:06:22Z,0,7,,1,3
2014-02-24T08:03:41Z,2014-02-24T08:04:58Z,2014-02-24T08:04:58Z,0,7,,1,3
2014-02-25T11:24:26Z,2014-02-25T12:09:34Z,2014-02-25T12:09:34Z,0,14,"V2Ugd2VyZSB1c2luZyBib3RoIGZ1bmN0aW9ucyBpbiBvdXIgZ3JhcGhpdGUgZ3JhcGhzL2Rhc2hi
b2FyZHMsIHNvIEkndmUgYWRkZWQgdGhlbSB0byBncmFmYW5hIGFzIHdlbGwuCg==
",1,3
2014-02-25T13:22:00Z,,2014-02-26T18:47:31Z,2,17,,3,3
2014-02-26T00:13:00Z,,2014-02-26T07:53:35Z,1,9,"VGhpcyBmaXhlcyB0aGUgQmFzaWMgQXV0aCBub3Qgd29ya2luZyBpc3N1ZSAoaXNzdWUjMTYpIGZ1
cnRoZXIsIGJ5CnJlbW92aW5nIHRoZSBhdXRoIHN0cmluZyBmcm9tIHRoZSBVUkwgYmVmb3JlIGdy
YWZhbmEgYXR0ZW1wdHMgdG8gdXNlCml0LiBTb21lIGpzIGRvZXNuJ3QgaGFuZGxlIGl0IHByb3Bl
cmx5IEkgdGhpbmssIGFuZCB0cmllcyB0byBpbmNsdWRlIHRoZSBhdXRoCnN0cmluZyBpbiBkbnMg
bG9va3Vwcyg/KSwgc28gdGhlIHJlcXVlc3QgbmV2ZXIgZXZlbiBoaXRzIHRoZSBncmFwaGl0ZQpz
ZXJ2ZXIgd2hlbiBhbiBhdXRoIHN0cmluZyBpcyBwcmVzZW50IChhdCBsZWFzdCBpbiBteSBhdHRl
bXB0cykuIEFkZGluZyB0aGlzIGJpdCBvZiBjb2RlIHRvIHN0cmlwIG91dCB0aGUgdXNlcm5hbWU6
cGFzc3dvcmRAIGdvdCBpdCB0byBib3RoIHNlbmQgdGhlIHJlcXVlc3QgdG8gdGhlIGdyYXBoaXRl
IHNlcnZlciBhcyB3ZWxsIGFzIGxvZ2luIHZpYSBiYXNpYyBhdXRoIGFzIGV4cGVjdGVkLgo=
",1,3
2014-02-26T11:38:31Z,2014-02-26T15:56:26Z,2014-02-26T15:56:26Z,0,14,"QWRkZWQgaGlnaGVzdEF2ZXJhZ2UgLyBsb3dlc3RBdmVyYWdlICh1c2VkIGluIG91ciBncmFwaHMp
Cg==
",2,3
2014-02-27T15:01:24Z,2014-02-27T17:27:42Z,2014-02-27T17:27:42Z,2,20,,0,3
2014-02-28T19:19:41Z,2014-02-28T19:30:02Z,2014-02-28T19:30:03Z,1,1,"SXQgbG9va3MgbGlrZSBpbiB0aGUgcmVmYWN0b3Jpbmcgb2YgUFIgIzE0NCB0aGUgdmFyaWFibGUg
bmFtZSBmb3IgZ3JhcGhpdGUgYmFzaWMgYXV0aCBnb3QgY2hhbmdlZCBkNzlkY2I5NTJkNTUxOWIz
YWJiYjE1MWMwODAyMTc3Y2RjYjMxMzU4CgpUaGlzIGZpeGVzIHRoYXQgc28gSFRUUCBhdXRoIHdv
cmtzIGFnYWluIG9uIGdyYXBoaXRlLgoKSSB3b3VsZCBhc3N1bWUgdGhhdCBhIHNpbWlsYXIgY2hh
bmdlIHdvdWxkIG5lZWQgdG8gYmUgbWFkZSBvbiBlbGFzdGljc2VhcmNoLCBidXQgSSBkbyBub3Qg
aGF2ZSBhIHJ1bm5pbmcgaW5zdGFuY2UgdG8gdGVzdCBhZ2FpbnN0LCBzbyBJIGRvbid0IGZlZWwg
Y29tZm9ydGFibGUgbWFraW5nIHRoYXQgY2hhbmdlLgoKUmVmZXJlbmNlcyAjMTUyLgo=
",1,3
2014-03-04T08:42:16Z,2014-03-04T08:57:18Z,2014-03-04T08:57:18Z,0,21,"QWRkZWQgYSBmZXcgbW9yZSBmdW5jdGlvbnMuCi0gY3VycmVudEFib3ZlCi0gY3VycmVudEJlbG93
Ci0gaGlnaGVzdE1heAo=
",0,3
2014-03-06T19:39:53Z,2014-03-07T12:58:15Z,2014-03-07T12:58:15Z,2,3,"TmljZSB3b3JrISBLZWVwIGl0IHVwIDotKQo=
",1,3
2014-03-10T10:07:39Z,2014-03-10T10:11:24Z,2014-03-10T10:11:24Z,1,1,"Li4uIDAuOS4xMiBzZWVtIHRvIHRyZWF0IGRlY2ltYWwgbWF4RGF0YVBvaW50cyBiYWRseSByZXR1
cm5pbmcgZW5vdXJtb3VzIGFtb3VudHMgb2YgZGF0YS4KCkkgd2FzIG1lc3NpbmcgYXJvdW5kIHdp
dGggdXNpbmcgdGhlIDMwZGF5IGRhc2hib2FyZCB0aW1lIHJhbmdlIGFuZCBub3RpY2VkIHRoYXQg
aXQgd2FzIGV4Y2VlZGluZ2x5IHNsb3cuIEFmdGVyIHNvbWUgZGlnZ2luZyBJIGZvdW5kIHRoYXQg
aWYgeW91IHBhc3MgYSBkZWNpbWFsIHRvIGdyYXBoaXRlIGZvciBtYXhEYXRhUG9pbnRzIGl0IHJl
dHVybnMgYSBtYXNzaXZlIHRpbWUgcmFuZ2UsIHNlZW1pbmdseSBhbGwgdGhlIGRhdGEgZm9yIHRo
YXQgcmFuZ2UgYXQgdGhlIHNtYWxsZXN0IHJlc29sdXRpb24uCkFsdGhvdWdoIHRoaXMgc2VlbXMg
bGlrZSBhIGdyYXBoaXRlIGlzc3VlLCB0aGUgY2xpZW50IHNpZGUgZml4IGlzIHF1aXRlIHNpbXBs
ZSBzbyBJIGZpZ3VyZWQgSSdkIGNvbnRyaWJ1dGUuCg==
",4,5
2014-03-10T13:08:20Z,2014-03-10T13:17:15Z,2014-03-10T13:17:15Z,0,21,,1,3
2014-03-12T08:25:57Z,2014-03-12T08:57:47Z,2014-03-12T08:57:47Z,5,12,"Tm90IHN1cmUgaG93IHRoZSBvbmVzIHRoYXQgYXJlIGluY2x1ZGVkIHdlcmUgcGlja2VkLCBidXQg
d2UgdXNlIHRoaXMgb25lIHNvIGl0IHdvdWxkIGJlIGdvb2QgdG8gYmUgaW5jbHVkZWQuCg==
",2,3
2014-03-12T19:59:40Z,,2015-06-06T07:46:47Z,2,265,"QWRkZWQgYSBuZXcgcGFuZWwgdHlwZSwgZm9yIHNob3dpbmcgInVwdGltZSIgKHBlcmNlbnQgb2Yg
dGltZSB0aGF0IGEgdGFyZ2V0IGlzIGJlbG93IGEgdGhyZXNob2xkKS4KCkknbSBwcmV0dHkgbmV3
IHRvIGFuZ3VsYXIsIHNvIHRoaXMgcGFuZWwgY291bGQgdXNlIHNvbWUgY2xlYW51cCAtLSBzZWUg
UkVBRE1FLm1kLgo=
",5,3
2014-03-16T20:05:11Z,2014-03-17T16:25:28Z,2014-03-17T16:25:28Z,2,2,"QSBmcmVzaCBgbnBtIGluc3RhbGxgIHNlZW1zIHRvIGJyZWFrIHRoZSBgYnVpbGRgIHRhc2suIEl0
IHVzZWQgdG8gd29yayBmaW5lIG9uIG15IGxhcHRvcCBidXQgYnJva2UgYWZ0ZXIgYSByZXNldCBv
ZiBgbm9kZV9tb2R1bGVzYC4KCmBgYAokIGdydW50IGJ1aWxkClsgc25pcCBdCj4+IFVnbGlmeWlu
ZyBzb3VyY2UgImRpc3QvYXBwL2FwcC5qcyIgZmFpbGVkLgpXYXJuaW5nOiBVZ2xpZmljYXRpb24g
ZmFpbGVkLgpVbmV4cGVjdGVkIHRva2VuOiBuYW1lIChzdG9yZXMpLiAKTGluZSA2MTMyNyBpbiBk
aXN0L2FwcC9hcHAuanMKIFVzZSAtLWZvcmNlIHRvIGNvbnRpbnVlLgoKQWJvcnRlZCBkdWUgdG8g
d2FybmluZ3MuCmBgYAoKVGhlIG9mZmVuZGluZyBsaW5lIGlzIGh0dHBzOi8vZ2l0aHViLmNvbS90
b3JrZWxvL2dyYWZhbmEvYmxvYi9tYXN0ZXIvc3JjL2FwcC9hcHAuanMjTDI5LCB3aGljaCBoYXMg
YmVlbiB1bmNvbW1lbnRlZCBieSBhIHByZXZpb3VzIHRhc2ssIGhlbmNlIHRoZSBlcnJvci4KCk15
IGZpeCBpcyBxdWl0ZSBuYWl2ZSwgdGhlcmUgbXVzdCBiZSBhIGJldHRlciB3YXnigKYgSSBoYXZl
bid0IGZvdW5kIHRoZSAzcmQtcGFydHkgbGlicmFyeSB2ZXJzaW9uIGNoYW5nZSB0aGF0IGNhdXNl
ZCB0aGUgaXNzdWUgdGhvdWdoLgoKSGVyZSdzIG15IGBucG0gbGlzdGA6IGh0dHBzOi8vZ2lzdC5n
aXRodWIuY29tL2JydXRhc3NlL2UxZDE1ODc5MjUzMWRiMmMwMGNiCg==
",2,3
2014-03-17T08:27:48Z,2014-03-17T10:31:06Z,2014-03-17T10:31:06Z,0,12,,1,3
2014-03-18T19:24:13Z,2014-06-14T09:40:49Z,2014-06-14T09:40:49Z,6,461,"VGhpcyBhZGRzIHN1cHBvcnQgZm9yIHF1ZXJ5aW5nIE9wZW5UU0RCIGZvciBtZXRyaWMgZGF0YS4K
",25,8
2014-03-18T19:37:52Z,2014-03-18T20:08:31Z,2014-03-18T20:08:31Z,0,8,"aGVyZSdzIGEgcHVsbCByZXF1ZXN0IHRvIHN3aXRjaCBvbiB0aGUgbG9nYXJpdGhtaWMgc2NhbGUg
ZnVuY3Rpb24gYXMgZGlzY3Vzc2VkIGluICMxMDAgCg==
",1,3
2014-03-19T01:03:38Z,2014-03-19T05:05:55Z,2014-03-19T05:05:55Z,1,1,,1,3
2014-03-23T17:56:45Z,2014-03-23T20:08:34Z,2014-03-23T20:08:34Z,1,6,"SW5mbHV4REIgc3VwcG9ydCBtb3JlIGZ1bmN0aW9ucyB0aGF0IHRoZSBsaW1pdGVkIGZ1bmN0aW9u
IHJlcG9ydGVkIG9uIGFjdHVhbCB2ZXJzaW9uOgotIGh0dHA6Ly9pbmZsdXhkYi5vcmcvZG9jcy9x
dWVyeV9sYW5ndWFnZS9mdW5jdGlvbnMuaHRtbAoKdGhpcyBhZGQgc3VwcG9ydCB0bzoKLSBgY291
bnRgCi0gYG1lYW5gCi0gYG1lZGlhbmAKLSBgZGlzdGluY3RgCi0gYGZpc3RgCi0gYGxhc3RgCg==
",1,3
2014-03-26T19:02:19Z,2014-03-30T14:45:22Z,2014-03-30T14:45:22Z,0,0,"QWxsb3cgZm9yICJ1bnNhZmUiIGh0bWwgaW4gdGV4dCBwYW5lbHMuICAgIEF0IEx5ZnQgd2UgdXNl
IHRoaXMgdG8gYWRkICBodG1sIGxpbmtzIHRvIHRleHQgcGFuZWxzIHRoYXQgYWxsb3cgdXNlcnMg
dG8gbmF2aWdhdGUgYmV0d2VlbiBncmFmYW5hIGRhc2hib2FyZHMgYXMgaWYgZ3JhZmFuYSB3YXMg
YSB3aWtpLiAgCg==
",2,6
2014-03-27T13:35:03Z,2014-03-27T14:18:36Z,2014-03-27T14:18:36Z,0,44,"QWRkIHN1cHBvcnQgZm9yIHNvbWUgZ3JhcGhpdGUgZnVuY3MgSSd2ZSB1c2luZyBjdXJyZW50bHku
IHN1YnN0ciBpcyBub3QgdmVyeSBwcmV0dHkgdGhvdWdoLgo=
",1,3
2014-03-27T13:59:37Z,2014-03-27T14:17:01Z,2014-03-27T14:17:01Z,4,58,,1,3
2014-03-28T13:14:06Z,2014-03-29T09:00:41Z,2014-03-29T09:00:41Z,0,19,,1,3
2014-03-28T21:25:52Z,2014-03-29T08:59:50Z,2014-03-29T08:59:50Z,0,38,,2,4
2014-03-31T14:23:14Z,2014-03-31T16:40:46Z,2014-03-31T16:40:46Z,2,2,"QmVjYXVzZSB5b3UgY2Fubm90IGVkaXQgdGhlIGZpbGUgd2hpY2ggZG9lcyBub3QgZXZlbiBleGlz
dC4K
",1,3
2014-03-31T14:55:09Z,2014-03-31T16:35:38Z,2014-03-31T16:35:38Z,2,2,,2,4
2014-04-01T13:15:56Z,2014-04-01T13:18:28Z,2014-04-01T13:18:28Z,1,1,,1,3
2014-04-02T15:21:48Z,,2014-04-17T07:54:01Z,4,0,"UmVtb3ZlIHRoZSBjb252ZXJzaW9uIHRvIGxvY2FsIHRpbWUgd2hlbiBzZW5kaW5nIGFic29sdXRl
IHRvL2Zyb20gcGFyYW1ldGVycyB0byBncmFwaGl0ZS4gIE5vdGUgdGhhdCB0aGlzIHJldGFpbnMg
dGhlIGFiaWxpdHkgZm9yIHVzZXJzIHRvIHNldCBhIHNlcGFyYXRlIHRpbWV6b25lT2Zmc2V0IGlm
IHRoZXkncmUgY29ubmVjdGluZyB0byBhIGdyYXBoaXRlIHNlcnZlciB0aGF0IGlzbid0IHVzaW5n
IFVUQy4K
",1,3
2014-04-02T21:42:14Z,2014-04-03T10:51:27Z,2014-04-03T10:51:27Z,6,29,"Y2xvc2VzICMyNzYK
",1,4
2014-04-02T22:41:10Z,2014-04-03T06:48:11Z,2014-04-03T06:48:11Z,0,38,,0,3
2014-04-04T02:55:50Z,2014-04-05T14:15:25Z,2014-04-05T14:15:25Z,1,2,"Q3VycmVudGx5IGlmIHlvdSBoYXZlIG11bHRpcGxlIHZhbHVlcyBpbiBhIHNpbmdsZSBzZXJpZXMs
IGdyYWZhbmEgd2lsbCB1c2UgdGhlIGFnZ3JlZ2F0aW9uIGZ1bmN0aW9uIGZvciB0aGUgc2VyaWVz
IG5hbWUgZHVlIHRvIHRoZSBkZWZhdWx0IHdheSBpbmZsdXhkYiByZXR1cm5zIGNvbHVtbiBuYW1l
cy4gVGhpcyBQUiBhbHRlcnMgdGhlIEluZmx1eERCIHF1ZXJ5IChpbiBhIG5vbi1iYWNrd2FyZHMg
Y29tcGF0aWJsZSBmYXNoaW9uIHNhZGx5LCByZXF1aXJlcyBJbmZsdXhEQiAwLjUuMHJjMyBvciBn
cmVhdGVyIGZvciBjb2x1bW4gYWxpYXNpbmcpIHRvIHJldHVybiB0aGUgY29sdW1uIG5hbWUgYXMg
W1tjb2x1bW5dXV9bW2Z1bmNdXSBzbyB0aGUgY29sdW1ucyBjYW4gYmUgZGlzdGluZ3Vpc2hlZCBm
cm9tIGVhY2ggb3RoZXIgaWYgdXNpbmcgdGhlIHNhbWUgYWdncmVnYXRpb24gZnVuY3Rpb24uCg==
",2,3
2014-04-07T18:13:47Z,2014-04-07T18:21:40Z,2014-04-07T18:21:40Z,2,2,"UmVtb3ZlICJLaWJhbmEiIGxlZnQgb3ZlcnMgaW4gZGFzaGJvYXJkIGFsZXJ0cwo=
",1,3
2014-04-08T13:58:30Z,2014-04-13T13:01:24Z,2014-04-13T13:01:24Z,1,12,"V2UgaGF2ZSB1c2VycyBpbiBzZXZlcmFsIHRpbWV6b25lcyBhbmQgcnVuIGFsbCBvdXIgc2VydmVy
cyBhbmQgZ3JhcGhpdGUgaW4gVVRDLiBJbiBvcmRlciB0byBlbmFibGUgdXMgYWxsIHRvIHVzZSB6
b29tIGNvcnJlY3RseSwgSSBhZGRlZCBhbiAiYXV0byIgZmVhdHVyZSB0byB0aW1lem9uZU9mZnNl
dCB0aGF0IGRldGVybWluZXMgeW91ciBub24tRFNUIG9mZnNldCBmcm9tIFVUQyBhdXRvbWF0aWNh
bGx5LiBJIHRoaW5rIGl0IHdvcmtzIHByZXR0eSB3ZWxsLCBldmVuIGlmIGl0IGlzIGEgYml0IG9m
IGEgaGFjay4gCg==
",6,3
2014-04-09T19:57:42Z,2014-04-10T06:58:36Z,2014-04-10T06:58:36Z,1,2,"Q2F2ZWF0IGFib3V0IHVzaW5nICIqIiBpbiBDT1JTCg==
",1,3
